id;auftrag_id;marktplatz;status;grund;erstattung;erstellt_am;aktualisiert_am
1fNwzuIVnhS9lDjvehiO;32158592;ebay;eingegangen;meinungsaenderung;15,00;2026-02-26T11:59:51.000Z;
1z4nnBydwcmyTAz8rxim;;ebay;eingegangen;meinungsaenderung;32,95;2026-01-06T10:00:54.000Z;
2o9YRZO5NUtmhFSjWLn6;;ebay;eingegangen;sonstiges;44,00;2026-01-05T19:48:55.000Z;
3Lp91NTlPuo9VTWD47G0;30897156;ebay;eingegangen;sonstiges;34,52;2026-02-09T16:55:00.000Z;
3diGPEPqLy2rqztLhXni;29005322;ebay;eingegangen;meinungsaenderung;89,90;2026-01-13T13:06:46.000Z;
3gNq4hoq0FBxGwSMwpYB;29687464;ebay;eingegangen;sonstiges;90,29;2026-01-23T11:50:09.000Z;
3qxztQMIf9hHwhaUmF73;32699643;ebay;eingegangen;sonstiges;47,90;2026-03-04T22:07:26.000Z;
5uxYU12x5y7O2B8ObeKd;;ebay;eingegangen;meinungsaenderung;17,49;2025-12-30T14:53:54.000Z;
7lqBc6Zt9nsIuF29P6ac;;ebay;eingegangen;sonstiges;59,99;2026-01-06T03:38:21.000Z;
9WDAkmjiQsLsgf0Kc44z;;kaufland;eingegangen;sonstiges;74,98;2025-12-19T17:25:17Z;
AQkQ0gsAB5Ln0g0Jwlw7;;kaufland;eingegangen;nicht_wie_beschrieben;159,99;2025-12-27T12:15:23Z;
BE1wPTbh9D3QJ9gvZcO4;31828904;ebay;eingegangen;meinungsaenderung;8,04;2026-02-22T12:52:45.000Z;
Cd2bYjLa2A9CXLtfRL46;31324629;ebay;eingegangen;meinungsaenderung;15,99;2026-02-15T12:16:28.000Z;
E8vR7aoXCSH2NApQVw69;;ebay;eingegangen;sonstiges;150,00;2025-12-20T13:35:12.000Z;
EAHTD41tSRSwIaIrT2Cf;33496692;kaufland;eingegangen;nicht_wie_beschrieben;105,60;2026-03-19T20:13:55Z;
IGuIpfuJvCQ0wA8WTV1m;31837921;kaufland;eingegangen;sonstiges;60,00;2026-02-25T14:12:17Z;
Id3uv57B9JltoqTj690r;;kaufland;eingegangen;nicht_wie_beschrieben;24,35;2026-01-15T10:18:18Z;
JcdO9CUhdirqIUaGIsyu;;kaufland;eingegangen;sonstiges;17,99;2026-01-01T14:38:09Z;
KZ7Oto04UZ6YBjjzYQNn;30614950;ebay;eingegangen;meinungsaenderung;101,11;2026-02-05T16:43:38.000Z;
LqKe7BMTzOIzp9iDTTQo;g5SKIfrgJqg8AnRCeh45;ebay;eingegangen;meinungsaenderung;15,27;2026-03-15T12:36:18.000Z;
M6DW9T8csOCEVcH3nORC;30683558;ebay;eingegangen;sonstiges;17,95;2026-02-06T16:18:20.000Z;
NP58MYfBrnw9gHCdt7gH;30735500;kaufland;eingegangen;sonstiges;54,99;2026-02-24T10:37:09Z;
OAPfBRm8UWzVREeudSBC;30749410;ebay;eingegangen;meinungsaenderung;7,00;2026-02-07T18:48:47.000Z;
OvKTcLL1sJetYSJ2upMK;30608634;ebay;eingegangen;meinungsaenderung;69,99;2026-02-05T15:03:39.000Z;
RjnfUYbyoCNzImXB3OaW;;ebay;eingegangen;meinungsaenderung;89,13;2026-01-05T20:50:24.000Z;
SKQq5qSFU6P4adWp4LIJ;31545597;ebay;eingegangen;meinungsaenderung;29,95;2026-02-18T08:03:37.000Z;
SXOKXmcC5m5BCJh1tIx1;;ebay;eingegangen;meinungsaenderung;199,99;2026-01-05T22:25:29.000Z;
T5EuDN9VADMLXdILRcB5;32243715;ebay;eingegangen;sonstiges;130,78;2026-02-27T14:16:17.000Z;
TSGTOqIX4W73BxlkP5Cp;30796054;ebay;eingegangen;meinungsaenderung;10,00;2026-02-08T14:42:44.000Z;
UZdde0Q45O9Qxmsq5R6A;31925922;kaufland;eingegangen;sonstiges;29,00;2026-02-25T09:49:33Z;
VcKovgqWogYvmpnM9UWT;32579643;ebay;eingegangen;sonstiges;29,34;2026-03-03T15:40:55.000Z;
Y0NDGYYnjqAkznTto5sB;32237097;kaufland;eingegangen;nicht_wie_beschrieben;187,98;2026-03-02T09:16:15Z;
Z1qCcheYtwHk6PyuHzrx;32119643;kaufland;eingegangen;sonstiges;60,76;2026-02-28T09:57:06Z;
ZdvMh9OAjdp1Qu8KArVa;29529410;ebay;eingegangen;meinungsaenderung;38,50;2026-01-21T00:46:06.000Z;
aKmOTjjyfgXcULxoBNpI;30818568;ebay;eingegangen;meinungsaenderung;70,00;2026-02-09T16:40:29.000Z;
cdkRqWbfUAzMCJyVRKtL;30364313;ebay;eingegangen;meinungsaenderung;50,00;2026-02-02T13:31:06.000Z;
dd8cWi7uY90lYODhDJxv;;ebay;eingegangen;sonstiges;40,49;2026-01-02T19:44:46.000Z;
dq5Eq8HzqwwgFb6Jwzvg;30700608;ebay;eingegangen;sonstiges;100,00;2026-02-06T21:22:32.000Z;
ebay__01-14441-33745;ebay__01-14441-33745;ebay;eingegangen;meinungsaenderung;9,99;2026-03-28T19:55:07.000Z;
ebay__02-14480-35562;ebay__02-14480-35562;ebay;eingegangen;meinungsaenderung;229,00;2026-04-06T22:59:31.000Z;
ebay__02-14595-36651;ebay__02-14595-36651;ebay;eingegangen;meinungsaenderung;19,99;2026-05-02T14:59:18.000Z;
ebay__03-14359-84101;nsqMaPeiVdgyEZtOaS1s;ebay;eingegangen;meinungsaenderung;55,39;2026-03-11T11:12:20.000Z;
ebay__03-14523-58106;ebay__03-14523-58106;ebay;eingegangen;meinungsaenderung;4,99;2026-04-16T18:28:57.000Z;
ebay__04-14462-28169;ebay__04-14462-28169;ebay;eingegangen;meinungsaenderung;32,89;2026-04-03T14:33:25.000Z;
ebay__04-14492-32078;ebay__04-14492-32078;ebay;eingegangen;meinungsaenderung;159,95;2026-04-10T07:01:40.000Z;
ebay__04-14599-74033;ebay__04-14599-74033;ebay;eingegangen;meinungsaenderung;32,90;2026-05-04T09:31:15.000Z;
ebay__06-14536-84085;ebay__06-14536-84085;ebay;eingegangen;meinungsaenderung;24,95;2026-04-20T17:39:30.000Z;
ebay__06-14594-58014;ebay__06-14594-58014;ebay;eingegangen;meinungsaenderung;22,00;2026-05-03T20:47:03.000Z;
ebay__07-14622-46378;ebay__07-14622-46378;ebay;eingegangen;meinungsaenderung;17,00;2026-05-10T12:09:26.000Z;
ebay__08-14500-48749;ebay__08-14500-48749;ebay;eingegangen;meinungsaenderung;9,26;2026-04-13T14:15:32.000Z;
ebay__08-14511-59037;ebay__08-14511-59037;ebay;eingegangen;meinungsaenderung;123,00;2026-04-15T20:19:26.000Z;
ebay__09-14561-34543;ebay__09-14561-34543;ebay;eingegangen;meinungsaenderung;22,50;2026-04-27T12:11:45.000Z;
ebay__09-14699-32409;ebay__09-14699-32409;ebay;eingegangen;meinungsaenderung;28,06;2026-05-28T20:49:48.000Z;
ebay__10-14627-24215;ebay__10-14627-24215;ebay;eingegangen;meinungsaenderung;5,00;2026-05-12T12:55:19.000Z;
ebay__12-14574-41305;ebay__12-14574-41305;ebay;eingegangen;meinungsaenderung;19,99;2026-05-01T07:04:12.000Z;
ebay__12-14574-53858;ebay__12-14574-53858;ebay;eingegangen;meinungsaenderung;59,00;2026-05-01T08:11:34.000Z;
ebay__13-14456-82477;ebay__13-14456-82477;ebay;eingegangen;meinungsaenderung;135,00;2026-04-05T12:45:24.000Z;
ebay__13-14462-14152;ebay__13-14462-14152;ebay;eingegangen;meinungsaenderung;113,16;2026-04-06T15:26:16.000Z;
ebay__13-14686-13071;ebay__13-14686-13071;ebay;eingegangen;meinungsaenderung;135,39;2026-05-27T07:05:36.000Z;
ebay__13-14730-41460;ebay__13-14730-41460;ebay;eingegangen;meinungsaenderung;119,98;2026-06-06T12:41:24.000Z;
ebay__14-14702-61828;ebay__14-14702-61828;ebay;eingegangen;meinungsaenderung;32,83;2026-05-31T17:01:45.000Z;
ebay__16-14408-95592;ebay__16-14408-95592;ebay;eingegangen;meinungsaenderung;62,89;2026-03-26T13:29:57.000Z;
ebay__16-14418-95287;ebay__16-14418-95287;ebay;eingegangen;meinungsaenderung;29,97;2026-03-28T19:56:29.000Z;
ebay__17-14706-46953;ebay__17-14706-46953;ebay;eingegangen;meinungsaenderung;20,92;2026-06-02T12:37:41.000Z;
ebay__19-14677-21353;ebay__19-14677-21353;ebay;eingegangen;meinungsaenderung;13,96;2026-05-27T12:27:14.000Z;
ebay__19-14694-23540;ebay__19-14694-23540;ebay;eingegangen;meinungsaenderung;40,00;2026-05-31T15:03:32.000Z;
ebay__20-14403-25267;ebay__20-14403-25267;ebay;eingegangen;meinungsaenderung;30,49;2026-03-26T14:27:26.000Z;
ebay__20-14511-26614;ebay__20-14511-26614;ebay;eingegangen;meinungsaenderung;123,00;2026-04-19T20:29:45.000Z;
ebay__20-14581-72155;ebay__20-14581-72155;ebay;eingegangen;meinungsaenderung;174,40;2026-05-05T16:21:56.000Z;
ebay__20-14584-70491;ebay__20-14584-70491;ebay;eingegangen;meinungsaenderung;10,00;2026-05-06T07:41:54.000Z;
ebay__23-14548-94458;ebay__23-14548-94458;ebay;eingegangen;meinungsaenderung;29,54;2026-04-29T07:39:22.000Z;
ebay__23-14674-96213;ebay__23-14674-96213;ebay;eingegangen;meinungsaenderung;3,14;2026-05-28T10:33:28.000Z;
ebay__25-14382-06585;ebay__25-14382-06585;ebay;eingegangen;meinungsaenderung;108,00;2026-03-23T13:39:20.000Z;
ebay__25-14524-15999;ebay__25-14524-15999;ebay;eingegangen;meinungsaenderung;27,99;2026-04-24T04:49:43.000Z;
ebay__25-14541-27349;ebay__25-14541-27349;ebay;eingegangen;meinungsaenderung;19,99;2026-04-28T07:18:59.000Z;
ebay__25-14559-16059;ebay__25-14559-16059;ebay;eingegangen;meinungsaenderung;59,00;2026-05-02T08:27:52.000Z;
gAiktFytPpsrWVSUSuJp;30448974;ebay;eingegangen;sonstiges;39,00;2026-02-03T14:38:26.000Z;
hgCKoTt3HVpHN43eC0FS;;ebay;eingegangen;meinungsaenderung;60,00;2025-12-22T17:00:10.000Z;
hhzbu4k2N2xjYm63GeBm;32503615;kaufland;eingegangen;nicht_wie_beschrieben;75,94;2026-03-12T21:36:22Z;
ho7pX7ldrtany9QfhWs4;32687694;ebay;eingegangen;sonstiges;52,50;2026-03-04T19:33:32.000Z;
jPFzpTt71RsXiV5O37QS;32024923;ebay;eingegangen;meinungsaenderung;205,29;2026-02-24T17:33:18.000Z;
jzXnksKwRDnaA2iRxd5b;;kaufland;eingegangen;sonstiges;65,99;2026-01-24T09:13:41Z;
kaufland__1738659;33422612;kaufland;eingegangen;sonstiges;70,62;2026-03-22T17:45:49Z;
kaufland__1750463;kaufland__MWQ47Q5;kaufland;eingegangen;nicht_wie_beschrieben;22,05;2026-04-20T10:27:39Z;
kaufland__1756678;kaufland__ME8WW55;kaufland;eingegangen;sonstiges;76,50;2026-05-04T10:30:21Z;
kaufland__1757198;kaufland__MKD5G55;kaufland;eingegangen;sonstiges;17,99;2026-05-05T13:38:49Z;
kaufland__1757243;kaufland__M16KBB5;kaufland;eingegangen;nicht_wie_beschrieben;80,22;2026-05-05T14:31:33Z;
kaufland__1761619;kaufland__M8E5ZB5;kaufland;eingegangen;nicht_wie_beschrieben;12,56;2026-05-15T07:58:10Z;
kaufland__1766238;kaufland__MKGTLC5;kaufland;eingegangen;sonstiges;41,70;2026-05-27T15:56:13Z;
kaufland__1769901;kaufland__MQPRUU5;kaufland;eingegangen;sonstiges;24,49;2026-06-04T14:28:46Z;
kaufland__1771617;kaufland__MPYQGU5;kaufland;eingegangen;nicht_wie_beschrieben;15,77;2026-06-09T06:17:00Z;
ki3gLY9Nu1YlY3T6gLP6;YwinBqNFpqMkWkN0NOij;ebay;eingegangen;meinungsaenderung;30,39;2026-03-15T16:40:28.000Z;
klat7zDU8nZigbm8baLO;32697878;kaufland;eingegangen;nicht_wie_beschrieben;75,66;2026-03-10T12:57:42Z;
mYCAI4jXiZks4KstKjSQ;29753392;ebay;eingegangen;sonstiges;26,04;2026-01-24T18:09:46.000Z;
nkzEoiTkRFqJLpC6EbqF;30931320;ebay;eingegangen;meinungsaenderung;13,96;2026-02-09T17:57:33.000Z;
oEZ5eiTQNuJ4CtJPquOB;31170546;ebay;eingegangen;meinungsaenderung;22,60;2026-02-12T17:48:32.000Z;
oMkacqR7dj5QOfSp3Eyx;30979813;kaufland;eingegangen;sonstiges;49,98;2026-02-17T18:30:26Z;
oPCBvd7J0s3jkJjz7mnw;30674443;kaufland;eingegangen;sonstiges;62,99;2026-02-17T18:24:13Z;
ovaNZ76nqHgDngangsZT;29984280;ebay;eingegangen;meinungsaenderung;70,00;2026-01-27T21:21:41.000Z;
ow5GeZkuPxPyiXIrUkB4;;ebay;eingegangen;meinungsaenderung;12,00;2026-01-02T12:40:32.000Z;
rQzt8D46w7dsYL9ARk7U;30495392;kaufland;eingegangen;sonstiges;99,99;2026-02-24T13:51:24Z;
sSoW8VFeR1HHo8qHrB7U;32432176;kaufland;eingegangen;nicht_wie_beschrieben;75,66;2026-03-04T20:18:21Z;
wIwfV4ddZlnrKQGcgJky;30505629;ebay;eingegangen;meinungsaenderung;109,99;2026-02-04T10:19:16.000Z;
wJKUi33vHCWawHARmcT7;30461100;ebay;eingegangen;meinungsaenderung;52,49;2026-02-03T17:37:31.000Z;
xRJdiU3fOS568fzuhaW3;32249723;ebay;eingegangen;sonstiges;21,48;2026-02-27T16:07:32.000Z;
