id;auftrag_id;carrier;tracking;status;erstellt_am
018nzNsiLTNldakPOGI3;kaufland__M4G9W55;dp;A0062B01C50000000353;ausstehend;2026-04-27T10:06:17.075Z
04J6O3EIbIurhY2VR8pc;ebay__20-14666-38753;dpd;01596814722284;Delivered;2026-05-26T08:23:50.255Z
04TQeqcF3fUGrAZVptmJ;ebay__19-14610-74026;dp;A0062B01C500000008B1;Delivered;2026-05-12T10:12:19.628Z
06Z1FonQlbaUHe2s6s2L;30248494;dpd;01596818444792;Delivered;2026-03-10T01:06:00.031Z
08NlkUVDZyAhz6Dtf4cS;ebay__07-14622-46378;dp;A0062B01C50000000884;Delivered;2026-05-11T11:48:04.831Z
09LMVepqEBNU88jBQgAe;31709575;dpd;01596819520146;Delivered;2026-03-10T01:04:02.798Z
0BaVDcIkUcb20FWQY4kc;ebay__23-14441-81606;dpd;01596811942020;Delivered;2026-04-05T15:16:42.925Z
0CEs9GJeKUteTdHFOOOr;ebay__11-14642-42084;dpd;01596814238728;Delivered;2026-05-16T14:55:57.124Z
0EVrz90JKVuvJofsqORd;kaufland__MK175T5;dhl_de;00340434887954500882;Delivered;2026-05-21T16:00:26.610Z
0Eem6D6Vfoav3bL590pi;ebay__14-14724-05697;dpd;01596815336008;Delivered;2026-06-05T12:09:14.535Z
0GHcZlQEoIlGuIANPzRK;29761161;dpd;01596818080821;Delivered;2026-03-10T01:06:25.939Z
0HWdcScKWJMfP3bTmDrU;ebay__15-14701-39194;dhl_de;00340434887954500967;Delivered;2026-06-01T12:09:10.933Z
0KJJVwZhUjwG40QyTrUL;ebay__25-14679-83612;dpd;01596815007517;Delivered;2026-05-31T12:51:43.141Z
0R29D01H4T7sLEWDrcHt;30222927;dpd;01596818348798;Ready to send;2026-03-10T01:06:03.497Z
0SHMhcd7JA7NJ0VRXorL;kaufland__MXD4G95;dpd;01596811925235;Delivered;2026-04-03T11:07:08.970Z
0YKkzpicaLS3qOwIIXZh;30236867;dpd;01596818349886;Delivered;2026-03-10T01:06:03.292Z
0e2z95xUBlboaeMDTgFW;31871693;dhl_de;00340434887954500097;Delivered;2026-03-10T01:04:01.514Z
0gjZpwVd6OtE3RHwP2kt;kaufland__M1WQCT5;dpd;01596814586694;Delivered;2026-05-21T16:10:44.831Z
0grGwr7afYz2eoiRpywc;30657751;dpd;01596818729817;Delivered;2026-03-10T01:05:37.633Z
0hzFMMH81b7lRtsNEntH;ebay__23-14776-71304;dpd;01596816182361;Delivered;2026-06-22T08:03:52.277Z
0rY8lY4AdWRUFscx6KRR;ebay__20-14530-14723;dhl_de;00340433917162400115;Delivered;2026-04-27T10:23:24.938Z
0tFRuNCfTYjS5sJkVyjK;ebay__16-14725-89083;dpd;01596815438768;Delivered;2026-06-08T10:45:10.685Z
0xi5QEjrkhiNNLGYA8t5;kaufland__MFFEQT5;dpd;01596814497306;Delivered;2026-05-20T11:05:22.414Z
11AtXsug48ptEu3qQ5XV;kaufland__M564PB5;dp;A0062B01C500000003D8;Delivered;2026-04-28T18:55:49.705Z
19JeSuPyBBpybwpAQ5G6;ebay__16-14408-95592;dpd;01596811511624;Delivered;2026-03-26T16:03:13.378Z
1DXR1aMxqJIdD899p0U1;kaufland__M435W55;dp;A0062B01C50000000375;Delivered;2026-04-27T10:09:15.541Z
1IEJ8Mtte3u2bRD1FfHb;ebay__01-14724-20809;DP;;problem;2026-06-01T12:05:43.126Z
1J6z1RaGt5ZmzD2BNbwS;ebay__08-14484-24624;dpd;01596812268705;Delivered;2026-04-10T11:45:36.494Z
1Qqf3zywTQVQVWVORrwx;31180684;dpd;09447010153192;Delivered;2026-03-10T01:04:37.254Z
1W5uRrOrjulc68ay9aXl;31685397;dpd;01596819519578;Delivered;2026-03-10T01:04:03.777Z
1aMjAFY1Y1hXbinHYgXF;ebay__06-14719-96316;dpd;01596815186167;Awaiting customer pickup;2026-06-02T14:48:12.656Z
1bomvfw7DwlyJxQ5MsVf;ebay__27-14471-97377;dpd;01596812537969;ausstehend;2026-04-15T10:18:12.004Z
1ebn05CDG9oZTHfTXvbb;ebay__13-14462-14152;dpd;01596811961410;Delivered;2026-04-06T17:13:23.103Z
1lZFkrj9PIckYhnggrUS;ebay__26-14434-87001;DPD;;problem;2026-04-05T15:03:22.611Z
1nrucF4wRKEilq4vohFf;kaufland__M9G5G55;dp;A0062B01C50000000203;Delivered;2026-04-23T12:33:04.193Z
21oqfKa2HgbwBMuiAkZs;31170546;dhl_de;00340434518154897129;Delivered;2026-03-10T01:04:41.563Z
22Jl3MwkA4BzyxBCwSN1;kaufland__MUCZZ55;dp;A0062B01C500000002D7;ausstehend;2026-04-27T09:58:48.577Z
26QMvPKG5alF9qSChz63;31164440;dpd;;Announcement failed;2026-03-10T01:04:38.938Z
28BrnX7xsIuACvX59qlO;kaufland__MCXDFB5;dp;A0062B01C500000005A3;Delivered;2026-05-03T09:05:41.810Z
2CNCHZZJMZ9HobJPrkHN;ebay__03-14735-26586;dp;A0062B01C50000000B86;Delivered;2026-06-05T11:35:49.408Z
2FXZz3OHNjhMG0A66wPk;ebay__21-14604-29652;dhl_de;00340434887954500851;Awaiting customer pickup;2026-05-11T12:02:58.833Z
2JXm0OWWkeVxvdMvl4wL;ebay__26-14576-27982;dpd;01596813746503;Delivered;2026-05-06T12:57:21.750Z
2KHqbXCnJTimifG5TOqV;kaufland__MU3X895;dpd;01596811941993;Delivered;2026-04-05T15:10:41.780Z
2NScNMh6jtlhP1mN7mDb;ebay__14-14702-61828;dpd;01596815096600;Delivered;2026-06-01T11:56:46.015Z
2PjVLnovQE5ZkK3ai5bG;30628135;dpd;01596818729566;Delivered;2026-03-10T01:05:37.839Z
2TCG3nT2PpWtrB58GTKO;ebay__16-14570-02088;dpd;01596813453755;Delivered;2026-05-03T09:32:32.253Z
2al8vBpEJjRuMCNh3xYD;kaufland__MK549Q5;dpd;01596812270112;Delivered;2026-04-10T12:09:09.232Z
2cUmoAOsCvxtZNp6jMLd;30931627;dpd;01596818908818;Delivered;2026-03-10T01:05:02.555Z
2nIZEWbrsA5wyC2sg3dG;ebay__27-14724-77352;dpd;01596815617669;Delivered;2026-06-10T16:28:05.886Z
2nKbnxo3h57L4M3X8S6t;31324629;dpd;01596819242617;Delivered;2026-03-10T01:04:36.358Z
2nQNDbVFKqONaoJVbt6i;kaufland__MWXABT5;dhl_de;00340434887954500875;Delivered;2026-05-21T15:57:47.524Z
2w1PqhQ6rRhfi49ImDa2;ebay__23-14615-89480;dhl_de;00340433917162400337;Awaiting customer pickup;2026-05-15T12:30:42.005Z
2xS2g2nkXBtR6NpdjxeC;29923283;dpd;01596818135242;Delivered;2026-03-10T01:06:25.512Z
31k8ituylkvowwyySBQz;OmrgMM6C3KXJZh3nLVqw;dpd;01596811002741;Delivered;2026-03-18T11:15:11.218Z
37yUGkVE5ZasLIVMkrv2;ebay__07-14735-40188;dhl_de;00340434887954501001;Delivered;2026-06-05T12:18:16.087Z
3CptjAynKAgwQBuxEBzF;ebay__18-14583-95160;dp;A0062B01C50000000730;Delivered;2026-05-06T12:52:29.338Z
3DTzSDY1EzJ0kDrnwMt1;ebay__04-14596-97779;DPD;;problem;2026-05-04T10:02:31.221Z
3DsZxMSXzYD8mZiKPbyQ;ebay__21-14649-90508;dhl_de;00340433917162400429;Delivered;2026-06-09T13:30:21.820Z
3EiFy51QojvmxxVE8BNW;31164440;dpd;;Announcement failed;2026-03-10T01:04:37.920Z
3F0P9UN9mckwkp4VpYQi;ebay__22-14519-83923;dp;A0062B01C500000001E6;Delivered;2026-04-22T11:28:41.773Z
3Qgkd8HlfihMyb8ymLxn;33389889;DHL;00340433917162400085;ausstehend;2026-03-13T16:47:22.585Z
3URvzky887WSKKOXYr0f;ebay__17-14454-49092;dp;A0062B01C50000000064;ausstehend;2026-04-06T17:03:58.677Z
3YsXRUEjuHwbwcF6XFPV;kaufland__MUYLS55;dhl_de;00340434887954500738;Delivered;2026-04-23T11:38:42.447Z
3ejHLYZ82As9hMeA1OwX;32193004;dhl_de;00340434887954500196;Delivered;2026-03-10T01:03:40.315Z
3jQpGS5A9ot7gvjZrvrq;kaufland__MKW69C5;DP;;cancelled;2026-05-11T12:03:06.204Z
3lGUhUp7O8TesmGGMRXW;ebay__17-14624-79298;DHL;00340433917162400351;Delivered;2026-05-15T12:54:43.553Z
3pampgs0O0aEcQ38SsuM;ebay__21-14614-75188;dhl_de;00340433917162400344;Awaiting customer pickup;2026-05-15T12:42:17.067Z
40aHGH4FcritbApbJPsy;kaufland__MTSYL55;dpd;01596813024254;Delivered;2026-04-23T12:06:29.903Z
43K8u5DcbjCqDL9iW91O;kaufland__MLGCX95;dp;A0062B01C500000000B0;Delivered;2026-04-06T17:10:55.388Z
43jkx0cpvSqduqnyJBin;31529909;dpd;01596819381705;Delivered;2026-03-10T01:04:25.893Z
43jxhWknImZLBBPDU0to;kaufland__MRLKZB5;dp;A0062B01C50000000749;Delivered;2026-05-06T13:37:06.158Z
45j5POiyI9FGwi7a2AlB;kaufland__MLZBSC5;dhl_de;00340433917162400320;Delivered;2026-05-15T12:26:53.370Z
4BcMTBCHrNjUeWB0TefR;ebay__27-14437-44327;dhl_de;00340434887954500684;cancelled;2026-04-07T12:44:17.812Z
4IxYqbK8hZPqAtnmLnW1;ebay__14-14710-39243;dp;A0062B01C50000000ADB;Delivered;2026-06-02T13:55:59.417Z
4R26ifpDeTQX5nR29wU6;ebay__01-14724-20809;dhl_de;00340434887954500950;ausstehend;2026-06-01T12:03:56.578Z
4ReOS9dQQ58K1pTrEqL8;kaufland__MYPYQB5;dp;A0062B01C50000000458;Delivered;2026-04-29T08:20:06.291Z
4W6ztsUWwrHeMq3fg2p2;ebay__27-14556-69494;dp;A0062B01C500000005DC;Delivered;2026-05-03T09:15:18.323Z
4YA9dHdqSTIVuqTAcuiv;ebay__22-14447-46932;dpd;01596811961582;Delivered;2026-04-06T17:18:30.539Z
4YucVkUIG50miMISgkqR;kaufland__M3ZZSQ5;dpd;01596812632271;Delivered;2026-04-16T15:14:50.418Z
4dtQOKOU1G1rhu8nEXHk;33091261;dpd;01596810535556;Ready to send;2026-03-10T17:06:16.632Z
4fcAkiXS42ai7w5qBLMt;ebay__04-14561-60720;dp;A0062B01C500000002CE;ausstehend;2026-04-27T09:56:14.022Z
4mOjNxc2RuwHe7NxCS2p;ebay__16-14525-45108;dp;;cancelled;2026-04-21T14:20:40.868Z
4oMdLKCW2tiRrUtEJQWm;31157986;dpd;01596819148084;Delivered;2026-03-10T01:04:41.176Z
53aaQu0YaMpgjARvDSpF;33127936;dpd;01596810535581;Ready to send;2026-03-10T17:06:16.572Z
58D0nTNuGC7cHH4vs8Fy;ebay__01-14444-70677;dhl_de;00340434887954500615;cancelled;2026-03-30T10:51:05.063Z
5H3O4KEh3FzvrLQog6IA;ebay__26-14488-75696;dp;A0062B01C50000000199;Delivered;2026-04-17T12:57:17.944Z
5I84bVHDGP8H2DZahvpI;ebay__22-14522-39995;dpd;01596813022858;Delivered;2026-04-23T11:50:33.499Z
5IIjzMWrAozhIivixfgO;ebay__03-14733-66376;dpd;01596815257029;Delivered;2026-06-03T14:24:03.779Z
5JFB0YKPKjsZZDmlMADX;31018220;dpd;01596819010362;Delivered;2026-03-10T01:04:42.369Z
5MUsLEmfxbWpJE0heVA1;31302015;dpd;01596819243632;Delivered;2026-03-10T01:04:28.098Z
5TdTM5hR1BKTSwECH6PV;31164440;dpd;;Announcement failed;2026-03-10T01:04:37.573Z
5d4BsCEmsPbudkb4x3ky;30712900;dpd;01596818753420;Delivered;2026-03-10T01:05:36.348Z
5eSEUvXFjlrZIOCK917Z;ebay__09-14482-30265;dpd;01596812269442;ausstehend;2026-04-10T11:57:10.925Z
5ecqzcQr2hpaduacRKYl;kaufland__MFLH7U5;DP;;problem;2026-06-02T13:54:41.830Z
5gFRVLRbApN9IsHrknnA;kaufland__MRPUYC5;dpd;01596814337184;Delivered;2026-05-18T11:47:48.656Z
5hc5mqHrsqLReIclWS7q;ebay__25-14524-15999;dhl_de;00340433917162400184;Delivered;2026-04-27T11:10:41.384Z
5lXfh8i3JfNBZOljMmYr;30252533;dpd;01596818445318;Delivered;2026-03-10T01:05:56.032Z
5opxwjtdhNC8hw3LeEMr;kaufland__MS7BZC5;dhl_de;00340434887954500868;Delivered;2026-05-18T11:27:55.857Z
5pFXhgRsumJhzEhD0icm;ebay__13-14456-41033;dhl_de;00340434887954500660;Delivered;2026-04-05T15:44:33.160Z
5zP6hy59M6I7vecq0yxp;ebay__19-14638-49005;dhl_de;00340433917162400368;Awaiting customer pickup;2026-05-18T11:43:52.667Z
5zxtKkUZFAEjj0RimxtB;ebay__23-14477-20262;dpd;01596812368114;cancelled;2026-04-13T10:08:52.080Z
65eGbkhrR3GoEA8ZiCrf;ebay__23-14439-38436;DPD;;problem;2026-04-05T15:44:38.742Z
6CtP1mHPncIviCJ9nizw;ebay__20-14554-00541;dp;A0062B01C5000000048C;Delivered;2026-04-29T12:40:59.747Z
6J9LKQt7GFfty453Ofer;kaufland__MULXFB5;dp;A0062B01C500000005B6;Delivered;2026-05-03T09:07:38.582Z
6hUgmb9OLYmnKerwogzL;29908389;dpd;01596818136616;Delivered;2026-03-10T01:06:14.331Z
6mcjGeP121bKYj2Sk6eP;30364313;dpd;01596818446014;Delivered;2026-03-10T01:05:53.133Z
6p2f9eL7SPSBzX7dwrJ8;Q4GuOCVu1TEWmxxTLolK;dhl_de;;problem;2026-03-18T12:23:57.763Z
6qN6pXX39mQ2JCfVKIzi;kaufland__MB7ZSQ5;DP;;problem;2026-04-13T17:26:44.943Z
6rJTlEGDlz8GBvYZoKJJ;ebay__20-14718-16497;dp;A0062B01C50000000BC0;Delivered;2026-06-08T11:03:49.048Z
6s3BS6jq2OhbQrv620JL;ebay__01-14674-86863;dpd;01596814498506;Delivered;2026-05-20T11:17:20.109Z
6sW6s2OeNw8gJohKEPmd;ebay__19-14676-74130;dp;A0062B01C500000009CD;Delivered;2026-05-28T08:59:41.030Z
78EzzrPSC7aS9afqBLYU;33127936;dhl_de;00340434887954500363;cancelled;2026-03-10T16:13:46.614Z
78kXuju0ugwV7q9qrqFc;ebay__12-14481-49136;dp;A0062B01C500000000E9;Delivered;2026-04-11T11:47:26.209Z
7Cs9t4vxCKmPdsMw3b92;ebay__25-14690-25782;dpd;01596815184780;Delivered;2026-06-02T14:09:16.605Z
7K7a0uBtELMLpNOhHRJU;30677672;dpd;01596818730890;Delivered;2026-03-10T01:05:37.414Z
7OiKQCBOxGosgV2OeuAI;ebay__13-14782-13602;DHL;;cancelled;2026-06-18T13:46:53.393Z
7RATTPATY9nZlUeOuzCw;kaufland__MXWSG55;dhl_de;00340434887954500752;cancelled;2026-04-23T12:56:26.626Z
7Rr539JUccXsa7QnPJuj;kaufland__MPAYGB5;dp;A0062B01C50000000619;Delivered;2026-05-03T12:52:04.239Z
7dM9d3s5ibPy5QfJQ75s;ebay__22-14568-84170;dpd;01596813534993;Delivered;2026-05-04T09:41:24.276Z
7dgwNNbL4awqUYodxH2S;31736297;dhl_de;00340434887954500042;Delivered;2026-03-10T01:04:02.288Z
7ecEOOwqRWZGuuh71NXw;30334065;dpd;01596818457646;Delivered;2026-03-10T01:05:42.035Z
7fUClCqMSqOU4kiRmvKh;31854860;dhl_de;00340434887954500103;Delivered;2026-03-10T01:04:01.396Z
7hRysAUHgI1pqqlVHlLu;30208731;dpd;01596818348553;Delivered;2026-03-10T01:06:03.860Z
7hWccGP4WyT9zNUfCkX0;ebay__01-14575-80717;dp;A0062B01C50000000414;Delivered;2026-04-28T19:03:22.682Z
7hmjczhQJUSgk4hN1vgi;31831865;dpd;01596819626276;Delivered;2026-03-10T01:04:01.202Z
7mOBRZXXF7A6zDRnIR4H;kaufland__M6LGGB5;dp;A0062B01C5000000060A;Delivered;2026-05-03T11:18:44.179Z
7vrSSi1LdEfo01Vbc8SR;ebay__24-14448-81777;dp;A0062B01C50000000028;Delivered;2026-04-04T12:36:57.775Z
7zbyimNaIF9aHU3Ps5Or;ebay__16-14686-82209;dp;A0062B01C50000000A65;Delivered;2026-05-31T12:21:04.505Z
81xAtPceDn0AyUQINoJN;ebay__17-14580-35780;dhl_de;00340433917162400221;Delivered;2026-05-04T13:36:48.588Z
85M2b1u9xznQaDsRsjTP;ebay__25-14432-03395;dpd;01596811935066;Delivered;2026-04-04T13:14:38.790Z
8CU3ZmhV2ubdnY7hF4ob;ebay__04-14596-97779;DPD;;problem;2026-05-04T10:02:31.495Z
8CyyMtVIbttwzmWDGFuv;ebay__13-14600-03055;dpd;01596813818354;Delivered;2026-05-07T13:00:46.577Z
8FNDW1HZQZ7A6ZuqezvB;o3nkUxSp4plBEszaH2A6;dhl_de;;problem;2026-03-18T12:13:37.083Z
8FRtXJEdmCbylYZ6gQ00;31610708;dpd;01596819461249;Delivered;2026-03-10T01:04:25.436Z
8Nn5PDKVX1osgsHUe9zH;kaufland__MF3W3B5;dp;A0062B01C500000003EB;Delivered;2026-04-28T18:56:34.412Z
8Q0fJ6galtRUBdg2nRwo;kaufland__MYB3495;dhl_de;00340434887954500547;Delivered;2026-03-28T12:53:25.050Z
8QlOmrWrakQZJkWMzmdR;kaufland__MWPDKB5;dp;A0062B01C5000000063F;Delivered;2026-05-04T10:43:08.725Z
8SsX3NpgcCWCDv7N4lx2;ebay__17-14454-19273;dp;A0062B01C500000000A5;Delivered;2026-04-06T17:09:43.243Z
8Y0vMNkx9ncPEZyelJzV;ebay__23-14477-20262;dpd;01596812369108;Delivered;2026-04-13T10:14:41.549Z
8aZxAJrCBaomjsCmKNPq;31164440;dpd;;Announcement failed;2026-03-10T01:04:40.403Z
8fZ1JtN3o8CMCW8GuMO9;o3nkUxSp4plBEszaH2A6;dhl_de;;problem;2026-03-18T11:37:37.109Z
8rDndfKmIvtqjPbyBBIX;ebay__20-14584-70491;dpd;01596813747388;Delivered;2026-05-06T13:12:21.195Z
8rXDnLXxXgYNBOINthcR;ebay__12-14441-12454;dpd;01596811856006;Delivered;2026-04-01T14:31:35.928Z
8t843G9YRIBb3AfbzM6Q;40iT4bjgkm5UPsI8VhFW;DPD;;problem;2026-03-24T18:12:09.815Z
95XEBSVzNdtm9n49p4le;30861485;dpd;01596818851346;Delivered;2026-03-10T01:05:06.532Z
96ytNpN3BFohfwPd5yhT;ebay__10-14430-11653;dhl_de;00340434887954500578;cancelled;2026-03-30T10:39:13.188Z
9EJpqLsfofBkFetmIpPR;30258729;dpd;01596818443988;Delivered;2026-03-10T01:06:03.044Z
9OpEfC8sqk4CVJUHU5Ni;ebay__21-14649-90508;dpd;01596815538054;cancelled;2026-06-09T13:29:42.975Z
9dGps3PzjcTKCct5d2JT;ebay__06-14772-14988;dpd;01596815807704;Delivered;2026-06-15T08:23:58.311Z
9h72rV6EBQRP2Ssg8c6n;ebay__24-14732-36843;dp;A0062B01C50000000BB3;Delivered;2026-06-08T11:00:56.835Z
9kLKduvIWpLjhYIaJEKt;ebay__07-14709-71944;dpd;01596815008311;Delivered;2026-05-31T13:35:35.620Z
9l6vpQLkQ1WfSPBRPM18;seIvjAkeNbUJ7DcTEfTk;DHL;00340434887954500455;Delivered;2026-03-17T15:53:22.497Z
9oGrIeaQEy4sfwie0BVU;ebay__18-14779-02139;DP;;problem;2026-06-22T07:22:37.554Z
9qXOa6PLf2DtUTyDGhgc;ebay__04-14618-33687;dhl_de;00340433917162400290;Delivered;2026-05-08T13:27:53.767Z
9uJ9ovRJnKVPsjuGwDQn;kaufland__MY81PQ5;dpd;01596812270135;Delivered;2026-04-10T12:09:42.997Z
9wvwAivssmHALA8gp1aa;kaufland__M34ADB5;dpd;01596813296389;Delivered;2026-04-28T19:31:31.973Z
9z0gEKAmEYRrlgYctD0m;ebay__10-14811-87799;dhl_de;00340433917162400511;Delivered;2026-06-29T11:35:20.297Z
A0V0R86Kr1QCB1mmu2jS;33098830;dpd;01596810532679;Ready to send;2026-03-10T15:29:30.054Z
A38Gh4WQN87OryeTRkta;29662993;dpd;01596817969271;Delivered;2026-03-10T01:06:27.891Z
A4KiiJ1CvfzzxQDlCntW;ebay__15-14649-69685;dpd;01596814425722;Delivered;2026-05-19T11:56:34.675Z
A624YL4jSpBIquW0pcLv;ebay__01-14582-82032;dpd;;problem;2026-04-29T08:04:28.584Z
A9UWWuvZM2O6qT2vFpEa;ebay__04-14731-07094;dpd;01596815257626;Delivered;2026-06-03T14:40:41.233Z
ALr26R2B3qOtFnnEP6j9;ebay__20-14701-08278;dpd;01596815684518;Delivered;2026-06-11T15:25:36.548Z
APPxxtHdpSwhlbPKBOU3;ebay__26-14434-87001;DPD;;problem;2026-04-05T15:03:22.217Z
APf00qRbzLYSCdzSC5kr;ebay__24-14595-64682;dp;A0062B01C5000000077C;Delivered;2026-05-07T11:32:32.929Z
AQZJmvLlC8N7izTBuUio;kaufland__M4G9W55;dp;A0062B01C50000000340;ausstehend;2026-04-27T10:06:17.037Z
ASMoVsM7eH61uDoxcKne;ebay__16-14704-36891;DP;;problem;2026-06-02T14:12:48.944Z
ASlFxtJneOFaKbhuokTd;33159512;dpd;01596810599751;Ready to send;2026-03-11T13:05:51.116Z
Aa6oGFJzIW1zHgESOBaO;kaufland__M7CTG55;dp;A0062B01C50000000210;Delivered;2026-04-23T12:55:45.981Z
AakYX42TiUKg5UhibBA4;ebay__23-14439-38436;dpd;01596811942266;problem;2026-04-05T15:03:22.424Z
AcNZyouH1i34IB6731bk;ebay__13-14686-13071;DHL;;cancelled;2026-05-28T08:32:48.818Z
AdYNvPpw2YgfDCe62bV4;ebay__27-14466-89155;dhl;356711263144;problem;2026-04-13T17:55:50.988Z
AdiU8MhSUGfqv5KurA7W;ebay__09-14494-71116;dp;A0062B01C5000000014D;Delivered;2026-04-13T10:51:27.830Z
AeYSyyyvf8HEXgzWexXP;ebay__20-14736-47038;DPD;;problem;2026-06-11T15:28:34.042Z
AfqQEHycysaAecEuy9B2;31442628;dpd;01596819254159;Delivered;2026-03-10T01:04:28.026Z
Ak4aGm9ScSVGs22FxQxv;kaufland__MKLZA55;dhl_de;00340433917162400177;Delivered;2026-04-27T11:06:37.544Z
ArSjbezPV34uNWwYBFbu;ebay__01-14815-12696;dhl_de;00340434887954501063;Delivered;2026-06-22T07:45:08.984Z
AstxYpKmEdj4pSCtlAgL;30900692;dpd;01596818906628;Delivered;2026-03-10T01:05:02.774Z
Av5OCeZeZYjy3K6dH6CM;kaufland__MTTPYU5;dpd;01596815438192;Delivered;2026-06-08T10:41:33.285Z
Aw3h4uNdI4l4HwyMYTpl;kaufland__MU8P3C5;dhl_de;00340433917162400269;Delivered;2026-05-08T13:03:42.706Z
B0iPSgue4cKLMa7W8ady;ebay__11-14781-31597;dpd;01596816058341;Delivered;2026-06-18T11:54:10.424Z
B4JKpedmvPVriXJchNJP;ebay__21-14708-91197;dhl_de;00340434887954500998;Delivered;2026-06-05T11:44:11.957Z
B50ZaFbbw3qDTcqsOLzb;ebay__17-14700-70725;dpd;01596815094950;Awaiting customer pickup;2026-06-01T11:42:38.718Z
BFW1gIX5cMmOZ3THnO8Y;ebay__24-14500-06733;dpd;01596812535059;Delivered;2026-04-15T09:55:15.771Z
BG36bb2WLl1AKZS2ykJO;kaufland__MQ985B5;dp;A0062B01C5000000049F;Delivered;2026-04-29T13:22:54.820Z
BIAE1LvB3kaimJMMES6c;kaufland__M4D5ZB5;dp;A0062B01C50000000716;Delivered;2026-05-06T12:48:19.576Z
BIJcmgzM0TnOsCTsGJi2;32839435;dpd;01596810452859;Ready to send;2026-03-10T01:03:27.332Z
BKVo6iLdL6gqi0Qh4VM2;kaufland__M4G9W55;dp;A0062B01C50000000366;Delivered;2026-04-27T10:06:17.228Z
BMIEsiTfVdArIWwjDoPv;kaufland__M6K1PB5;dp;A0062B01C50000000421;Delivered;2026-04-28T19:05:39.964Z
BQymRAB7n7rzx8cnxETL;ebay__05-14668-32204;DHL;;problem;2026-05-20T11:37:25.925Z
BVC8RmpEQkS1oP9JMa8m;ebay__18-14748-04261;dpd;01596815805791;Delivered;2026-06-15T08:14:46.462Z
BZo8zeqI6xkMFIN6EBvm;30651974;dpd;01596818728664;Delivered;2026-03-10T01:05:38.301Z
BhBFXjYRWF1TEOUcCawH;ebay__27-14437-44327;dpd;01596812060893;Delivered;2026-04-07T13:23:07.165Z
BoTCmyWCMOZN0kZN6rL3;29750746;dpd;01596818077416;Delivered;2026-03-10T01:06:27.110Z
Bq7ua5zrYH6vl4vxidbS;30979222;dpd;01596818940204;Delivered;2026-03-10T01:05:02.276Z
BsAUEHTQB2HhjLiGQv80;30211230;dpd;01596818348515;Delivered;2026-03-10T01:06:03.961Z
Bvev3bGHiKMk1uzqm48E;29800620;dpd;01596818080237;Delivered;2026-03-10T01:06:26.151Z
BxLPZCaha64flrMuizqj;ebay__21-14649-90508;dpd;01596814718907;cancelled;2026-05-26T08:10:19.385Z
BzxW5aNoBIQBLBDQV5uT;ebay__14-14642-21207;dp;A0062B01C5000000095F;Delivered;2026-05-18T11:35:20.923Z
C0wMC9mMWUuJDKdwAuiq;ebay__13-14686-13071;dhl_de;00340433917162400412;Delivered;2026-06-04T15:31:06.038Z
C7HBuDUymboe7MS8uAok;31494390;dpd;01596819316405;Delivered;2026-03-10T01:04:26.098Z
C9Gb6a1Nu0YOwfLSmIYL;31164440;dpd;;Announcement failed;2026-03-10T01:04:39.013Z
CBTbV6ZyTpE0pNYr0wnQ;31329172;dpd;01596819243349;Delivered;2026-03-10T01:04:32.041Z
CINXe6QIdTfy1yTiv8NI;kaufland__MRGBDC5;dp;A0062B01C5000000080F;Delivered;2026-05-08T12:47:57.143Z
CPYx0oGXmZnPjSMdTkeO;33756038;DHL;00340434887954500479;ausstehend;2026-03-18T15:39:14.895Z
CS6qH7K5MYFbZpChRKll;31472677;dpd;01596819309353;Delivered;2026-03-10T01:04:26.546Z
CUO6TxylU40cCarFjzGI;30709492;dpd;01596818753217;Delivered;2026-03-10T01:05:36.949Z
CeBsyRrYGvc2cnXaQyRl;30959506;dpd;01596818940148;Delivered;2026-03-10T01:05:02.367Z
CgTZgZyUqM4xbX1FrU4f;31164440;dpd;;Announcement failed;2026-03-10T01:04:40.483Z
CkbJeaKEHiUC0RIr8Cyv;ebay__05-14610-64990;dpd;01596813816957;Delivered;2026-05-07T12:39:31.781Z
Cm4lIaW8moTwUuVJmpVn;ebay__19-14709-04350;dpd;01596815336348;Delivered;2026-06-05T12:15:33.776Z
CndbHWlR8WGtjDGxu0qZ;ebay__25-14673-03509;dp;A0062B01C50000000A84;Delivered;2026-05-31T12:38:38.685Z
CpFxKfDnTfU0QizibBBL;kaufland__MFGQ4U5;dp;A0062B01C50000000A97;Delivered;2026-05-31T12:58:28.483Z
CvaKpUER8Ar91Xp9xfUa;32024338;dhl_de;00340433917162400047;Delivered;2026-03-10T01:03:40.787Z
Czl4RD0xe0Q3CDy1ADcH;ebay__14-14473-28520;dpd;01596812273837;Awaiting customer pickup;2026-04-10T13:30:59.790Z
D3uEhN2gDYYODxlMSXZS;kaufland__MKD5G55;dhl_de;00340434887954500745;cancelled;2026-04-23T11:53:54.782Z
D69kOaxcQ2dkVNcVtIak;ebay__07-14726-02419;dp;A0062B01C50000000B2B;Delivered;2026-06-03T14:56:53.058Z
D7HQJHA4G4YB7aoh62ML;31161431;dpd;01596819148243;Delivered;2026-03-10T01:04:40.668Z
DGSDvgfDAClo3BWLELwi;ebay__27-14466-89155;DHL;;problem;2026-04-13T11:36:50.871Z
DJOK2eNEcyzpdaR3y7tv;ebay__27-14659-99401;dpd;01596814893768;Delivered;2026-05-28T09:13:42.618Z
DLKSCV2E2RlfLcbdVGLR;kaufland__M7Y3W55;dp;A0062B01C500000002F1;ausstehend;2026-04-27T10:02:38.666Z
DM6fPFBqe9EJicNVK9Yg;ebay__26-14627-54987;dp;A0062B01C5000000096A;Delivered;2026-05-18T11:38:43.772Z
DNZRnFQmf5nq6UCaMsLm;31280308;dpd;01596819236583;Delivered;2026-03-10T01:04:36.604Z
DPBy4GD7lqkMGvgxPQmb;ebay__27-14471-97377;DPD;;problem;2026-04-13T16:44:45.149Z
DS4lPS2KkhogT7N9N43h;ebay__07-14494-25982;dpd;01596812351200;Delivered;2026-04-13T08:50:34.954Z
DS7qOnyI6i27vM7zhQkr;ebay__19-14453-02668;dp;A0062B01C50000000096;Delivered;2026-04-06T17:08:59.342Z
DS7wvNTxyY6dEgLgG2tM;ebay__23-14583-54914;dp;A0062B01C5000000079D;Delivered;2026-05-07T11:41:18.424Z
DXNFbmGasZhDa0bPMPGY;ebay__25-14614-57193;dp;A0062B01C500000008C2;zugestellt;2026-05-15T12:13:30.173Z
DYNYoIx8DON6YtHNeKkM;32948504;dpd;01596810452722;Ready to send;2026-03-10T01:03:27.631Z
DYSXhbHIlrgMiBEeAHW9;ebay__05-14464-52003;dp;A0062B01C5000000001D;Delivered;2026-04-04T12:32:01.357Z
DYne27hMi4sy6HQlWbWs;31032543;dpd;01596819009661;Delivered;2026-03-10T01:04:42.861Z
DgTfEYj3xwmV2J8a6HyM;ebay__01-14474-19549;dpd;01596811942005;Delivered;2026-04-05T15:12:50.465Z
Diytvzi1JLUS3XGhRBHN;kaufland__MB7ZSQ5;DP;;problem;2026-04-13T17:26:44.812Z
DjrjJJQqX7QOUnmJGfKR;ebay__04-14596-97779;DPD;;problem;2026-05-04T10:02:31.361Z
DkCjZigXSj1YtESHuQKS;ebay__13-14686-13071;dhl_de;00340433917162400382;cancelled;2026-05-28T08:56:49.909Z
DkuIJN8UKR5xM4kmTUmq;30919205;dpd;01596818902406;Delivered;2026-03-10T01:05:03.051Z
Dst03ufvNhlMouO0YyLW;32550281;dpd;01596810116213;Delivered;2026-03-10T01:03:36.640Z
Dsx3bGKQb2APaxo5TR9w;ebay__17-14688-79053;dpd;01596815008031;Delivered;2026-05-31T13:22:53.665Z
Dvl99LdO9dY2a0SFvtYx;ebay__19-14662-34490;dpd;01596814709578;Delivered;2026-05-26T07:32:26.097Z
DvrqvLY01c2eGSSMeQrr;31970638;dhl_de;00340434887954500127;Delivered;2026-03-10T01:03:42.201Z
DzhJJ4d9JzrlW4lPxQTN;kaufland__MLPWRT5;dpd;01596814832339;Delivered;2026-05-27T10:39:21.942Z
E5Dq3n37U5o7vmYadgUP;kaufland__MWKYYB5;dp;A0062B01C50000000705;Delivered;2026-05-06T12:46:17.357Z
EBX3YQF2IT3uu2a6KUDd;ebay__26-14434-87001;DPD;;problem;2026-04-05T15:03:22.651Z
EG5y2NsuzGnaq1pEWHxI;32119643;dpd;01596819839222;Delivered;2026-03-10T01:03:40.562Z
EJcuxAYBqTbs2wJCafYj;kaufland__M79CW95;dpd;01596811942546;Delivered;2026-04-05T15:58:10.291Z
EL7dP0VBzK6mhu7emomL;kaufland__M6BR1Q5;dpd;01596812141926;Delivered;2026-04-08T14:25:13.010Z
EVJTHOAk8KTLkcEGLpcL;ebay__26-14666-22048;dp;A0062B01C50000000A29;Delivered;2026-05-28T09:44:35.762Z
EWa1GaQ9bBMycJTryCnV;kaufland__M6B8P65;dpd;01596816184539;Delivered;2026-06-22T08:15:26.116Z
Ea0mvDGmzwb9qAm7hTL4;32040855;dhl_de;00340434887954500165;Delivered;2026-03-10T01:03:41.713Z
F17uDzP8lmECDuG6SiMJ;ebay__06-14536-84085;dp;;problem;2026-04-20T18:01:04.873Z
F5t4C9ApPSh0G6jpBY8H;ebay__12-14566-61381;dhl_de;00340434887954500790;Awaiting customer pickup;2026-04-30T12:09:46.818Z
F6e49bJSujSAOL2o273w;31584647;dpd;01596819396110;Delivered;2026-03-10T01:04:25.608Z
FB874qr31YBOK9fHqL2r;kaufland__MFLH7U5;dp;A0062B01C50000000AC2;ausstehend;2026-06-02T13:53:35.106Z
FCJZgYEQBTpUcx0cdHqo;ebay__11-14450-95322;dpd;01596811925404;Delivered;2026-04-03T11:11:29.374Z
FGPOWV2V7hSCIXP8uApG;31473082;dpd;01596819309017;Delivered;2026-03-10T01:04:26.656Z
FGf3jPUz0CQV4bkGeoh8;kaufland__MUD1CU5;dhl_de;00340434887954500929;Delivered;2026-05-31T12:44:53.950Z
FKAnR3wD1l6rZI9zpjxr;kaufland__MB5UUU5;dpd;01596815094000;Delivered;2026-06-01T11:35:37.203Z
FLwmZOndEXZd89M0RAkS;ebay__04-14561-60720;DP;A0062B01C500000002CE;Delivered;2026-04-27T09:56:16.250Z
FSXeIz8ka8hPd7n2hJwg;33216796;dhl_de;00340434887954500387;Ready to send;2026-03-11T13:01:52.566Z
FYMqA5Wfn01fawkWKAVW;kaufland__M71UTB5;dp;A0062B01C500000004F5;Delivered;2026-04-30T12:14:01.737Z
FeoxV0CUsW1NFYXN5hEh;ebay__16-14504-50388;dpd;01596812691736;Delivered;2026-04-17T13:34:16.223Z
FfUMs2ho1trPQ6HAoQtJ;ebay__27-14410-13126;dpd;01596811684825;Delivered;2026-03-30T11:38:40.974Z
Fj2f7gASMqJfizcGw4t3;31879324;dpd;01596819630334;Delivered;2026-03-10T01:03:43.931Z
FlVQNM4pPLtWgQYGIutD;kaufland__M6PZKB5;dp;A0062B01C50000000660;Delivered;2026-05-04T10:50:18.868Z
Fp5B8p3HhlgrL8SqmaFz;30608634;dpd;01596818674680;Delivered;2026-03-10T01:05:38.966Z
FrUjcmhjdVyLXeL6PzmO;ebay__27-14471-97377;DPD;;problem;2026-04-13T14:36:10.509Z
Fvl9wRXlCJkfOzsEJHwh;31338040;dpd;01596819238640;Delivered;2026-03-10T01:04:36.439Z
FxHEr431UqRWrGQerYUe;ebay__25-14567-71492;dpd;01596813536359;ausstehend;2026-05-04T09:47:04.981Z
Fzir7oiEO5ppxrh2cHYB;ebay__02-14572-43597;dpd;01596813296310;Delivered;2026-04-28T19:25:51.743Z
G0pJbdOKcAeRACbPUZ3T;32585978;dpd;01596810115074;Delivered;2026-03-10T01:03:36.982Z
G7sBSKxDV570HhvozhTL;30782019;dpd;01596818854210;Delivered;2026-03-10T01:05:03.710Z
G9HriiRjTz9Q6g0bqkXZ;30673155;dpd;01596818729131;Delivered;2026-03-10T01:05:38.013Z
GDNJF7yCdO78QoE1wcyD;ebay__03-14794-22698;dp;A0062B01C50000000C7B;Delivered;2026-06-18T11:34:41.996Z
GGqlIZXa2ZlPpvZLebb4;ebay__04-14756-03063;dpd;01596815530952;Delivered;2026-06-09T11:58:56.480Z
GVuq12NwumSmBHyNLWqm;kaufland__MW6U3T5;dpd;01596814424926;Delivered;2026-05-19T11:49:34.274Z
GWSq2jUkKja8oDON6NC2;ebay__09-14417-83054;dhl_de;00340434887954500523;Delivered;2026-03-26T10:48:36.185Z
GWklhB5Tigw9SDsGA9p4;ebay__12-14462-13124;dp;A0062B01C50000000085;Delivered;2026-04-06T17:05:32.779Z
GZCcaM2kdLYbKDv07bbE;ebay__08-14492-54410;dpd;01596812347083;Delivered;2026-04-13T08:33:37.301Z
GeWswufuIrltHCmUzogI;30759407;dpd;01596819012885;Ready to send;2026-03-10T01:04:42.197Z
Gg4hnCRaOMtAVyaFKrme;kaufland__MT4TL55;dpd;01596812948076;Delivered;2026-04-22T11:06:38.854Z
GjlbWHm6GHoRMVm5NSBB;ebay__21-14705-00446;dpd;01596815336628;Delivered;2026-06-05T12:22:16.106Z
Gn4B87YlFvh3yh1Zuqsl;ebay__14-14712-52793;dpd;01596815257720;Delivered;2026-06-03T14:44:14.891Z
GsuChfiLvWsMDRiq2FHZ;30534239;dpd;01596818666201;Delivered;2026-03-10T01:05:40.617Z
Gv1FDbG4mODP66aj6D8Y;ebay__26-14434-87001;DPD;;problem;2026-04-05T15:03:21.834Z
GwFaCsHjpMT3oc7DHZJQ;kaufland__MU8AKB5;dp;A0062B01C50000000655;Delivered;2026-05-04T10:48:22.390Z
GwLWgXfoSpaPZgKVBatr;29898238;dpd;01596818151564;Delivered;2026-03-10T01:06:05.715Z
GyZE3Ugi4cq7KFigm5Zt;kaufland__MD7DK55;dpd;01596813021472;Delivered;2026-04-23T11:36:06.110Z
H31gv1XBoTpBB5gGKJpZ;ebay__26-14434-87001;dpd;01596811942266;problem;2026-04-05T15:10:34.341Z
H3Wd6hE9f2wvnAH1ITOc;31645955;dpd;01596819460619;Delivered;2026-03-10T01:04:25.516Z
HFPRoDRt57KYaZxCmIcF;ebay__20-14552-97871;dhl_de;00340434887954500776;Delivered;2026-04-29T09:03:05.951Z
HJWSN2x0BuKog9dRfbxk;31164440;dpd;;Announcement failed;2026-03-10T01:04:37.691Z
HNoKpGbUpPyq5VZT4cQX;ebay__22-14481-09427;dpd;01596812537516;Delivered;2026-04-15T10:13:58.492Z
HOA2hoNIw0ia158nK830;ebay__07-14469-72576;dhl_de;00340434887954500677;Delivered;2026-04-06T17:12:21.584Z
HTo6wxfhNVLFWMhjs74I;ebay__04-14728-89812;dp;A0062B01C50000000B38;Delivered;2026-06-03T15:02:20.506Z
HXmU9VMKRWygU3AmKMn4;ebay__16-14662-42430;dpd;01596814708647;Delivered;2026-05-26T07:28:46.218Z
Ha9bbx0U4ATlx0KUVb21;ebay__14-14650-88637;dp;A0062B01C50000000979;Delivered;2026-05-19T11:44:24.189Z
HcHFT0khZ95G3ZJuqIp6;kaufland__M4CSW95;dpd;01596811942112;Awaiting customer pickup;2026-04-05T15:23:18.693Z
HglWEtn0ZWHCviEmkww0;32265325;dpd;01596819916705;Delivered;2026-03-10T01:03:38.917Z
HjWv2PpoafUYYtmGUt6b;33127936;dhl_de;00340434887954500363;cancelled;2026-03-10T16:02:21.940Z
HkBjMGpsZW2FvjTxKnqB;ebay__01-14549-42916;dpd;01596812892258;Delivered;2026-04-21T16:40:12.750Z
HkevXEZ94Uo8Sy0jgrIm;kaufland__MPA4RC5;dp;A0062B01C50000000926;Delivered;2026-05-16T14:49:08.245Z
HkgDM5JyhVWkF463aPtq;ebay__08-14497-64092;dpd;01596812357476;Delivered;2026-04-13T09:18:15.229Z
HlQbzeyMxLmca3xuRlgE;30235583;dpd;01596818349900;Delivered;2026-03-10T01:06:03.198Z
Hv6MXDJln0dRy2Kf2waI;ebay__12-14586-97434;DPD;;problem;2026-05-04T10:56:20.259Z
IBLC8Kypq8pYZnGJ9w9F;kaufland__M7F6U65;dpd;01596816181126;Delivered;2026-06-22T07:57:28.644Z
ICQLijNhd58GFtVqTzVc;kaufland__M1T7S55;dp;A0062B01C5000000027A;Delivered;2026-04-23T13:04:45.379Z
IDLCwbqJ8GKY3ZwS00qn;ebay__13-14782-13602;DHL;;cancelled;2026-06-22T09:10:13.368Z
IDfSGuS95pjRTr4OaUW6;kaufland__MGZQLQ5;dp;A0062B01C5000000016B;Delivered;2026-04-13T11:24:34.543Z
IQHDj7xKLnsDd8xM2K80;ebay__25-14583-94418;dhl_de;00340433917162400276;Delivered;2026-05-08T13:08:25.061Z
ITiMrbE8NDvoC45she8C;ebay__14-14506-13163;DP;;problem;2026-04-17T13:34:22.292Z
Ii32WzSEwJiagIzx6LEn;4D1JkOwwLxQ7WwgJLFdw;dhl_de;00340434887954500486;Delivered;2026-03-24T12:07:59.745Z
Ip0sV90qNb1RCYjXuuaW;kaufland__M7HU4C5;dhl_de;00340434887954500837;Delivered;2026-05-07T11:48:49.160Z
Ip5cOKLFaQc7IGgLwSep;ebay__10-14502-89324;dpd;01596812540363;Delivered;2026-04-15T10:39:32.888Z
J4HqxXJDTTrVhc8zfCMK;29926511;dpd;01596818134594;Delivered;2026-03-10T01:06:25.662Z
J7HB8QTF56kztw0Gpdsb;kaufland__MFZBRE5;dhl_de;00340433917162400450;Delivered;2026-06-16T11:19:59.622Z
J7PQ9FpQ8DiDL6UYcwfB;ebay__11-14750-56818;dpd;01596815617022;Delivered;2026-06-10T15:47:32.573Z
JEFUcNtDXCViB8yOqFS5;30450001;dpd;01596819274467;Ready to send;2026-03-10T01:04:27.091Z
JIkpbYp1FYPYIbeCQU0r;30125881;dpd;01596818330820;Delivered;2026-03-10T01:06:04.534Z
JLMx0tFBjzakdIbFa7N7;ebay__19-14700-57665;dhl_de;00340434887954500974;Delivered;2026-06-02T14:00:35.286Z
JX87CJfltl1oExiIzY2m;30505629;dpd;01596818595232;Delivered;2026-03-10T01:05:40.833Z
JXaZAjvP7fg28uknQM8q;ebay__07-14742-95305;DPD;;problem;2026-06-08T10:57:17.199Z
JeQkrxnc1qCiOXbrwT2U;ebay__04-14440-35041;dpd;01596811667967;Delivered;2026-03-30T09:49:00.275Z
JlhSQTblJ2cE5eNnbSUE;kaufland__MCF1TE5;dpd;01596815718122;cancelled;2026-06-12T09:02:48.564Z
JmBwSxLk5lV0tfqHbPLS;ebay__05-14637-27078;dpd;01596814135927;Delivered;2026-05-13T09:08:08.480Z
JqPLYd5pMADwrOUiNIc7;ebay__27-14390-99505;dpd;01596811511897;Delivered;2026-03-26T16:10:20.321Z
JqTA5izkpzSADzMMbyOa;ebay__11-14687-42753;dp;A0062B01C500000009E7;Delivered;2026-05-28T09:06:50.147Z
Jrn5SYxYSitO7AiF34DN;ebay__25-14579-69735;DHL;;cancelled;2026-05-07T13:28:04.834Z
JsuNyt4uxYUV9KxA8aNb;ebay__09-14433-28707;dhl_de;00340434887954500608;Delivered;2026-03-30T10:47:56.818Z
JvViE6o8gCcbUiF5LOM3;kaufland__MS5R7T5;dpd;01596814711078;Delivered;2026-05-26T07:38:51.447Z
Jvj87lOqMvRrBsvzRI3E;ebay__27-14471-97377;DPD;;problem;2026-04-15T10:18:18.029Z
Jx7YEgF7zJ7RqJf7aspn;kaufland__M56E655;dpd;01596812886950;Delivered;2026-04-21T14:08:30.669Z
JxCZOxKrd7QiT0QwbqA0;32351533;dhl_de;00340434887954500202;Delivered;2026-03-10T01:03:37.553Z
JxVHft9F9UucPWnIA35Y;31766648;dhl_de;00340434887954500035;Delivered;2026-03-10T01:04:02.483Z
K2ekRHS7flV88ieUPnzb;ebay__02-14709-43672;dp;A0062B01C50000000A50;Delivered;2026-05-31T12:20:00.223Z
K4DOuDh0T9JMlTor794l;32954732;dhl_de;00340434887954500301;Ready to send;2026-03-09T14:59:53.659Z
K52m4u63ckXeKalXLVpq;kaufland__MWX7AU5;dp;A0062B01C50000000B74;Delivered;2026-06-05T11:26:37.202Z
K5i59oa9lvqXvrY7maVj;ebay__20-14736-47038;DPD;;problem;2026-06-11T15:29:56.788Z
KCXlAlkcp0upHeKp7Q1u;31861425;dpd;01596819629432;Delivered;2026-03-10T01:03:49.232Z
KEJUUcoN5TxT0oXO3UxP;ebay__18-14517-13013;dp;A0062B01C500000001AA;Delivered;2026-04-20T12:30:59.972Z
KMtLIwgdTLpPX93Jcpnd;kaufland__M7Z1FE5;dpd;01596815813219;Delivered;2026-06-15T08:50:39.097Z
KNC5RjQzXG6TBIdrG2JJ;kaufland__MR95UB5;dp;A0062B01C50000000508;Delivered;2026-05-03T08:37:54.633Z
KQicLMY0yNHFacs6Hm68;ebay__17-14510-42588;dhl_de;00340434887954500714;Delivered;2026-04-18T17:55:21.992Z
KRZ9RPxHifR2KvCuB1Ea;ebay__08-14693-94735;dpd;01596814835449;Delivered;2026-05-27T11:09:33.866Z
KS3l5s9VLt0z4GP352IT;29888965;dpd;01596818080557;Delivered;2026-03-10T01:06:26.051Z
KcJHCIhK3IMbJC2qz5od;ebay__16-14704-36891;dp;A0062B01C50000000AE8;ausstehend;2026-06-02T14:12:13.426Z
KeGXZXVqhP5nCBqh0vvc;o3nkUxSp4plBEszaH2A6;dhl_de;;problem;2026-03-18T12:13:27.301Z
KhjVuI5ROfcjfe8GhRfL;kaufland__M3ZZSQ5;dpd;01596812489244;cancelled;2026-04-14T19:06:00.375Z
KlEtqZWOioGJDRLH6v93;Q4GuOCVu1TEWmxxTLolK;dhl_de;;problem;2026-03-18T12:23:47.358Z
KnCFCtBh9jErWOe5Hbj3;33496692;DPD;01596810765496;in_zustellung;2026-03-17T15:53:22.757Z
KoXD1ii6FeORnYyX56iB;kaufland__MLHP8B5;dp;A0062B01C500000006B4;Delivered;2026-05-04T12:33:27.307Z
Kqy9SNVFyUDBfogCFaIH;ebay__03-14432-94456;dhl_de;00340434887954500530;Delivered;2026-03-27T17:58:41.281Z
KvLtmUG6bQvQ3iVSZgnT;30440045;dpd;01596818533984;Delivered;2026-03-10T01:05:41.492Z
KxrbmkpRGxwZ3P8UYF2m;kaufland__MPHR8T5;dp;A0062B01C500000009AB;Delivered;2026-05-26T07:04:52.594Z
L1YKrJGMjEetVxZVBLgE;kaufland__MHUYG55;dp;A0062B01C50000000236;Delivered;2026-04-23T12:59:18.085Z
L7IW5V1C3CqdPWkanVVX;32045470;dhl_de;00340434887954500158;Delivered;2026-03-10T01:03:41.812Z
L81pzjbnQoiiq5q2TnD2;31673923;dhl_de;00340434887954500011;Delivered;2026-03-10T01:04:03.940Z
L9zxY5s91e0xdVmwZLIn;ebay__04-14496-66323;dp;A0062B01C50000000101;Delivered;2026-04-11T11:53:40.577Z
LHYAavCdKvL7XCPqcnCm;ebay__19-14506-88300;dpd;01596812700301;Delivered;2026-04-18T13:53:50.380Z
LKGiBF2pz8hkEmxMR5Uq;30278866;dpd;01596819012942;Delivered;2026-03-10T01:04:42.093Z
LPYO3Ypibb9z0J1Q2gs4;ebay__13-14782-13602;dhl_de;00340433917162400504;ausstehend;2026-06-24T09:47:19.953Z
LV7ZfFPZtfwTTykkOZMg;31678858;dhl_de;00340434887954500028;Delivered;2026-03-10T01:04:03.863Z
LWpYSgy724tANU3ThdpP;ebay__27-14471-97377;DPD;;problem;2026-04-13T16:44:45.216Z
LXQQzCnN6MQx5lRYarh9;ebay__27-14471-97377;DPD;;problem;2026-04-13T16:44:45.040Z
LhBCo3qSgZANz2iHdJYA;29895310;dpd;01596818081361;Delivered;2026-03-10T01:06:25.742Z
Lr2oFQ7EFYcPCnb7k3wC;ebay__20-14681-81467;dhl_de;00340433917162400405;Delivered;2026-05-31T13:04:00.331Z
Lt60xU00duGRB8Esv7c9;kaufland__M7YLKC5;dhl_de;00340433917162400313;Delivered;2026-05-15T12:22:08.580Z
Lx91qBiMQlIqHKKTf13y;31052488;dpd;01596819009612;Delivered;2026-03-10T01:04:43.326Z
Lz9UvjEtsmLGUZPPeJ5L;kaufland__MGZQQU5;dhl_de;00340433917162400399;Delivered;2026-05-31T12:56:03.969Z
M5bq8jkuaoUpRZYeavVU;ebay__23-14674-96213;dpd;01596815007909;Delivered;2026-05-31T13:16:49.991Z
M7VWemQe660Pl0UCd158;32477729;dhl_de;00340434887954500226;Delivered;2026-03-10T01:03:37.333Z
MChfLghW6cXEG7auExqu;kaufland__MXQK1B5;dhl_de;00340433917162400191;Delivered;2026-04-27T11:16:11.394Z
MFJlxoSDvhmj5kQNqwYO;kaufland__MTX8DC5;dpd;01596813889457;Delivered;2026-05-08T15:20:41.424Z
MLBggEbeQQ00aJ4FyIdg;ebay__13-14587-79390;dpd;01596813634979;Delivered;2026-05-05T09:16:10.695Z
MNT9Wuw97YBD88kdYivA;ebay__27-14495-17160;dpd;01596812700360;Delivered;2026-04-18T14:07:33.167Z
MPn7txvKlPCdc66FdPOj;32038882;dpd;01596819787717;Delivered;2026-03-10T01:03:41.512Z
MdKfx4q2mYgaSsKmrnCC;29781730;dpd;01596818078201;Delivered;2026-03-10T01:06:27.011Z
MjDXEgsZ0XvVXqt9gACT;33510529;DPD;01596810765671;zugestellt;2026-03-17T15:53:22.687Z
Mk1wi1MbyRuBXnyND9Vy;30679561;dpd;01596818731827;Delivered;2026-03-10T01:05:37.297Z
MmBIq3KflZHmnQWhWFzz;31783446;dhl_de;00340434887954500059;Delivered;2026-03-10T01:04:02.080Z
MqY5yhQ3eaWnM73YohWm;kaufland__M4U7TQ5;dpd;01596812283416;ausstehend;2026-04-11T11:55:56.107Z
MvdjgDE1Se8n2wyPcbcc;kaufland__MKGTLC5;dpd;01596814140438;Delivered;2026-05-13T09:37:37.542Z
MxY90Nx070ybpsQ0T1KA;32669444;dhl_de;00340434887954500240;Delivered;2026-03-10T01:03:31.730Z
N0arfcPKEHx2zNPEL30H;30230596;dpd;01596818348820;Delivered;2026-03-10T01:06:03.393Z
N1Fr6hghOCREZ5aKwetp;31594002;dpd;01596819461334;Delivered;2026-03-10T01:04:20.532Z
N25GyUr3qQcWkUt1ehr3;kaufland__MLLZHC5;dp;A0062B01C5000000075A;Delivered;2026-05-07T11:29:33.466Z
N96BJiLYq0qFfgYRUuM0;40iT4bjgkm5UPsI8VhFW;dpd;01596811364368;Delivered;2026-03-24T22:42:43.900Z
NGlXCJF7bSd95uU9oJIn;kaufland__M81QF55;dpd;01596812948975;Delivered;2026-04-22T11:15:32.177Z
NML6oulYbQ1jMPZz37Xx;ebay__27-14724-84343;dpd;01596815617604;Delivered;2026-06-10T16:22:22.164Z
NNAuO63a74d6ev1c6b9n;32432176;dpd;01596819966575;Delivered;2026-03-10T01:03:37.666Z
NO3avBGPsS3SKm5MGaMA;ebay__23-14546-82226;dpd;01596813333731;Delivered;2026-04-29T09:06:19.010Z
NcTWTqkT6U5kMDUwGN2I;30614950;dpd;01596818729666;Delivered;2026-03-10T01:05:37.731Z
NdW2t1WT5KkVAWgxpTJj;ebay__24-14754-40979;dpd;01596815806574;Delivered;2026-06-15T08:18:38.945Z
NeZaF1UzkYqp4TXNODjO;ebay__02-14617-96680;dpd;01596813820063;Delivered;2026-05-07T13:27:55.735Z
NgoPDggtI14EJjtCUMpc;kaufland__MU1ZCB5;dp;A0062B01C500000004E0;Delivered;2026-04-30T12:00:57.175Z
Nqng9BUqToLSkXfb1gBh;31461703;dpd;01596819313782;Delivered;2026-03-10T01:04:26.210Z
Ny1ECVSnVxnPwj8uABGj;ebay__22-14563-84419;dhl_de;00340433917162400207;Delivered;2026-05-03T09:23:59.251Z
O5TgF3OJmxPrsbNvZT6f;ebay__22-14586-31880;dp;A0062B01C500000007AE;Delivered;2026-05-07T11:45:10.835Z
O5fIGnIXosAnhXq0KVkO;29743880;dpd;01596817975816;Delivered;2026-03-10T01:06:27.730Z
O7XdpOfZ89k8VFKrNGqi;kaufland__M7QXFQ5;dp;A0062B01C5000000015E;Delivered;2026-04-13T11:20:26.573Z
O8RfdLR14W9mp0DssTEo;ebay__19-14694-23540;dpd;01596815095325;Delivered;2026-06-01T11:46:42.110Z
O8fRYr7x4iSHVAU5j4os;30265582;dpd;01596818447905;Delivered;2026-03-10T01:05:42.757Z
ODxfLDub1Zgu495m2lOl;32376525;dhl_de;00340434887954500219;Delivered;2026-03-10T01:03:37.443Z
OMZjDnkM531h1tcisSGS;kaufland__M4855B5;dp;A0062B01C5000000047E;Delivered;2026-04-29T09:45:27.375Z
OYGM5boVpt5NlOUz0497;ebay__22-14718-71707;dp;A0062B01C50000000BEA;Delivered;2026-06-08T11:09:44.317Z
OZM9NzG5lOyu3ASFVLqa;32839435;dhl_de;00340434887954500349;Ready to send;2026-03-09T16:49:30.248Z
OenhrGhv2uWV2etfUZqI;33136278;dhl_de;00340434887954500370;Ready to send;2026-03-11T12:49:23.453Z
OfjUGaBg6IK2ets3jHZF;ebay__13-14686-13071;DHL;;cancelled;2026-05-27T13:31:49.307Z
Ok3mRu2xhqStOLMSSLsi;kaufland__MY6PEE5;dp;A0062B01C50000000C37;Delivered;2026-06-12T09:01:12.981Z
OvqTaeWK9yOTOevNMFKZ;ebay__01-14729-82049;dpd;01596815185857;Delivered;2026-06-02T14:37:34.034Z
OwLkHb4Gis5KqAMsWRUv;ebay__07-14488-36317;dpd;01596812271501;Delivered;2026-04-10T12:36:11.176Z
Oz18B51cGCQ4glKOPE5z;YwinBqNFpqMkWkN0NOij;dhl_de;;problem;2026-03-17T15:51:34.892Z
Ozaq5hrrjYtn9I1S4GAZ;kaufland__MTSB8B5;dp;A0062B01C500000006C7;Delivered;2026-05-04T13:35:38.805Z
P0gWlZq6C4o6NHupAu5u;kaufland__M4BEDU5;dpd;01596815007187;Delivered;2026-05-31T12:34:17.854Z
P0hHCUubPXzw4NPu7ppg;31785001;dhl_de;00340434887954500073;Delivered;2026-03-10T01:04:01.861Z
P11z8OWIQQoigp3Pla7d;30534070;dpd;01596818666491;Delivered;2026-03-10T01:05:40.524Z
P5Tl2IArSegFmDTuAfjA;ebay__05-14541-01583;dhl_de;00340434887954500721;Delivered;2026-04-21T11:26:01.818Z
P9jLRBzyrLWWDqNznTqn;ebay__15-14438-94835;DPD;;problem;2026-04-02T10:06:05.889Z
PApZ82l3Y9eAoaVRq0TU;ebay__04-14596-97779;DPD;;problem;2026-05-04T10:02:31.293Z
PEfU0zBqKge5OTVNWyuN;ebay__25-14461-79502;dpd;01596812271468;Delivered;2026-04-10T12:35:29.469Z
PEs0Lo1xFShJdVH4lP1A;33127936;dhl_de;00340434887954500363;cancelled;2026-03-10T15:17:06.457Z
PJz2n7TumxdJBVU0jNEX;kaufland__MHWK6B5;dp;A0062B01C50000000562;Delivered;2026-05-03T08:57:15.906Z
PP0dRTfPRKds4y7Ox7KN;ebay__01-14636-38281;dpd;01596813996159;Delivered;2026-05-11T12:16:56.934Z
PPLNtnYgnPSAsnwzq5BU;ebay__12-14598-65098;dpd;01596813815467;Delivered;2026-05-07T12:19:21.324Z
PRXQtnDbIkCw9y3NlfTn;31749774;dpd;01596819530623;Delivered;2026-03-10T01:04:02.384Z
PYqLVdkxqNOj0LkZ41s8;ebay__22-14778-49187;dp;A0062B01C50000000C9A;Delivered;2026-06-22T08:31:25.044Z
PZP7Ioog5NGMhHiMH9cY;kaufland__MAKQXT5;dpd;01596814844947;Delivered;2026-05-27T13:07:40.465Z
Pakz0YHKoaFX7PZjqzdE;30979813;dpd;01596818940056;Delivered;2026-03-10T01:05:02.459Z
PccyAJtXmv07Ayb6ZfD5;32631052;dhl_de;00340433917162400061;Delivered;2026-03-10T01:03:36.320Z
Pe62ZdC7PZwQgejUUEkN;29732237;dpd;01596817975153;Delivered;2026-03-10T01:06:27.814Z
PeUUapffvKKkLm9Zzro2;ebay__26-14747-09820;dhl_de;00340433917162400443;Delivered;2026-06-15T11:42:19.845Z
PhCTxWZdpgfrT77VAvnX;ebay__23-14566-50347;dpd;01596813456142;Awaiting customer pickup;2026-05-03T11:21:05.704Z
PnenIZo1R9ZVbjFBJEx9;31164440;dpd;09447010153183;Delivered;2026-03-10T01:04:37.465Z
PnlTWXib8YFnULUAFFze;kaufland__M83WLB5;dp;A0062B01C500000005EF;Delivered;2026-05-03T09:49:25.215Z
Ppm9dYzPfYXM5qIkIwYx;kaufland__MX341U5;dpd;01596814897807;Delivered;2026-05-28T09:36:41.198Z
Pt1VbLJU9izozO0Srw5J;ebay__25-14773-62671;dpd;01596816195574;Delivered;2026-06-22T09:09:41.238Z
PzboKrMYGYmEeRmui54c;30759407;dpd;01596818846824;Delivered;2026-03-10T01:05:25.834Z
Q9tgt8meHAzleG2Z6PzY;ebay__08-14714-99537;dpd;01596815096143;Delivered;2026-06-01T11:53:18.131Z
QASyDb3uWvUC9xlfiuLT;ebay__08-14511-59037;dpd;01596812690534;ausstehend;2026-04-17T12:54:29.821Z
QDfn4iOv8QMa18OQEzCh;ebay__18-14675-91710;dp;A0062B01C500000009F2;Delivered;2026-05-28T09:19:58.659Z
QGe3MzzzGPLY9tt5SFIw;31925922;dpd;01596819635058;Delivered;2026-03-10T01:03:42.737Z
QZKtLUCU6ANSEdtn5xMf;ebay__24-14723-12102;dpd;01596815336827;Delivered;2026-06-05T12:26:26.617Z
QZv4wchIgWFy5ALTe9Lj;32552953;dpd;01596810115743;Delivered;2026-03-10T01:03:36.858Z
QaAbYXBsWDsy7DH6r3ed;kaufland__M9B8DC5;dp;A0062B01C5000000083A;Delivered;2026-05-08T12:54:37.249Z
QdISlYtoEolFLtQ6xCkN;31164469;dpd;01596819146886;Ready to send;2026-03-10T01:04:41.796Z
QddVtRq3NbNalnDa4RAJ;30126577;dpd;01596818332880;Delivered;2026-03-10T01:06:04.243Z
Qfvo7qEZUpTbjIQasavI;ebay__14-14633-60165;dp;A0062B01C500000008FD;Delivered;2026-05-15T12:34:56.437Z
Qpt3tDnCKsyRRyD2s7Up;ebay__27-14471-97377;DPD;;problem;2026-04-13T16:44:45.101Z
QziM0lqIO1WOUbNXD4H4;ebay__01-14689-24000;dpd;01596814718561;Delivered;2026-05-26T08:08:58.505Z
R1m1WilfsqyYolEcBguf;30796054;dpd;01596818851995;Delivered;2026-03-10T01:05:04.011Z
R1oApIsjGAHIbJbTqCgf;31050201;dhl_de;00340434757822952818;Delivered;2026-03-10T01:04:41.996Z
R50uGuq8xyhpsMz7RgTK;kaufland__M11C7B5;dp;A0062B01C50000000571;Delivered;2026-05-03T08:59:07.562Z
RHg5VXCz4j9PicLyrmSi;kaufland__ME8WW55;dhl_de;00340433917162400146;ausstehend;2026-04-27T10:41:58.896Z
RJhxCT3KhY5BxbaqF0IQ;29630104;dpd;01596817912780;Delivered;2026-03-10T01:06:36.213Z
RPOa8I545lvmuGbO7Eb0;31950881;dhl_de;00340433917162400009;Delivered;2026-03-10T01:03:41.323Z
RbTYWYDtIFgSLFBdXViQ;kaufland__M16KBB5;dhl_de;00340434887954500783;Delivered;2026-04-30T12:04:09.722Z
RgsYqwXcYu4E5Z5GZX6E;ebay__23-14661-17694;dp;A0062B01C500000009BE;Delivered;2026-05-26T07:07:51.425Z
RhxAUQ6ctZy8CqMQTe2H;31828904;dpd;01596819627302;Delivered;2026-03-10T01:03:59.755Z
Rj4mu88Tqd6NawYRwpFb;32686665;dhl_de;00340434887954500264;Delivered;2026-03-10T01:03:28.854Z
RubPNBlQEfZktKoVh1cl;31587457;dpd;01596819461464;Delivered;2026-03-10T01:04:16.632Z
S1ihaZp6ho4NLdI4iaMl;kaufland__MB7ZSQ5;dhl;00340434887954500707;problem;2026-04-13T17:55:50.880Z
S4rvAdplRzKsFlsx4RxC;kaufland__MHP1LB5;dp;A0062B01C500000005C5;Delivered;2026-05-03T09:12:55.407Z
S6WhsJhsDlVXTvWbmOO4;30758709;dpd;01596818847597;Delivered;2026-03-10T01:05:25.517Z
S9xJLbhMWyYiKs2IrnLU;kaufland__MFCGG95;dhl_de;00340434887954500653;Delivered;2026-04-03T11:13:43.667Z
SHPcCBBMPznmXjfAHyyY;ebay__14-14463-78476;dpd;01596812035712;Awaiting customer pickup;2026-04-07T10:06:22.755Z
SPnM9XsO7i6deC5wqNuu;32868890;dhl_de;00340434887954500356;Ready to send;2026-03-09T16:58:49.029Z
SQJH9jyHWwq09d9zpVCD;ebay__04-14578-67455;dp;A0062B01C500000004AC;Delivered;2026-04-30T11:54:10.707Z
SYGfRrN5IrRssF6oR1L1;ebay__13-14709-73191;dpd;01596815184527;Delivered;2026-06-02T14:03:40.772Z
SZuN44JjFtseNjiBVuIs;kaufland__MATA3C5;dhl_de;00340433917162400245;Delivered;2026-05-08T12:34:27.237Z
Si9G3pySqUaG1hVM0KrG;ebay__16-14586-21522;dp;A0062B01C500000006DE;Delivered;2026-05-05T10:59:57.727Z
SiTrumzjAeFPup96hz2j;ebay__17-14488-05425;DP;;problem;2026-04-13T17:26:45.088Z
SpGi40mJAPjbarcUuYjn;31192617;dpd;09447010153190;Delivered;2026-03-10T01:04:37.356Z
StLWDLzpUVq4k7VepV1Z;ebay__02-14480-35562;dpd;01596812033625;Delivered;2026-04-07T09:57:00.233Z
Swfjdd4vRmggHX7v2Tif;ebay__17-14624-79298;dhl_de;00340433917162400351;ausstehend;2026-05-15T12:46:52.450Z
SxnVrXMyAqqW96fmzCZp;33797691;DPD;01596811003505;ausstehend;2026-03-18T15:39:15.009Z
T4EJAaPIcKMEx2Y0JVF1;kaufland__MDTLQB5;dp;A0062B01C5000000044B;Delivered;2026-04-29T08:10:30.444Z
T4LCrNuvzTFYE6VkAt2c;ebay__26-14434-87001;DPD;;problem;2026-04-05T15:03:22.466Z
T5jlAUEWwUaJ0auiCsmf;33235666;dhl_de;00340434887954500394;Ready to send;2026-03-11T14:37:43.810Z
TDnT6j5jfSXErB3QuKnU;ebay__01-14582-82032;dpd;01596813323012;ausstehend;2026-04-29T08:04:21.509Z
TDv2H6P40BtzcKWoi1Zx;ebay__17-14454-49092;dp;A0062B01C50000000051;ausstehend;2026-04-06T17:03:58.448Z
THIJWcSCAfEFMlmPOLm1;32503615;dpd;01596810116094;Delivered;2026-03-10T01:03:36.749Z
TKaSdvl3zN1W3atXBWgT;o3nkUxSp4plBEszaH2A6;dhl_de;;problem;2026-03-18T12:01:45.422Z
TNmzyXim1C5fdIjvUhvf;kaufland__ML8CT95;dpd;01596811757003;Delivered;2026-03-31T10:18:38.477Z
TNqpdXyRw6hAtFJ4pmIK;29877397;dpd;01596818079163;Delivered;2026-03-10T01:06:26.419Z
TUG80nX58CSqbqYKnBVr;29593491;dpd;01596817917375;Delivered;2026-03-10T01:06:30.932Z
TVHIQ1aMzuLazy7yyIYT;30979813;dpd;01596819275530;Ready to send;2026-03-10T01:04:26.970Z
Tf7fPQKePY7AGkEoJfkx;ebay__11-14455-76977;dp;A0062B01C5000000003B;Delivered;2026-04-04T13:39:22.812Z
TmN3LMc1Jy7fiL0PBBud;ebay__04-14757-80333;dpd;01596815531906;Delivered;2026-06-09T12:08:59.066Z
TnDxZeLHQ5tKrKlhZd6r;30328677;dpd;01596818448507;Delivered;2026-03-10T01:05:42.564Z
TpnDcGfEG7iGiMjWeaCK;ebay__07-14522-64801;dpd;01596812699425;Delivered;2026-04-18T11:43:53.664Z
TvgfTnpqyrzvS65Vq254;30764218;dpd;01596818843506;Delivered;2026-03-10T01:05:26.167Z
TyOLwC0MaEet4FHM4vXY;29984280;dpd;01596818205418;Delivered;2026-03-10T01:06:05.562Z
U0xlbu38T3G3QhqMVqGa;ebay__27-14601-39108;dpd;01596814091325;Delivered;2026-05-12T14:29:51.642Z
UBK0S6ZkYYTLXn37FQQc;ebay__09-14620-19707;dhl_de;00340434887954500844;ausstehend;2026-05-11T11:52:29.860Z
UH9VwCgJI2OOjp6k6EWI;ebay__11-14715-10106;dpd;01596815185033;Awaiting customer pickup;2026-06-02T14:15:57.696Z
UOQm4bh1tMXg5khrqUhe;32481877;dpd;01596810116253;Delivered;2026-03-10T01:03:36.540Z
URaOygvLAcLXQ18f5YgC;33422612;DHL;00340434887954500417;in_zustellung;2026-03-17T15:53:22.884Z
UZHgM2DwV97lIn6RfJ8U;kaufland__M4E6Q55;dpd;01596812798723;Delivered;2026-04-20T12:31:56.017Z
UauWbUWj2yCoHxmRzKkH;32595399;dpd;01596810116642;Delivered;2026-03-10T01:03:36.433Z
Uh3SUhrNJlT1jmRh79TO;30638949;dpd;01596818728127;Delivered;2026-03-10T01:05:38.891Z
UniazFBPxdrZwQnnybyk;ebay__26-14434-87001;DPD;;problem;2026-04-05T15:03:22.279Z
UtuIzHrLrrzNaUeawxon;31091859;dhl_de;00340434757822957653;Delivered;2026-03-10T01:04:41.386Z
UvffTmhIqCMErAb5PrpM;ebay__14-14506-13163;DP;;problem;2026-04-17T13:34:22.342Z
V7D17WrtOhHA64KYegWL;ebay__17-14706-46953;dpd;01596815183341;Delivered;2026-06-02T13:37:31.222Z
V7bD9x2KALvOmHycVGLQ;ebay__07-14709-71944;dpd;01596815008243;cancelled;2026-05-31T13:32:54.531Z
V8YQG6noMb8rDNzrLNnE;kaufland__MSQ9KB5;dp;A0062B01C50000000646;Delivered;2026-05-04T10:45:20.449Z
V9KI4YphUx6N4BQrTjBi;ebay__23-14615-67854;dp;A0062B01C500000008DB;Delivered;2026-05-15T12:16:50.261Z
VFXMWRShQly39J45WyIR;30758174;dpd;01596818851943;Delivered;2026-03-10T01:05:04.202Z
VIwZetwuSK6bzTcC5Rmy;ebay__25-14773-52813;dpd;01596816179626;Delivered;2026-06-22T07:50:34.842Z
VMiZy3Ed8yxRcE8LVYyu;ebay__23-14519-68347;dpd;01596813030369;Delivered;2026-04-23T13:41:30.910Z
VOnSsEfFQEvFDuqOApPG;ebay__10-14669-46564;dp;A0062B01C5000000098B;Delivered;2026-05-26T06:51:05.088Z
VTKFxng8r8e7PO8w1k4e;ebay__01-14788-59481;dhl_de;00340434887954501032;Delivered;2026-06-15T08:33:07.108Z
VXeEWvFVzjHXU2CocY5m;kaufland__MUCZZ55;dp;A0062B01C500000002E4;Delivered;2026-04-27T09:58:48.778Z
Vf9pbTbkwSMDvfszRjVg;32157469;dpd;01596819837965;Delivered;2026-03-10T01:03:40.669Z
VmvgYAuATiV24RjPV8CC;kaufland__MBQLR55;dp;A0062B01C500000002A8;Delivered;2026-04-27T09:51:19.541Z
VxlmpCUNh99GulpWdzbs;ebay__20-14736-47038;dpd;01596815684567;ausstehend;2026-06-11T15:28:23.244Z
Vy3LOEl2Uam6yJIBieUm;31195240;dpd;09447010153194;Delivered;2026-03-10T01:04:37.140Z
W0l0FqH3CuNJOLI1j50M;kaufland__MLC53C5;dp;A0062B01C50000000865;Delivered;2026-05-08T13:40:21.069Z
W2HGf3rIqR7uQcH94sfL;32852819;dhl_de;00340434887954500325;Ready to send;2026-03-09T15:27:06.525Z
WC3b5SdQNp6lzQBJnCyo;kaufland__MKW69C5;dp;A0062B01C50000000897;Delivered;2026-05-11T12:19:03.181Z
WNGI6swXIqmtCgcqw2FP;31703746;dpd;01596819520571;Delivered;2026-03-10T01:04:02.705Z
WNM38xxt0PFwYD8WFKow;ebay__05-14668-32204;DHL;;problem;2026-05-20T11:37:25.844Z
WUTpWEKWgh0wps96FEv8;kaufland__ME7CYC5;dpd;01596814334120;Delivered;2026-05-18T11:20:29.728Z
Wa9Mc7q3i4hnNIwjbOUY;30290031;dpd;01596818447124;Delivered;2026-03-10T01:05:50.332Z
WgDwwI2H3oiYTxkUveQZ;kaufland__MWBWDT5;dpd;01596814423755;Delivered;2026-05-19T11:37:58.494Z
WjW3ED0vNSTEgTDNdRtK;ebay__24-14665-25895;dhl_de;00340434887954500899;Awaiting customer pickup;2026-05-26T07:13:09.315Z
WkhWEFMfWXx2v1GtbCVm;31164440;dpd;;Announcement failed;2026-03-10T01:04:38.022Z
WkwizwZEVs6NPavzFSkr;ebay__17-14488-05425;DP;;problem;2026-04-13T17:26:45.034Z
WqaBVqpH1GMAGgkzjG1e;32670055;dpd;01596810190030;Announced;2026-03-10T01:03:28.953Z
WsKQK1Hjf1d3yAbCsWyW;ebay__06-14745-12222;dpd;01596815435526;cancelled;2026-06-08T10:25:31.463Z
WsqU5RhnBik4cf83U99b;kaufland__MSA41U5;dp;A0062B01C50000000A1C;Delivered;2026-05-28T09:34:03.994Z
X3QAQ4xMWgjFm7DkLKQf;31170546;dpd;01596819146885;Ready to send;2026-03-10T01:04:41.914Z
X8mo8lVHXvJUA0sVg8Fx;32237097;dhl_de;00340433917162400054;Delivered;2026-03-10T01:03:40.400Z
X9UE0vsGgA2DOXcpubec;ebay__12-14586-97434;dpd;01596813550502;ausstehend;2026-05-04T10:56:13.382Z
XB07adEK76ZbXF0LQ2dx;ebay__19-14686-83853;dpd;01596815008723;Delivered;2026-05-31T13:51:55.458Z
XBeDeJOUbl1evO137uIg;ebay__15-14621-11470;dpd;01596814134894;Delivered;2026-05-13T09:01:53.999Z
XHsJKUxs3MEYxDnCrYfA;ebay__21-14695-42369;dp;A0062B01C50000000AA4;Delivered;2026-06-02T13:47:40.524Z
XIsfEK0UtDkULlJEbwqV;ebay__11-14558-76532;dp;A0062B01C500000003B2;Delivered;2026-04-28T18:34:46.016Z
XKOssvKTRDekGGGUQlyE;kaufland__MCTY4C5;dp;A0062B01C500000007F7;Delivered;2026-05-08T12:40:08.611Z
XM05GR49sd2gkqAE6pq5;kaufland__MWH8EB5;dp;A0062B01C5000000052E;Delivered;2026-05-03T08:47:10.915Z
XNMaxRHijmikpIobaj1q;ebay__04-14703-48872;dp;A0062B01C50000000A0F;Delivered;2026-05-28T09:33:04.238Z
XUfLHXSrbDxxrcjkDuRb;ebay__09-14748-74350;dpd;01596815532651;Delivered;2026-06-09T12:16:53.434Z
XVHW6RVUb8UQNZpkyCaY;31365562;dpd;01596819238476;Delivered;2026-03-10T01:04:36.524Z
XXXZsSIzdty3v67Kr5H7;32957411;dhl_de;00340434887954500318;Ready to send;2026-03-09T15:10:54.855Z
XZJM2y5UrYuJ0VKncyYY;32948504;dhl_de;00340434887954500332;Ready to send;2026-03-09T15:51:44.902Z
Xg8fZXV83Z5TU0sd2mXO;30450001;dpd;01596818533863;Delivered;2026-03-10T01:05:41.586Z
XhZDjiEu7m7w6fryOAeC;ebay__26-14434-87001;DPD;;problem;2026-04-05T15:03:22.367Z
XkWCGMAmEyfAnUcMisWI;30488854;dpd;01596818594044;Delivered;2026-03-10T01:05:41.013Z
XkYWEfX956dqLQdJEizM;ebay__21-14419-82824;dpd;01596811756606;Delivered;2026-03-31T10:16:14.095Z
Xklp8ECRpAWFTeyL95W5;ebay__25-14635-83173;dpd;01596814497917;Delivered;2026-05-20T11:11:33.803Z
XlTLI49Hf8KQEaddbKlH;ebay__06-14544-33221;dpd;01596812948265;Delivered;2026-04-22T11:08:54.141Z
Xsi6B1As5eyWlAhwToDK;ebay__11-14697-77126;dpd;01596815008211;Delivered;2026-05-31T13:30:45.786Z
Xw0WU6QdqLUO4Q4vEkua;ebay__01-14575-80717;DP;;cancelled;2026-04-28T19:03:16.322Z
XyFyvDWwkmuWyzkpxczV;ebay__19-14506-88300;dpd;01596812700300;ausstehend;2026-04-18T13:53:27.688Z
XzUb6cpKQUFC7VM2ElQT;33372633;DHL;00340433917162400078;ausstehend;2026-03-13T16:47:40.786Z
Y2654es1qrQ6y58aJ7LQ;ebay__11-14557-27202;dp;A0062B01C5000000032A;ausstehend;2026-04-27T10:04:34.990Z
Y3SgfIoIgGBBFu3l1jm1;ebay__01-14734-00771;dp;A0062B01C50000000B1E;Delivered;2026-06-03T14:54:09.549Z
Y6yDMfgLIjEuRQMdXqZA;31725822;dpd;01596819524030;Delivered;2026-03-10T01:04:02.590Z
Y72hDD95QL4Y5kjhGnfg;kaufland__MWXPCB5;dp;A0062B01C500000004CA;Delivered;2026-04-30T11:57:46.442Z
Y7fIz8K2WzXJ7Wl44eG7;ebay__22-14478-57772;dp;A0062B01C50000000112;Delivered;2026-04-13T10:14:18.841Z
YA6oY3OvCrNRRqWGr26i;ebay__03-14447-81888;dhl_de;00340434887954500622;Delivered;2026-03-31T10:21:57.949Z
YDdpEgrKYfpDSptfWUP9;30750243;dpd;01596818754054;Delivered;2026-03-10T01:05:27.462Z
YGXDqwbMKLPI1ViH21Nh;ebay__13-14592-26429;dpd;01596813746957;Delivered;2026-05-06T13:04:42.687Z
YHaD8d6yLDg01lWxZa1L;ebay__06-14536-84085;;A006289E3A000000005D;problem;2026-04-20T18:01:21.646Z
YJ0zGLzJM0NGlPnpn0W2;ebay__22-14522-59341;dp;A0062B01C5000000024F;Delivered;2026-04-23T13:01:22.936Z
YQyOsaVeCPI9UWKwnIax;ebay__27-14715-57793;dpd;01596815434119;Delivered;2026-06-08T10:16:38.607Z
YSboFQXgOUOdbEfqoIOH;30528156;dpd;01596818603682;Delivered;2026-03-10T01:05:40.721Z
YScLEewPOh3NjRDHPl2M;ebay__07-14696-54031;dp;A0062B01C50000000A3A;Delivered;2026-05-28T09:48:04.593Z
YUgBlmtdMQ0QznQVoX8L;ebay__08-14735-77996;dp;A0062B01C50000000BA6;Delivered;2026-06-08T10:58:59.157Z
YYYK8zhShcTagpBSFdJr;31442269;dpd;01596819254257;Delivered;2026-03-10T01:04:27.418Z
YkUSyjjnCimSri9aeBi6;kaufland__MWQ47Q5;dp;A0062B01C50000000127;Delivered;2026-04-13T10:21:46.348Z
YtUGDILua80GCYj86WM6;30841502;dpd;;Announcement failed;2026-03-10T01:05:26.732Z
YvBO59huOHfxBPIzzYin;30684328;dpd;01596818754026;Delivered;2026-03-10T01:05:28.125Z
YxGssJOwn3aIzXcaWiFk;ebay__10-14775-14595;dhl_de;00340433917162400467;Delivered;2026-06-16T11:26:25.974Z
Z2FHpkO7shT7Ou45CZOs;31510162;dpd;01596819381435;Delivered;2026-03-10T01:04:26.002Z
Z3gBb8KBjK4yy5Lp6ogm;kaufland__M4U7TQ5;dpd;01596812283418;Delivered;2026-04-11T11:55:57.764Z
Z6HPq019lVaxSAEoCEyJ;kaufland__MCF1TE5;dhl_de;00340434887954501025;Delivered;2026-06-12T09:27:25.119Z
Z7Or8VjJejDWQTkrg1YU;ebay__08-14693-94735;dpd;01596814834823;cancelled;2026-05-27T11:03:24.879Z
Z7sLH5qZuChksMMy9mIF;ebay__12-14586-97434;DPD;;problem;2026-05-04T10:56:20.112Z
Z8uphCdzLw8LOjSMiBij;ebay__11-14720-17378;dp;A0062B01C50000000AFD;Delivered;2026-06-03T14:25:26.793Z
Z9uUrx6KhHCIAWZ5Tu72;ebay__20-14581-72155;dpd;01596813747820;Delivered;2026-05-06T13:18:02.281Z
ZEX44a8AYXJU82E0h1Sh;kaufland__MZGD4Q5;dhl_de;00340434887954500691;Delivered;2026-04-08T14:24:30.432Z
ZGKydUD6Pc08VdtW88iU;kaufland__M4Y3S55;dp;A0062B01C5000000025C;Delivered;2026-04-23T13:02:28.511Z
ZJ3BvaMMEsGmfmKokMV1;ebay__12-14604-21056;dp;A0062B01C500000007BB;Delivered;2026-05-08T12:21:39.410Z
ZQdSZ5D4H1IoOWY44nj6;ebay__26-14510-74302;dpd;01596812892355;Delivered;2026-04-21T16:45:25.299Z
ZS9Cghwgoi9gT9Be4KW0;kaufland__MCZZEB5;dp;A0062B01C50000000557;Delivered;2026-05-03T08:55:26.083Z
ZarTsqnvzK66py0dAUyC;ebay__20-14736-47038;DPD;01596815684567;ausstehend;2026-06-11T15:29:56.655Z
ZjCiYJytzEAFLfJZVGTR;30888132;dpd;01596818855045;Delivered;2026-03-10T01:05:03.525Z
ZtjLBD9vaWB1lg1iJpiF;ebay__05-14668-32204;DHL;;problem;2026-05-20T11:37:25.792Z
ZtjnNnrKQoAL2KiiH4ek;ebay__23-14535-42721;dp;A0062B01C50000000387;Delivered;2026-04-27T10:10:55.174Z
a2y35CYC9eCxKEEaARfj;kaufland__M9HHUB5;dhl_de;00340434887954500806;Delivered;2026-04-30T16:20:32.981Z
aKPJuWhofC9SOyvo2hjA;31971005;dhl_de;00340433917162400016;Delivered;2026-03-10T01:03:41.226Z
aLmutkMHeptEOndfjPLG;GqagrbwbXYi2qsDwhq8z;DHL;00340433917162400092;Delivered;2026-03-17T15:53:10.591Z
aOgCjk36S8dJVJM5iYtp;ebay__16-14531-84412;dpd;01596813023653;Delivered;2026-04-23T11:59:33.087Z
aVrb0ARfmiVsa9Xfi5vC;ebay__12-14574-41305;dpd;01596813453596;Delivered;2026-05-03T09:20:50.204Z
aVyjSzZevNVPsAz2p1sn;ebay__12-14489-04000;dp;A0062B01C50000000134;Delivered;2026-04-13T10:44:39.321Z
agyQCM8vApiLAVPtP8QP;30802924;dpd;01596818856056;Delivered;2026-03-10T01:05:03.434Z
akTR2BuxoL7XBGcnyjQS;ebay__17-14488-05425;dp;A0062B01C50000000178;ausstehend;2026-04-13T17:08:46.045Z
akvZAURnjeDopaFvXkPT;ebay__13-14740-53445;dp;A0062B01C50000000BFF;Delivered;2026-06-09T12:05:47.346Z
asgbNm76fIeZcvdTkV3t;32048889;dhl_de;00340434887954500172;Delivered;2026-03-10T01:03:41.611Z
atNyhMJpdifyxCR8f78Y;30818568;dpd;01596818858416;Delivered;2026-03-10T01:05:03.249Z
awx3btXl5B6ClVGT7SEl;ebay__12-14711-09060;dpd;01596815185142;Delivered;2026-06-02T14:18:11.980Z
ayGXRTpzQ9kg0DJWkUFx;kaufland__MY1YT65;dpd;01596816183225;Delivered;2026-06-22T08:07:53.500Z
b1yOMxZhOeCN4IpoJJ3V;ebay__03-14538-93471;dpd;01596812811853;Awaiting customer pickup;2026-04-20T17:33:46.829Z
b9r8MVwwJtGsTJfLlqf0;ebay__05-14764-95394;dp;A0062B01C50000000C24;Delivered;2026-06-12T08:57:27.451Z
bBWLXWPVnkFUxl3qJDON;ebay__03-14768-67404;dpd;01596815713592;Delivered;2026-06-12T08:29:33.006Z
bDIewiBZm7NFM1IWfv6k;ebay__13-14782-13602;DHL;00340433917162400504;ausstehend;2026-06-24T09:54:58.047Z
bFlaQiEpmP90MllktuL7;30841502;dpd;01596818843948;Delivered;2026-03-10T01:05:25.993Z
bS73hdk4ryKVgXFyjtPy;30726979;dpd;01596818753164;Delivered;2026-03-10T01:05:37.054Z
bVHW3HRn0u5LFqABKMCx;31763283;dpd;01596819531947;Delivered;2026-03-10T01:04:02.187Z
bb4eE2kuQVEQoRBTDSVU;ebay__10-14811-87799;dpd;01596816405162;cancelled;2026-06-25T07:35:39.019Z
be1pGuLsFCXr3ZfL0cCm;31715598;dhl_de;00340434887954500004;Delivered;2026-03-10T01:04:04.019Z
bghiwb1mWhjk9dBsNnfX;ebay__20-14756-58786;dhl_de;00340433917162400436;Delivered;2026-06-15T11:39:23.757Z
biA2haXzRr3BBLS95Y2c;ebay__05-14468-94875;dp;A0062B01C50000000042;Delivered;2026-04-05T15:45:46.729Z
bqHvu9TTS1R8zNRCVEre;kaufland__M6TSDC5;dp;A0062B01C50000000829;Delivered;2026-05-08T12:52:25.143Z
bqth6KVfxagm9wwmuTmm;ebay__11-14557-27202;dp;A0062B01C5000000031F;ausstehend;2026-04-27T10:04:34.915Z
bvCDFLSGYhTqPMttHHU4;kaufland__M7TP355;dpd;01596812699427;ausstehend;2026-04-18T11:44:04.659Z
c06MWNr5DXsRdwbrikUW;ebay__02-14767-63593;dp;A0062B01C50000000C02;Delivered;2026-06-12T08:33:43.833Z
c2Vqq39tqZq0ULI8oezq;kaufland__MCBYEB5;dp;A0062B01C50000000544;Delivered;2026-05-03T08:52:46.191Z
c6OgGwUMBNc8XzOQzKyV;32965148;dpd;01596810452785;Ready to send;2026-03-10T01:03:27.397Z
c86HgFDvUfuuJrIVyf96;kaufland__MB7CU55;dpd;01596812811611;Delivered;2026-04-20T17:22:17.518Z
cAFOgGTnqvYvyhfU2wB2;ZOh8DpzHqHAoK44Xagdh;DHL;00340434887954500431;ausstehend;2026-03-17T15:53:22.634Z
cEFU0o5LNTjYEFwwSlit;30264115;dpd;01596818447593;Delivered;2026-03-10T01:05:45.132Z
cKoc9pglZZ4nX5UmWa96;ebay__27-14471-97377;DPD;;problem;2026-04-13T16:44:45.271Z
cLvPCdOE3FjoqQH6YopA;kaufland__M6X1TB5;dpd;01596813408366;Delivered;2026-04-30T09:32:34.656Z
cSgJIeTMZyDfMZcrsHz4;kaufland__MKD5G55;dhl_de;00340433917162400122;Delivered;2026-04-27T10:33:49.953Z
cWMGmgHtJqKRKZtNhH1X;kaufland__M55FLU5;dp;A0062B01C50000000B41;Delivered;2026-06-03T15:04:05.814Z
cXr8EVn1em6frlVV48Sb;ebay__27-14726-51830;dpd;01596815714641;cancelled;2026-06-12T08:37:26.829Z
cl9GgKpSZy8SDUXuCWDh;ebay__08-14593-60304;dp;A0062B01C500000006A1;Delivered;2026-05-04T11:53:21.561Z
cmbVa3K0rGtjeR7dfZYc;ebay__02-14804-82940;dpd;01596816180286;Delivered;2026-06-22T07:53:33.899Z
cpeZi3TZ1UwsOcqmrkv5;29942792;dpd;01596818135800;Delivered;2026-03-10T01:06:21.532Z
cuCH7cihyYv8bk9YgXzu;kaufland__MPEZQ95;dhl_de;00340434887954500585;Delivered;2026-03-30T10:42:04.456Z
cujXHo2ejuav41keQgJP;29852049;dpd;01596818055420;Delivered;2026-03-10T01:06:27.205Z
cwufAS0y6rQNLnCgQjbE;ebay__06-14651-57749;dpd;01596814239059;Delivered;2026-05-16T15:33:32.632Z
d3akqpnKF1kt8rR1esU1;ebay__15-14438-94835;DPD;;problem;2026-04-02T10:06:06.015Z
d8xSRPd2eCBcaPgw88k8;ebay__13-14715-05288;dpd;01596815257318;Delivered;2026-06-03T14:31:52.003Z
dDUZgIZFfBj4PgyJcD37;o3nkUxSp4plBEszaH2A6;dpd;01596811010247;problem;2026-03-18T12:16:26.512Z
dEa98SNOFjwtYteOdbE3;ebay__06-14536-84085;DP;;problem;2026-04-20T18:01:09.410Z
dJlfxL7oLN28KxZprl14;ebay__27-14471-97377;DPD;;problem;2026-04-13T14:36:09.027Z
dLdztZeeyMLpPdvHwn0m;ebay__20-14701-08278;dpd;01596815183058;cancelled;2026-06-02T13:31:28.952Z
dO4Bc9HRF4VBK5qYHtqo;29908385;dpd;01596818135936;Delivered;2026-03-10T01:06:18.237Z
dQWS2NPQp8yOmx7SCceu;32868890;dpd;01596810453091;Ready to send;2026-03-10T01:03:27.224Z
dRuzfXHx4X5Izu8C0pKQ;ebay__23-14548-94458;dpd;01596813330818;ausstehend;2026-04-29T08:49:32.728Z
dSM1mva9QpPLTsDvmesG;31898507;dhl_de;00340434887954500080;Delivered;2026-03-10T01:04:01.619Z
dXXaKuWvEKqbTkU1bIy2;ebay__19-14720-50865;dpd;01596815439707;Delivered;2026-06-08T10:52:22.204Z
dXdBg9F475rJFXnXo5QL;32002796;dhl_de;00340433917162400023;Delivered;2026-03-10T01:03:41.140Z
ddCW6DVMTMP5ga5pagFE;kaufland__MRSPKU5;dp;A0062B01C50000000B52;Delivered;2026-06-03T15:17:55.987Z
de7bcI8ecPRtIFEZGN8u;kaufland__MK5BPB5;dp;A0062B01C500000003C1;zugestellt;2026-04-28T18:55:19.761Z
djfca8L4MRZwsSAzijjo;32564377;dhl_de;00340434887954500233;Delivered;2026-03-10T01:03:37.113Z
dpjKsqg1rXou9jlCUk8o;kaufland__MCH61C5;dpd;01596813813240;Delivered;2026-05-07T11:53:07.035Z
dsuabLIglFG2YBp1o76o;ebay__23-14439-38436;DPD;;problem;2026-04-05T15:44:38.672Z
dwDfRZ59lzNfdk1bWcZK;kaufland__M5LY4C5;dhl_de;00340433917162400252;Delivered;2026-05-08T12:42:06.665Z
e0lOSj8XhdrQ9RuSGQCl;kaufland__MEES7B5;dp;A0062B01C50000000590;Delivered;2026-05-03T09:03:44.797Z
e26JtGrRRNjIupiAoNn3;ebay__25-14582-16768;dp;A0062B01C5000000078E;Delivered;2026-05-07T11:35:08.532Z
e6s9SaQW6vfXIPdRqRow;32099935;dpd;01596819787893;Delivered;2026-03-10T01:03:41.416Z
e8yfZ7DLc7To4dNIRaqK;29991970;dpd;01596818204720;Delivered;2026-03-10T01:06:05.636Z
eBxO5GaIpGOQPEyc3LzE;ebay__18-14779-02139;dhl_de;00340434887954501056;ausstehend;2026-06-22T07:22:30.925Z
eCryU4FSV9bjXBDqREew;ebay__04-14599-74033;dp;A0062B01C5000000062C;Delivered;2026-05-04T10:07:03.530Z
eEpkek0NORoSwQV01Vml;kaufland__MEFCUP5;dpd;01596811330356;Delivered;2026-03-24T10:47:00.394Z
eFI2o8CQqYlqBZhGss3R;32084518;dhl_de;00340434887954500141;Delivered;2026-03-10T01:03:41.991Z
eHLKd054WuGPiRZso52a;ebay__25-14579-69735;dhl_de;00340433917162400238;Awaiting customer pickup;2026-05-08T11:57:34.137Z
eIHXShTjFrOGpQLy7jIL;ebay__18-14578-29831;dp;A0062B01C50000000681;Delivered;2026-05-04T10:57:13.863Z
eNBmdYXaaCG5nNw9wY6G;32319967;dpd;01596819916434;Delivered;2026-03-10T01:03:38.997Z
eQ4obeHgNAeokaQad13i;kaufland__MACX7E5;dp;A0062B01C50000000C4E;Delivered;2026-06-15T08:42:48.508Z
eXIx7jb1xXfoxbTXBA5y;kaufland__M7Y3W55;dp;A0062B01C5000000030C;Delivered;2026-04-27T10:02:39.566Z
eZ2QKGDaeD8Gw2cWA6yW;kaufland__MGS5S55;dp;A0062B01C50000000269;Delivered;2026-04-23T13:03:39.528Z
emwYcDDPkqIaNOxmQrN8;32343595;dpd;01596819917634;Delivered;2026-03-10T01:03:38.227Z
esFSnrSB7etcru382X7a;kaufland__MYD46T5;dp;A0062B01C50000000998;Delivered;2026-05-26T07:03:10.382Z
et0Uw6qbUA4dLbmQbUP2;ebay__09-14724-26799;dpd;01596815335837;Delivered;2026-06-05T12:04:23.066Z
exFbzxQUgwUIcrYpQcw4;32815988;dhl_de;00340434887954500271;Delivered;2026-03-10T01:03:28.122Z
f1RCcsIiGKCXa2RumF2D;ebay__27-14561-36323;dp;A0062B01C50000000673;Delivered;2026-05-04T10:52:32.936Z
f3qNqa09QvvY0IsCSkKO;kaufland__M83QQQ5;dpd;01596812269183;Delivered;2026-04-10T11:52:31.322Z
fEqwB8DL3SNz0VmL0quM;30689389;dpd;01596818753435;Delivered;2026-03-10T01:05:36.239Z
fEzxAC55RhfqGhuHS0Du;kaufland__MX575T5;dpd;01596814586616;Delivered;2026-05-21T16:07:27.774Z
fKAGq080jvZwtcl6sZF0;ebay__17-14591-27745;dp;A0062B01C5000000076F;Delivered;2026-05-07T11:30:43.634Z
fMMDMOZkXLKhi6SJnL61;31164440;dpd;;Announcement failed;2026-03-10T01:04:37.804Z
fNvdQZArnNy3N5fIwvkS;ebay__09-14672-39236;dpd;01596814710256;Delivered;2026-05-26T07:35:04.775Z
fQnEtWG8hd8WvBsVchgH;ebay__12-14574-53858;dpd;01596813452373;Delivered;2026-05-03T07:32:34.660Z
fTM6m9q8yuDyEVBO45Dj;ebay__15-14557-75368;dpd;01596813296539;Delivered;2026-04-28T19:42:05.297Z
ffJUa5zPNszpY0BKES5b;ebay__13-14782-13602;;00340433917162400498;cancelled;2026-06-18T13:48:06.592Z
flSL6mwQgUMDTC37o0Ve;31105416;dpd;01596819147977;Delivered;2026-03-10T01:04:41.277Z
ftxoetqnlQE1uV1lWV3z;ebay__17-14488-05425;dp;A0062B01C5000000018A;ausstehend;2026-04-13T17:08:52.958Z
fv3DqNfnNko3NBKZM02b;kaufland__MXB6QC5;dp;A0062B01C50000000876;Delivered;2026-05-11T11:44:34.063Z
g1WeaGo4gXBqdRQ0PIrT;30922771;dpd;01596818905859;Delivered;2026-03-10T01:05:02.958Z
g5390veT8rdlIkTOWJ4x;30075154;dpd;01596818284831;Delivered;2026-03-10T01:06:04.717Z
g5BnpY9yX9ufdeJHtwc8;30495392;dpd;01596818594993;Delivered;2026-03-10T01:05:40.921Z
g7WemngEXdWlQGSFTccR;29848974;dpd;01596818078411;Delivered;2026-03-10T01:06:26.921Z
g7eV9Q5hfobcUc58pgcC;ebay__21-14649-90508;dpd;01596815538054;cancelled;2026-06-09T13:30:22.949Z
g7fguxdHUknAHOWSozqA;29691986;dpd;01596817969159;Delivered;2026-03-10T01:06:27.964Z
gAszx8Pgk9tjM31fnG7W;ebay__06-14737-83026;dpd;01596815339121;Delivered;2026-06-05T13:24:55.178Z
gD8TM67rGKJIhQzGLCws;30481325;dpd;01596818593899;Delivered;2026-03-10T01:05:41.289Z
gKRl9TymNaosLLht1K6I;kaufland__MWYHBB5;dp;A0062B01C500000004B9;Delivered;2026-04-30T11:55:58.797Z
gWmog9rlylOuxiLFUSDT;ebay__17-14768-30723;dp;A0062B01C50000000C68;Delivered;2026-06-17T08:06:21.653Z
gcxJbZVWYzQ2VDwR6WTu;ebay__13-14782-13602;dhl;00340433917162400498;cancelled;2026-06-22T09:10:26.281Z
geWVLkd0ayHRCHLqlflE;ebay__17-14697-49433;dhl_de;00340434887954500936;Delivered;2026-06-01T11:37:15.088Z
ggAglSWuQnbZJhd4UCMG;31400743;dpd;01596819243112;Delivered;2026-03-10T01:04:36.192Z
gz83RS8334MbyG9LhwWI;ebay__07-14548-32580;dpd;01596813034297;Delivered;2026-04-23T15:15:50.785Z
h3fyd4oSRAYIXHFp5snP;ebay__19-14579-85455;dpd;01596813654723;Delivered;2026-05-05T11:21:20.956Z
h3x0c9Zt9xIsdERaLsLb;29933981;dpd;01596818134853;Delivered;2026-03-10T01:06:25.586Z
h4hRyxA6EUQC9Scj7s8d;30709123;dpd;01596818753351;Delivered;2026-03-10T01:05:36.570Z
hAAK5YQ8Lwp69vXKOY8m;kaufland__M3USL55;dp;A0062B01C500000001F3;Delivered;2026-04-22T11:47:19.607Z
hF2HfOucOyIaQvvI7YW3;kaufland__MTH9SWQ;DPD;01596818534087;zugestellt;2026-04-12T23:29:38.818Z
hHR4ldXQ5uoNBJLQ75mS;30360538;dpd;01596818443700;Delivered;2026-03-10T01:06:03.125Z
hHRVqpnDObTGJUx5LGLK;ebay__09-14620-30500;dhl_de;00340433917162400306;Delivered;2026-05-11T12:08:36.593Z
hHWKArx0GGVwXhCLOJVL;ebay__04-14596-97779;dhl_de;00340433917162400214;ausstehend;2026-05-04T10:02:24.446Z
hJHJcSBGJ2PXzScL6BeK;31060643;dpd;01596819009965;Delivered;2026-03-10T01:04:42.461Z
hMmbiFQrKcJq0pawYeKv;ebay__06-14745-12222;dpd;01596815436012;Delivered;2026-06-08T10:28:10.739Z
hN11WiKc4cTmN1G5iy5D;kaufland__M9S1G55;dpd;01596813021152;Delivered;2026-04-23T11:32:39.730Z
hPIDMJqRpMoNcH524kl3;kaufland__MQSZBQ5;dpd;01596812283409;Delivered;2026-04-11T11:55:07.979Z
hUOUNxG3IgoBGVkpyume;30601595;dpd;01596818670447;Delivered;2026-03-10T01:05:39.132Z
hYQ4I9V1nKH5nmAVsFkm;kaufland__MTXQS95;dpd;01596811925721;Delivered;2026-04-03T11:26:11.960Z
hYolOP3TGi4OWKNC0U0b;30766240;dpd;01596818854283;Delivered;2026-03-10T01:05:03.619Z
hbVQyV6pCWu5Pdzt9PQ9;ebay__12-14774-11396;dp;A0062B01C50000000C5D;Delivered;2026-06-16T11:16:40.040Z
hnNjjTa00FMTLgyrsNaQ;ebay__25-14461-79502;dpd;01596812271467;ausstehend;2026-04-10T12:35:27.685Z
ho4DSFikPkK0mOCTkCwD;ebay__25-14579-69735;DHL;;cancelled;2026-05-07T13:28:04.762Z
hptl2gXTbAEIZXKYOgUC;29878631;dpd;01596818080186;Delivered;2026-03-10T01:06:26.242Z
i06fXXw5PNlOSSzxIoxX;ebay__21-14672-41517;dp;A0062B01C500000009D4;Delivered;2026-05-28T09:04:17.039Z
i7mu4QejvGo60yduQyvz;kaufland__MYLP3C5;dp;A0062B01C50000000843;Delivered;2026-05-08T12:58:18.721Z
i7rm5PRVKmbQOu7tYVkn;Xq87IO7qom7uqxGEv9Xf;DHL;00340434887954500462;Delivered;2026-03-17T15:53:22.413Z
iAtBmxpZTNZIv6425kvU;31946325;dhl_de;00340434887954500110;Delivered;2026-03-10T01:03:42.657Z
iEbbuaWUmNYgpsPuQYDk;32514441;dpd;01596810114863;Delivered;2026-03-10T01:03:37.227Z
iHHql2y3k7iPY4VRRuzQ;31135539;dpd;01596819148117;Delivered;2026-03-10T01:04:41.062Z
iYhdbw56zqSeVQdAd1tA;ebay__26-14571-78852;dpd;01596813748106;Delivered;2026-05-06T13:22:16.329Z
ibKrSY7NT0K1Zr2fEkDT;30785701;dpd;01596818854185;Delivered;2026-03-10T01:05:03.810Z
idAI4ZhrnFlocZTyPOcp;ebay__02-14723-04539;dpd;01596815097538;Delivered;2026-06-01T12:06:02.967Z
ieRrNfw3nBtwpZyjblN8;MmkVzCpsBIIwf0kDAeMu;DHL;00340434887954500424;ausstehend;2026-03-17T15:53:22.824Z
ii3URxhfi7a00zTNpitn;kaufland__MDXK1U5;dpd;01596814898346;Delivered;2026-05-28T09:39:22.824Z
ir9ETb4Y5n6ZquqrUNu4;ebay__19-14677-21353;dpd;01596814896450;Delivered;2026-05-28T09:29:32.604Z
iu0aUBBYJG7ChpYnos7Y;ebay__26-14695-59716;dpd;01596815257869;Delivered;2026-06-03T14:49:57.518Z
iwy2hY6xYqZX8eRn0XKq;ebay__08-14484-24624;dpd;01596812268694;ausstehend;2026-04-10T11:45:32.416Z
j3MbQAP2UCSLPHBLhCi7;ebay__27-14466-89155;DHL;;problem;2026-04-13T11:46:04.217Z
j74OCnywlkNa8KhFoF3A;30749410;dpd;01596818754037;Delivered;2026-03-10T01:05:28.001Z
jAPqjnDZtYsfjA3KjIUD;31685081;dpd;01596819520056;Delivered;2026-03-10T01:04:02.900Z
jDpcvzGb6kOzxOQ84TTT;ebay__04-14789-86216;dpd;01596815960304;Delivered;2026-06-17T08:01:06.616Z
jGa3U7sO5Y2vIGb5NzJh;ebay__16-14420-74313;dhl_de;00340434887954500592;Delivered;2026-03-30T10:45:24.316Z
jGmYOskZJmQEPLcqI6Tb;30110060;dpd;01596818284816;Delivered;2026-03-10T01:06:04.810Z
jHjdVjsyJHGnN8SB6FTD;ebay__04-14462-28169;dpd;01596811935101;ausstehend;2026-04-04T13:19:01.882Z
jLR3zQasIXqH8YjpcXNZ;SXLlb90dFmyvkItA0NzQ;DHL;00340434887954500400;ausstehend;2026-03-17T15:53:22.952Z
jM4bMsGkI7u6hdaKmOxX;ebay__19-14593-52565;dhl_de;00340433917162400283;Delivered;2026-05-08T13:22:29.836Z
jVOTxn9PbzpZJZNENLQP;32445728;dpd;01596819962325;Delivered;2026-03-10T01:03:37.785Z
jbJcmkNcyuxxrkzDa6WM;31616041;dpd;01596819461817;Delivered;2026-03-10T01:04:12.830Z
jc20xyPdL4EVoVahZK4t;kaufland__ME8WW55;dhl_de;00340433917162400153;Delivered;2026-04-27T10:41:59.880Z
jfoeh5bd3Gn6Fp0LWvpy;29843150;dpd;01596818078646;Delivered;2026-03-10T01:06:26.807Z
jhLsAE18S05HHqbBNP3n;ebay__26-14434-87001;DPD;;problem;2026-04-05T15:03:22.521Z
jkeI5l2O3XHm1OKPU6sM;kaufland__MKW69C5;DP;;cancelled;2026-05-11T12:03:06.070Z
jmsRGYKuFNVivt8gEuNJ;kaufland__MPYQGU5;dhl_de;00340434887954500981;Delivered;2026-06-03T15:08:14.528Z
jygOhuzbsCEFzpH01NKE;31164440;dpd;;Announcement failed;2026-03-10T01:04:40.321Z
k1g730PPnPvqMTekUCVV;kaufland__M838TE5;dpd;01596815719137;Delivered;2026-06-12T09:09:47.990Z
k52k21HjvXZRFGnDcCxI;30895298;dpd;01596818857219;Delivered;2026-03-10T01:05:03.336Z
k5atfIYifecovssJ1lt7;ebay__01-14679-06471;dpd;01596814586726;Delivered;2026-05-21T16:12:15.531Z
k61VqFTfJ7dPZfvvUqyN;30461100;dpd;01596818533822;Delivered;2026-03-10T01:05:41.672Z
k9PJs3Qzju5Y3ichYjjd;ebay__13-14492-98955;dpd;01596812388874;Delivered;2026-04-13T13:00:10.768Z
kCZSGDqjan5IyuMBXYxg;ebay__27-14466-89155;DHL;;problem;2026-04-13T17:55:50.941Z
kZD3SgOcaEIusKU0zbQX;ebay__06-14584-96994;dpd;01596813453679;Delivered;2026-05-03T09:27:47.163Z
kdMJkeoHy2XLseL2LD5f;ebay__24-14751-45153;dhl_de;00340434887954501018;Delivered;2026-06-12T08:54:49.567Z
kf24vRYpQXIBJHsoC1Ij;30129667;dpd;01596818336293;Delivered;2026-03-10T01:06:04.140Z
kmOHskOeegS6NEwSgy9b;ebay__04-14702-55792;dhl_de;00340434887954500905;Delivered;2026-05-28T09:31:18.675Z
kquF4oYSjFbYKb6T3xun;ebay__13-14639-60918;dp;A0062B01C50000000913;Delivered;2026-05-16T14:45:38.663Z
krDfNUY8EvFWeWiOYbtq;ebay__03-14510-46533;dpd;01596812537064;Delivered;2026-04-15T10:10:28.146Z
ks4Q1qjoa5e5D6hWZgm4;ebay__01-14746-25132;dp;A0062B01C50000000B95;Delivered;2026-06-05T11:48:12.548Z
ks8YtBY57iy3xDzrEmro;ebay__20-14511-26614;dpd;01596812811759;Delivered;2026-04-20T17:28:45.755Z
l1FZDEcDhUJF5YzxUCzh;ebay__21-14738-36345;dpd;01596815719794;Delivered;2026-06-12T09:14:06.427Z
l1X7zhSnqWlv6Zuxk3jj;30838408;dpd;01596818843226;Delivered;2026-03-10T01:05:26.594Z
l2cR7ARwhxIecMMYBmcc;30834109;dpd;01596818851534;Delivered;2026-03-10T01:05:04.750Z
l4a8hX3rnlayIfrOpHif;ebay__01-14483-69351;dp;A0062B01C500000000C3;Delivered;2026-04-07T12:35:44.676Z
l8yO7G2WNzgl75kTJW8b;31164440;dpd;;Announcement failed;2026-03-10T01:04:38.272Z
l9O8SrQ6ol9CKBkyVmtL;Q4GuOCVu1TEWmxxTLolK;dhl;00340434887954500479;problem;2026-03-18T12:24:43.374Z
lF04dtAOi5EqxY1PRgCU;30846001;dpd;01596818842011;Delivered;2026-03-10T01:05:27.077Z
lHs3tKCg5Zcn0XpRXuEs;ebay__12-14539-71524;dpd;01596813024504;Delivered;2026-04-23T12:09:25.515Z
lQubbcWiDs6XNI8SCQ34;ebay__16-14525-45108;dp;A0062B01C500000001D5;Delivered;2026-04-21T17:07:28.542Z
lgTl0B8WAuzp8asTPwP4;30387813;dpd;01596818458737;Delivered;2026-03-10T01:05:41.835Z
lgxvj3r23rkU57CXFDDn;o3nkUxSp4plBEszaH2A6;dhl_de;;problem;2026-03-18T11:39:23.095Z
liHH46wYKApvAmJG1hMU;30679818;dpd;01596818732004;Delivered;2026-03-10T01:05:37.169Z
lk6ddXPoGHsqW8Da3iEB;ebay__11-14545-40776;dhl_de;00340433917162400160;Delivered;2026-04-27T11:02:55.668Z
lsYp0kacZt60M1eyqHGE;kaufland__MT64R55;dp;A0062B01C5000000029B;Delivered;2026-04-27T09:46:15.629Z
lwkOYQiyZ2cxZ0i8JgPJ;ebay__13-14730-41460;dpd;01596815597650;Delivered;2026-06-10T10:44:08.262Z
lyhvFbzAGy9V1txaNlS1;ebay__03-14592-67545;dpd;01596813452404;Delivered;2026-05-03T07:38:32.143Z
m4GB1XCVKzryVyqCoBDl;ebay__27-14471-97377;dhl;354477736859;cancelled;2026-04-13T17:08:52.247Z
m7YwvtfzeHSmy4VxtSPZ;ebay__23-14589-09308;dp;A0062B01C500000007D1;Delivered;2026-05-08T12:27:17.188Z
m7rQxIZepkamuMjW5PRK;30712029;dpd;01596818753318;Delivered;2026-03-10T01:05:36.695Z
m8xUtWngbbGas9wUteFl;ebay__16-14525-45108;dp;;cancelled;2026-04-21T14:20:18.828Z
m9UXjiWgEHPtjVh1ioDx;ebay__17-14775-51916;dhl_de;00340434887954501070;Delivered;2026-06-22T07:47:18.361Z
mDk04QPxP9vt61fWLHGw;ebay__27-14471-97377;DPD;;problem;2026-04-15T10:18:17.981Z
mVQRuTZ9qKxRJF7Oxhx8;ebay__26-14434-87001;DPD;;problem;2026-04-05T15:03:22.161Z
mgotUjpYnIaahWdSGcB4;kaufland__M5RCAC5;dp;A0062B01C50000000900;Delivered;2026-05-15T12:38:50.860Z
mhr0ut0XiO0qIkXk4fkO;30931320;dpd;01596818901595;Delivered;2026-03-10T01:05:03.149Z
mhtYgLszf3HSjtU9NeJb;kaufland__M3QA3C5;dp;A0062B01C500000007E2;Delivered;2026-05-08T12:28:44.995Z
ms5dQn7f2TlqH5ujwrNI;30217083;dpd;01596818348500;Delivered;2026-03-10T01:06:04.049Z
mxsPZUDH8Fs6PecF1yt2;ebay__27-14443-57154;dpd;01596812023443;Delivered;2026-04-07T09:13:33.460Z
n925MsjGzlBYEDtJpkEB;30497833;dpd;01596818593392;Delivered;2026-03-10T01:05:41.391Z
nDld0pNroIZo1Vih5KCO;31040888;dpd;01596819009714;Delivered;2026-03-10T01:04:42.654Z
nIui8DPqh9dTqMj95ac6;31373176;dpd;01596819243572;Delivered;2026-03-10T01:04:28.181Z
nOPAUXKJSsxaOLR7fJhu;kaufland__MQC99T5;dpd;01596814497675;Delivered;2026-05-20T11:08:58.393Z
nQo3ebUefoHRqzwWiev4;31670499;dpd;01596819519742;Delivered;2026-03-10T01:04:03.151Z
nUNuksTa8dLL3fzxSa8L;kaufland__MQHALU5;dp;A0062B01C50000000B0D;Delivered;2026-06-03T14:27:54.185Z
nZ6eHQXj0gpAAvPP6KxW;31861684;dhl_de;00340434887954500066;Delivered;2026-03-10T01:04:01.962Z
nf9g8zyT22FT1j2TkF3U;ebay__05-14668-32204;DPD;;cancelled;2026-05-20T11:24:45.155Z
niLWYoOtgqndvS8HKfKJ;ebay__07-14547-38946;dpd;01596813025826;Delivered;2026-04-23T12:27:24.088Z
nn2dBpo8JMGefSGgNqDd;ebay__06-14558-23923;dhl_de;00340433917162400139;ausstehend;2026-04-27T10:40:02.436Z
npcimfI0ozOw5dX7NUVj;ebay__05-14722-60997;dpd;01596815185389;Delivered;2026-06-02T14:23:37.753Z
nsna26JmnQ3lkGTQ4Tcr;31554078;dpd;01596819387082;Delivered;2026-03-10T01:04:25.686Z
ntoRN4TQz0XQINYEO04E;30543524;dpd;01596818667195;Delivered;2026-03-10T01:05:40.357Z
o79NdX5EncAcNpvEn1Ew;kaufland__MT8YZB5;dp;A0062B01C50000000723;Delivered;2026-05-06T12:50:05.536Z
oAdkSNsRq3dKTSy4yrxI;ebay__09-14648-05905;dp;A0062B01C5000000094C;Delivered;2026-05-18T11:30:58.727Z
oAu7nCXQnVRnPg5Y10ri;ebay__11-14555-86349;dp;A0062B01C500000003A7;Delivered;2026-04-27T10:25:45.256Z
oBv2FefUmv3jcy0h8xsz;ebay__10-14627-24215;dpd;01596814091345;Delivered;2026-05-12T14:30:20.640Z
oDcERGufoSeEYCwwXXRp;33779393;DPD;01596811010247;ausstehend;2026-03-18T15:39:14.953Z
oU8IME5eNGphNUI2BVkp;ebay__15-14560-89746;dp;A0062B01C5000000046D;Delivered;2026-04-29T09:43:19.482Z
oZICdHxyj5RIXJculNTW;kaufland__MSRTGB5;dp;A0062B01C500000005FA;Delivered;2026-05-03T09:54:20.244Z
oavFSWEynylqXiUZlOzh;33128946;dpd;01596810533049;Ready to send;2026-03-10T15:36:58.774Z
okKINwRyOUWB6hLGu8f0;ebay__02-14595-36651;dpd;01596813453881;Delivered;2026-05-03T09:43:11.540Z
olp39C3whdMaWMp6h4TV;ebay__26-14688-58639;dpd;01596815183515;Delivered;2026-06-02T13:40:28.233Z
omD7j6bEy8k3dzq75En4;kaufland__MSQ1GU5;dpd;01596815257556;Delivered;2026-06-03T14:38:17.120Z
onLjL5EF4tpmR32UppAS;ebay__11-14555-86349;dp;A0062B01C50000000394;ausstehend;2026-04-27T10:25:45.020Z
opO7lIJJPF7VTUeFqCFf;ebay__23-14736-17494;dpd;01596815713334;Delivered;2026-06-12T08:27:42.291Z
orsFJIZQrqphddUXqxDV;ebay__18-14779-02139;DP;;problem;2026-06-22T07:22:37.486Z
oyoaV3Yq0ndfd9nXImdE;ebay__02-14599-60926;dpd;01596813546403;Delivered;2026-05-04T10:31:46.829Z
p9i5K4acOmXgBid5JVcd;30987527;dpd;01596818940316;Delivered;2026-03-10T01:05:02.059Z
pAoACfQSY0G1Bo6Ym4Wq;30177192;dpd;01596818348779;Delivered;2026-03-10T01:06:03.669Z
pCtjL5fM6guklFXV6q5F;ebay__09-14587-71396;dpd;01596813457972;Delivered;2026-05-03T12:55:29.248Z
pMPJRHu1MY2Ws1FVtOad;ebay__20-14733-27917;dpd;01596815684637;Delivered;2026-06-11T15:33:31.984Z
pP7lC8fgTi9ol9aGW3nt;ebay__07-14742-95305;dpd;01596815440227;ausstehend;2026-06-08T10:56:46.410Z
pUTdsbqEjtsv1tIF90zP;30638298;dpd;01596818728585;Delivered;2026-03-10T01:05:38.733Z
pbfyv8mkqMbzPzdcraQ2;30724228;dpd;01596818753394;Delivered;2026-03-10T01:05:36.469Z
pdIdYVROJzFsy1FBcH1z;30815375;dpd;01596818843283;Delivered;2026-03-10T01:05:26.355Z
pfXUYcci3Ks0u6yhIMjL;kaufland__M3UEDC5;dp;A0062B01C5000000081C;Delivered;2026-05-08T12:49:56.368Z
pmhBZXtWTYq7NzJJc580;ebay__26-14434-87001;DPD;;problem;2026-04-05T15:03:22.559Z
pohCFvgrHuIfuVxiMYu4;ebay__26-14434-87001;DPD;;problem;2026-04-05T15:03:22.327Z
pp9b9Hl9rqVjUoxM4S9w;30734487;dpd;01596818753965;Delivered;2026-03-10T01:05:28.255Z
ppK3jZ94wiPk5L8G9xr7;ebay__12-14628-32108;dp;A0062B01C500000008E8;Delivered;2026-05-15T12:19:56.524Z
pyGDPKUvx1jbQx4nywar;31232193;dpd;09447010153245;Delivered;2026-03-10T01:04:37.010Z
pymKfPXp6vaO6CX8A2I6;ebay__05-14668-32204;dhl_de;00340433917162400375;ausstehend;2026-05-20T11:36:29.690Z
pzQW5FxlcTuTdB6jxKBV;kaufland__M8E5ZB5;dhl_de;00340434887954500820;Delivered;2026-05-06T13:34:48.251Z
q6w5Lh5OKR6mXRjMPykM;33201260;dpd;01596810601394;Ready to send;2026-03-11T13:25:20.881Z
qMe80emVFBEwa5R8zJFr;ebay__02-14426-24251;dhl_de;00340434887954500516;Delivered;2026-03-26T10:44:58.512Z
qQqCICnVbxVFNnO1jzE2;ebay__22-14709-86770;DPD;;cancelled;2026-06-05T11:55:37.901Z
qWhaEkuC0Et8S2ONK94z;30278866;dpd;01596818449917;Delivered;2026-03-10T01:05:42.481Z
qbQ7pLK7BE7OvF2iiQkF;30799662;dpd;01596818847277;Delivered;2026-03-10T01:05:25.670Z
qeHQeNaxZ29s3XPfLwwL;ebay__10-14782-24021;dhl_de;00340434887954501049;Delivered;2026-06-18T11:36:48.751Z
qgrH1XGV9J47fTo7Vsfo;30298788;dpd;01596818448105;Parcel en route;2026-03-10T01:05:42.684Z
qjiraEqapHpil5YDv1Z8;ebay__09-14728-04553;dpd;01596815334689;Delivered;2026-06-05T11:38:55.316Z
qmJA0KYOs0NfTNp1A9wW;ebay__25-14698-69691;dp;A0062B01C50000000B67;Delivered;2026-06-05T11:25:09.536Z
qnOrGGByUpAPR0r0fZwf;31157836;dpd;01596819148205;Delivered;2026-03-10T01:04:40.950Z
quFCNaPYLgAk4HaC9qNJ;kaufland__MWQZ5T5;dpd;01596814586294;Delivered;2026-05-21T15:50:46.119Z
qunq0qwDIDSsMWvp8HdF;ebay__10-14531-44849;dpd;01596812886087;Delivered;2026-04-21T13:52:04.923Z
qxPEhdzmvhjo8SBhvdQn;kaufland__MXWSG55;dp;A0062B01C50000000225;Delivered;2026-04-23T12:58:35.299Z
qyor8KhE2HTtWkmcJ4iB;ebay__27-14471-97377;DPD;;problem;2026-04-13T16:44:45.374Z
qzxhpkZc7HnyKfpdrqpm;29796450;dpd;01596818078808;Delivered;2026-03-10T01:06:26.639Z
r9sSRlhmWH4yfNPEOuxm;32849776;dhl_de;00340434887954500295;Delivery method changed;2026-03-10T01:03:27.758Z
rAEv3mao3DQpaXyfcWUz;32034597;dpd;01596819787150;Delivered;2026-03-10T01:03:41.900Z
rBZv62JFc0Lsd4WsVaqy;31118939;dpd;01596819148313;Delivered;2026-03-10T01:04:40.556Z
rDhxeE1APSp42adnZk8C;29735277;dpd;01596818079798;Delivered;2026-03-10T01:06:26.332Z
rLge8KeLWh7SFOzraZ96;31457708;dpd;01596819311741;Delivered;2026-03-10T01:04:26.319Z
rM7VAsR5UQRRzcr1fmHC;ebay__17-14762-81093;dhl_de;00340433917162400474;Delivered;2026-06-16T11:30:26.235Z
rPybSN1YHUmu6keeVX2j;30735500;dpd;01596818753490;Delivered;2026-03-10T01:05:36.142Z
rT7W4lLcRsedkuIe9qKX;ebay__04-14561-60720;dp;A0062B01C500000002BD;ausstehend;2026-04-27T09:56:07.921Z
rU75tZzn4vkv89vfF9Im;ebay__15-14438-94835;dpd;01596811901405;Delivered;2026-04-02T10:08:06.139Z
reNeGhAJ2z7qcrWmKrv5;31084873;dpd;01596819009776;Delivered;2026-03-10T01:04:42.555Z
rf6CeDRfMalD5huy45vp;31373176;dpd;;Announcement failed;2026-03-10T01:04:28.258Z
rfzVzateFKbegYqccqoR;31486845;dpd;01596819308068;Delivered;2026-03-10T01:04:26.865Z
rjJ9MDH48t1YPYjIRJAm;kaufland__MZHE6U5;dpd;01596815185811;Delivered;2026-06-02T14:35:45.367Z
rmiIBadWan4L1KNWW8jc;kaufland__MTX49U5;dhl_de;00340434887954500912;Delivered;2026-05-31T12:32:55.054Z
rsEJl9SktGY0k9REWZDq;33014938;dhl_de;00340434887954500288;Ready to send;2026-03-10T01:03:27.909Z
rywtgWlk8lVJyp0agIvK;ebay__10-14742-34609;dpd;01596815437672;Delivered;2026-06-08T10:38:16.999Z
rzCjt9xKQKGyOiOulrRI;ebay__15-14438-94835;DPD;;problem;2026-04-02T10:06:05.951Z
s28vIgpiG8pxlxyjeRk3;ebay__27-14726-51830;dp;A0062B01C50000000C11;Delivered;2026-06-12T08:39:29.006Z
s2NNRe8UO5Sqrp8LAQ5p;30085036;dpd;01596818284343;Delivered;2026-03-10T01:06:05.032Z
s4dwehCRQlhzXO8hCBjP;ebay__12-14509-07845;dpd;01596812691741;Delivered;2026-04-17T13:34:32.339Z
sB16LQfYhOl205QzcuJ8;ebay__01-14727-73676;dpd;01596815095579;Delivered;2026-06-01T11:49:18.363Z
sB2Woxs520z3ILMkI5lu;ebay__11-14442-22145;dhl_de;00340434887954500639;Delivered;2026-04-01T14:35:18.272Z
sEWsHvR5hQm1xbd5BWZR;ebay__04-14596-97779;DPD;;problem;2026-05-04T10:02:31.435Z
sGBJBPS4xGb6DUIYVJlq;31660712;dpd;01596819464239;Delivered;2026-03-10T01:04:08.832Z
sNtEc8J1cK3MnzSithjF;29783933;dpd;01596818081128;Delivered;2026-03-10T01:06:25.836Z
sTGWUmiPCJuyIQt4vBxu;ebay__04-14496-66323;dp;A0062B01C500000000FC;ausstehend;2026-04-11T11:53:37.374Z
sV2L0wIABmUpfuzt4JHR;ebay__13-14686-13071;DHL;;cancelled;2026-05-27T13:31:49.368Z
sX6g9F0Lf84tiJyW5qnh;kaufland__MZAGTP5;dhl_de;00340434887954500493;Delivered;2026-03-24T12:15:49.263Z
sZTffYA3VlphQcn4giSn;32024923;dhl_de;00340433917162400030;Delivered;2026-03-10T01:03:40.894Z
sarT1DRIRou1lLEG282L;ebay__17-14689-20536;dpd;01596815007072;Delivered;2026-05-31T12:28:46.523Z
sj7WyFb1BangukoAylc2;ebay__27-14767-19403;dhl;00340434887954501087;ausstehend;2026-06-22T09:19:58.073Z
sjhGXzR76d9w4m0RQsVY;ebay__22-14709-86770;dpd;01596815335489;Delivered;2026-06-05T11:56:50.306Z
soXNeZBbbIF9xlSs1IQG;ebay__01-14724-20809;DP;;problem;2026-06-01T12:05:42.989Z
sxI6JuGC8Gjtj0HXTGuH;o3nkUxSp4plBEszaH2A6;dhl_de;;problem;2026-03-18T12:04:26.835Z
t12asEDWSQqmru3Trcvd;30988943;dpd;01596818940282;Delivered;2026-03-10T01:05:02.180Z
t1Gen0HZqx79AfuUM237;30278866;dpd;01596819012817;Ready to send;2026-03-10T01:04:42.292Z
t2RfaNCevgXp0ToMCx4w;ebay__18-14593-70217;dp;A0062B01C500000007C8;Delivered;2026-05-08T12:22:58.226Z
t6Xxdzn7DEf4Wy6ZYwfp;ebay__14-14602-49030;dp;A0062B01C50000000850;Delivered;2026-05-08T13:11:00.357Z
t9eIcz6bQ8AEWRkmGpya;ebay__25-14717-18523;dpd;01596815439151;Delivered;2026-06-08T10:48:01.516Z
tBXMebR5CXrFPmAv1G11;ebay__09-14699-32409;dpd;01596815008080;Delivered;2026-05-31T13:26:15.337Z
tC8hnfyOfYu9RI5cljAi;kaufland__MCE8EB5;dp;A0062B01C5000000053D;Delivered;2026-05-03T08:49:00.685Z
tCvypPW8dKGHzLJHoCT3;ebay__25-14567-71492;DPD;;problem;2026-05-04T09:47:11.863Z
tFvvFeKw1X1bSzJKNTRf;ebay__27-14466-89155;DHL;;problem;2026-04-13T14:36:12.409Z
tM67ksaxKuHTQT5neeQd;ebay__11-14620-25368;dpd;01596813995776;Delivered;2026-05-11T12:13:03.995Z
tR1ide1MSU1iiVloVYVI;31483115;dpd;01596819308520;Delivered;2026-03-10T01:04:26.764Z
tRQDSV3USJlBqH87zeWa;31164469;dhl_de;00340434757822957646;Delivered;2026-03-10T01:04:41.483Z
tTegaYW0Wf8MykZgJtnH;ebay__20-14627-26710;dpd;01596814238829;Delivered;2026-05-16T15:12:58.207Z
tUDe8UlFDOiGoQS0ByUK;31242240;dpd;01596819151092;Delivered;2026-03-10T01:04:36.709Z
tW7KyS4zQHRBMq2nZABJ;30712542;dpd;01596818753290;Delivered;2026-03-10T01:05:36.809Z
tWAeoXKFtWwrnIB7tMY7;ebay__27-14752-25321;dpd;01596815959688;Delivered;2026-06-17T07:56:45.735Z
tZWvIacLWOiIXvaDnKpX;kaufland__MRSLS55;dp;A0062B01C50000000288;Delivered;2026-04-23T13:05:44.333Z
tag9t2SuYbY6f7fzzG3W;29594135;dpd;01596817917315;Delivered;2026-03-10T01:06:34.931Z
thTnUSMC09Uz0mHW3r9c;ebay__14-14645-68317;dp;A0062B01C50000000935;Delivered;2026-05-18T11:29:33.758Z
tlbclNJmBLuTjrM9jVKV;kaufland__M44FEU5;dhl_de;00340434887954500943;Delivered;2026-06-01T11:39:20.873Z
ttUYlJTvUfoXDKKcTIsQ;30639608;dpd;01596818728901;Delivered;2026-03-10T01:05:38.100Z
u1ORuDAAwfGcppZicxmn;kaufland__MEYG7B5;dp;A0062B01C50000000583;Delivered;2026-05-03T09:00:59.363Z
u5Djd70k5F47VhRMTBux;29965842;dpd;01596818151386;Delivered;2026-03-10T01:06:05.790Z
u5U5Dk4xzo295iQ7yx3N;o3nkUxSp4plBEszaH2A6;dhl_de;;problem;2026-03-18T12:13:22.049Z
u660AGWgh2ZUxqyqlwg0;32661058;dpd;01596810189905;Announced;2026-03-10T01:03:36.236Z
u7lgnOFIxOh6LjSEVkb0;kaufland__MRBYK55;dpd;01596813034324;Delivered;2026-04-23T15:16:44.587Z
u7rPvHYrlbbfW1PpJUud;ebay__17-14719-98684;dpd;01596815340662;Delivered;2026-06-05T14:27:39.783Z
u8tmrYW4KnDNdwWFUljl;ebay__22-14778-49187;dp;A0062B01C50000000C89;cancelled;2026-06-22T07:28:38.387Z
uD4YUa3D0DIYx1if1scr;ebay__09-14482-30265;dpd;01596812269443;Delivered;2026-04-10T11:57:13.016Z
uE3MyUTe82Kmw1DcnhY3;30580678;dpd;01596818666815;Delivered;2026-03-10T01:05:40.442Z
uHlTV7B5WJG0XTDIgFUR;30444203;dpd;01596818533550;Delivered;2026-03-10T01:05:41.757Z
uKhWXk2GnNOvMd6fKMWs;kaufland__MEFE3B5;dp;A0062B01C500000003FE;Delivered;2026-04-28T18:57:03.538Z
uM1CAGkgTRnt1xoxQTlP;kaufland__MKBU665;dp;A0062B01C50000000CA9;Delivered;2026-06-24T10:14:22.653Z
uMYDsgDB6Am8ciOXQAyP;o3nkUxSp4plBEszaH2A6;dhl_de;;problem;2026-03-18T11:38:35.601Z
uSUwyjKraoX3npZfBluB;31840804;dpd;01596819625770;Delivered;2026-03-10T01:04:01.287Z
uTSjuWhTfD8Otnd4G9C0;ebay__15-14786-76944;dpd;01596816184109;Delivered;2026-06-22T08:13:00.826Z
uYPwczP82i5jH0VZ8sel;31237268;dpd;09447010153246;Delivered;2026-03-10T01:04:36.912Z
uZD1n8IJzE8qsKs7Bv0L;ebay__03-14510-46533;dpd;01596812536994;ausstehend;2026-04-15T10:09:51.458Z
uZtYzBU4yI7wKlcHaEgc;32350840;dpd;01596819961332;Delivered;2026-03-10T01:03:38.019Z
udu1acp4RlhU3DrkG7Gx;kaufland__MD39RB5;dp;A0062B01C500000006F8;Delivered;2026-05-05T11:06:43.103Z
unXaiZI4vvUt9vVlYezr;ebay__18-14708-67182;dpd;01596815257419;Delivered;2026-06-03T14:35:13.746Z
upPzkqktSC3mZWE2uRgt;YwinBqNFpqMkWkN0NOij;dhl_de;;problem;2026-03-17T15:47:24.314Z
uq3qbXGaJSgp843m8qQX;29625313;dpd;01596817917382;Delivered;2026-03-10T01:06:28.043Z
uqNlXDkHesfwpGECFuTM;kaufland__MCGE755;dp;A0062B01C500000001CC;Delivered;2026-04-21T17:01:36.776Z
v16ZfKfw7Ow44H0O8Z91;kaufland__MP1UCB5;dp;A0062B01C500000004D3;Delivered;2026-04-30T11:59:29.318Z
v3QsNyyyHJMptDgQWGMK;ebay__14-14596-35683;dpd;01596813818762;Delivered;2026-05-07T13:07:05.125Z
v3d3H5hxAiDsJSwNlRuF;kaufland__MRG3595;dpd;01596811667495;Delivered;2026-03-30T09:46:51.146Z
v7MlDvLS4XahutSfKE6m;ebay__26-14422-83523;dhl_de;00340434887954500646;cancelled;2026-04-02T10:05:58.703Z
v7SBDM93vTAF71Ga391V;ebay__09-14620-19707;DHL;;problem;2026-05-11T11:52:35.756Z
vBKrk1crbvprsfbaDXOq;30657239;dpd;01596818729554;Delivered;2026-03-10T01:05:37.924Z
vDDLKhPC23aquvWpIfAD;31238496;dpd;09447010153258;Delivered;2026-03-10T01:04:36.817Z
vFRF80lCN3R7HjML64b7;ebay__03-14523-58106;DP;;problem;2026-04-17T17:24:47.722Z
vMQgW4BcIZ0SfIbXfZnr;32158592;dhl_de;00340434887954500189;Delivered;2026-03-10T01:03:41.019Z
vR7K1JH71VPAlFrI4D9f;30130806;dpd;01596818332697;Delivered;2026-03-10T01:06:04.356Z
vRdn7knHrdk3Od8UCsD7;ebay__08-14511-59037;dpd;01596812690538;Delivered;2026-04-17T12:54:46.433Z
va256m63dmTWlsZLgPLX;kaufland__M7Z5A95;dpd;01596811935159;Delivered;2026-04-04T13:28:24.711Z
vdymSNID5QAlinZt0FNQ;30760656;dpd;01596818848175;Delivered;2026-03-10T01:05:25.382Z
vu7IbmCJ2hudlfDHTVJB;32126153;dpd;01596819855372;Delivered;2026-03-10T01:03:40.492Z
vuL3xojv8LBXQPc4I7So;30674443;dpd;01596818730281;Delivered;2026-03-10T01:05:37.559Z
w0saYiJHn0dDgLL5esM2;kaufland__MQP9XC5;dpd;01596814238746;Delivered;2026-05-16T15:00:56.972Z
w3EJfrXiCgDnFiLQTnpx;kaufland__M7RTUB5;dp;A0062B01C5000000051B;Delivered;2026-05-03T08:45:14.425Z
w7ReudEOQBbTC3o2qEIv;ebay__27-14471-97377;DPD;;problem;2026-04-13T16:44:45.327Z
wAR44decGw4OduMBIqfp;ebay__16-14419-83490;dhl_de;00340434887954500554;Delivered;2026-03-30T10:32:32.807Z
wBF3VfzbAxs7AglQS7SV;31159971;dpd;01596819148212;Delivered;2026-03-10T01:04:40.771Z
wBoifEPTHNaPMkoyLCgN;kaufland__MPSREP5;dhl_de;00340434887954500509;Delivered;2026-03-24T12:19:57.019Z
wDqj5PkuzSx1z4tPqKwl;31545597;dpd;01596819382172;Delivered;2026-03-10T01:04:25.791Z
wFSk3rU1g36YThVcUsGt;ebay__09-14561-34543;dp;A0062B01C50000000407;Delivered;2026-04-28T18:59:11.143Z
wFy0tpP8M36vfjaxe3Ek;ebay__22-13989-59899;DHL;00340434757822760833;Delivered;2026-03-24T11:02:02.293Z
wHqUfcNMMXHLXs8asGhm;30674443;dpd;01596819273773;Ready to send;2026-03-10T01:04:27.185Z
wICCg4Zuc6BqnT0aFbG4;32367331;dpd;01596819961756;Delivered;2026-03-10T01:03:37.903Z
wKX7yY6U92wd5EYq7wu3;29997431;dpd;01596818205729;Delivered;2026-03-10T01:06:05.485Z
wNRNziE9RqX7PLFbQc4f;kaufland__MD1UZT5;dpd;01596814893131;Delivered;2026-05-28T09:10:15.045Z
wUQ9zYswktOAHChZmuWw;ebay__06-14596-84866;dhl_de;00340434887954500813;Delivered;2026-05-04T10:13:30.638Z
wXjoiga0MO6TtdNWu3oD;kaufland__MQPRUU5;dpd;01596815098208;Delivered;2026-06-01T12:12:31.382Z
wbcD2vf3UyIEewCHp37B;ebay__15-13999-23417;DHL;00340434757822760338;Delivered;2026-03-20T20:19:59.810Z
wcggTUPkiZPZrUd68rzi;ebay__27-14471-97377;DPD;;problem;2026-04-13T14:36:09.094Z
wdufr5Q6ck2TUYs1gNaj;31377847;dpd;01596819242925;Delivered;2026-03-10T01:04:36.281Z
wfXElJHJFUJl16Qb2oet;ebay__11-14593-54715;dpd;01596813653482;Delivered;2026-05-05T11:11:56.859Z
wijCgfOqQ0JOCCKQlar2;ebay__21-14550-00294;dpd;01596813328891;Delivered;2026-04-29T08:39:10.184Z
wmWttRxDPWJ8EoO6vrTz;ebay__27-14668-76806;dpd;01596814905360;Delivered;2026-05-28T10:29:45.583Z
wrjX5nZqvPl8gE86Wwzk;ebay__05-14668-32204;DPD;;problem;2026-05-20T11:37:25.966Z
x09flqG3BFZi3onUXswx;ebay__03-14605-89877;dp;A0062B01C500000006ED;Delivered;2026-05-05T11:01:42.734Z
xLhj8WxUBCv5PHcgXXuw;ebay__07-14586-61635;dpd;01596813453912;Delivered;2026-05-03T09:46:04.826Z
xQBniFIvtP3E9yvn3gJi;30253926;dpd;01596818444732;Delivered;2026-03-10T01:06:02.950Z
xRmkgekjgAaZgrpDuwwJ;ebay__13-14782-13602;DHL;;cancelled;2026-06-18T13:46:23.498Z
xVpc1tYktdzh2SsniIWB;ebay__13-14686-13071;DHL;;cancelled;2026-05-27T13:31:49.431Z
xbgx1uueHi6nK8USvHMA;ebay__11-14557-27202;dp;A0062B01C50000000339;Delivered;2026-04-27T10:04:35.178Z
xhUcRiqgEegqOH476FJu;1zUt26ooOhv2M7rbPPSx;DHL;00340434887954500448;Delivered;2026-03-17T15:53:22.564Z
xpbnQOTLSpM8oPAvO4Mi;ebay__15-14583-03416;dp;A0062B01C50000000692;Delivered;2026-05-04T11:04:09.827Z
xr8BjHNs8khedGy3vD5h;ebay__05-14668-32204;DHL;;problem;2026-05-20T11:37:25.884Z
xrZGRtTl06hrQBAb9kCr;kaufland__MZBH3B5;dp;A0062B01C50000000432;Delivered;2026-04-28T19:07:35.655Z
xsCHFBQQNzbgVLu1TFzy;32697878;dpd;01596810262449;Announced;2026-03-10T01:03:28.733Z
xtm7jcE4oh2Joox1X78T;ckNGsiUMBxxAYBKMtspX;dpd;01596811003505;ausstehend;2026-03-18T21:14:28.267Z
xwSZX9olIhQHdXpX83Ef;ebay__15-14691-83600;dp;A0062B01C50000000A76;Delivered;2026-05-31T12:26:22.342Z
xz9PKwptuXCdRTvHRQxl;YwinBqNFpqMkWkN0NOij;dhl_de;;problem;2026-03-17T15:52:05.661Z
y32EUHbbaOEyM3hVlf9X;ebay__16-14525-45108;DP;;cancelled;2026-04-21T14:20:23.693Z
yEjT1lnIPJfyBg0IyH6L;kaufland__MB7ZSQ5;dhl_de;00340434887954500707;ausstehend;2026-04-13T17:55:46.086Z
yHkiAkrKXHE6kdhKDOCb;kaufland__MX93695;dpd;01596811855874;Delivered;2026-04-01T14:29:06.862Z
yJukEPETrEKhZzRNaVuN;ebay__11-14697-81723;dpd;01596815008171;Delivered;2026-05-31T13:27:54.838Z
yL35MQEmUEZid83jRyCi;ebay__12-14481-49136;dp;A0062B01C500000000DA;ausstehend;2026-04-11T11:47:22.123Z
yNbyd6Kyuv90BElvpNrE;ebay__07-14488-36317;dpd;01596812271500;ausstehend;2026-04-10T12:36:08.892Z
yOMDMTL8p2BHw64T98oL;33127936;dhl_de;00340434887954500363;cancelled;2026-03-10T16:55:55.668Z
yTEAxjLMX4wDGCn0gAsB;30871435;dpd;01596818853656;Delivered;2026-03-10T01:05:03.906Z
yaFwONV8XFCaW71NCqjX;31837921;dpd;01596819626569;Delivered;2026-03-10T01:04:01.081Z
yj9vquYp9yo9j5iCCCUQ;32783516;dpd;01596810312039;Announced;2026-03-10T01:03:28.608Z
ylxDtFO75wyf3JbFS8Mb;kaufland__MCHKEC5;dp;A0062B01C500000008A4;Delivered;2026-05-12T10:04:40.978Z
ypZp1xpALBnYbwCIqsIh;ebay__22-14709-86770;DPD;;cancelled;2026-06-05T11:54:12.581Z
yveXl6znPNgW3TsV8X6a;32855144;dpd;01596810449139;Ready to send;2026-03-09T15:32:49.686Z
zEsc8WKPvspC23p7E8mv;ebay__01-14674-86863;dpd;01596814498500;ausstehend;2026-05-20T11:17:18.627Z
zKEBZ9QYSmP6yHXhHcqT;kaufland__MBF6TT5;dpd;01596814586762;Delivered;2026-05-21T16:13:53.753Z
zMLCeWzaO0aUmt9lBxUS;ebay__17-14454-49092;dp;A0062B01C50000000077;Delivered;2026-04-06T17:04:01.313Z
zN2g3PVns4VQu2WNUYIh;ebay__12-14779-34041;dhl_de;00340433917162400481;Delivered;2026-06-18T11:41:18.290Z
zQYIajTvQAxUCVZY2Nrr;kaufland__MRG3595;dpd;01596811659850;cancelled;2026-03-30T09:11:31.331Z
zRT2d25zf2N4FesmSPxP;31014893;dpd;01596819009568;Delivered;2026-03-10T01:04:43.437Z
zVSwC8K7sWUYNdXHMQHF;ebay__22-14715-04448;dp;A0062B01C50000000BD9;Delivered;2026-06-08T11:06:13.885Z
zY2uZfstpdZyjYQ9LFAM;kaufland__MB7ZSQ5;DP;;problem;2026-04-13T17:26:44.884Z
zZoaj0Vfy4kJX3jmCAcB;ebay__01-14713-27544;dp;A0062B01C50000000A43;Delivered;2026-05-31T12:17:48.028Z
zlyU5udhD5vVA3r6e2aV;kaufland__MUFX595;dhl_de;00340434887954500561;Delivered;2026-03-30T10:35:39.521Z
zthuufD0vcZAeffjhEqa;30777088;dpd;01596818842186;Delivered;2026-03-10T01:05:26.913Z
zvt8rL1pftpHB0IemBIs;ebay__04-14554-73276;dhl_de;00340434887954500769;Delivered;2026-04-27T10:28:51.252Z
