category_id,breadcrumb
6551517,Auto & Motorrad: Teile > Anleitungen & Handbücher > US-Car-Teile
6556129,Auto & Motorrad: Teile > Anleitungen & Handbücher > US-Car-Teile > Sonstige
6551574,Auto & Motorrad: Teile > Erste Hilfe- & Notfallausrüstungen > Sonstige
6551580,Auto & Motorrad: Teile > Golfwagen Teile & Zubehör > Reifen- & Räderwechsel
6551584,Auto & Motorrad: Teile > Kfz-Service auf Anfrage > Sonstige
6551635,Auto & Motorrad: Teile > Motorrad- & Rollerteile & -zubehör > Sicherheit
6557156,Auto & Motorrad: Teile > Motorrad- & Rollerteile & -zubehör > Sicherheit > Sonstige
6551647,Auto & Motorrad: Teile > Motorrad-Tuning & -Styling > Sonstige
6551648,Auto & Motorrad: Teile > Motorradgespanne > Sonstige
6551651,"Auto & Motorrad: Teile > Motorradwartung, -ständer & -transport > Leistungssteigerungsteile"
6551705,Auto & Motorrad: Teile > Spezielle Fahrzeug-Teile > Sonstige
6551753,Baby > Bücher & Zeitschriften > Sonstige
6551763,Baby > Ernährung > Zeitschriften
6551118,Baby > Golfwagen Teile & Zubehör
6551764,Baby > Golfwagen Teile & Zubehör > Sonstige
6551766,Baby > Kinder- & Babytragen > Sonstige
6551788,Baby > Pakete & Sets > Sonstige
6551813,Baby > Sonstige > Sonstige
6551824,Baby > Spielzeug > Sonstige
6551834,Baby > Taufe > Sonstiges Spielzeug
6551846,Bastel- & Künstlerbedarf > Bastelmaterialien > Sonstige
6551856,Bastel- & Künstlerbedarf > Handarbeit > Organisation & Aufbewahrung
6557754,Bastel- & Künstlerbedarf > Handarbeit > Organisation & Aufbewahrung > Sonstige Aufbewahrungen
6551878,Bastel- & Künstlerbedarf > Kreatives Gestalten > Sonstige
6551889,Bastel- & Künstlerbedarf > Künstler- & Zeichenbedarf > Window Color
6557866,Bastel- & Künstlerbedarf > Künstler- & Zeichenbedarf > Window Color > Sonstige
6551145,Bastel- & Künstlerbedarf > Sonstige
6551934,Bastel- & Künstlerbedarf > Sonstige > Sonstige
6551935,Bastel- & Künstlerbedarf > Stoffe > Sonstige
6551958,Beauty & Gesundheit > Augenoptik > Sonstige
6551965,Beauty & Gesundheit > Enthaarung & Rasur > Orthopädiebedarf
6558038,Beauty & Gesundheit > Enthaarung & Rasur > Orthopädiebedarf > Sonstige
6551978,Beauty & Gesundheit > Familienplanung & Erotik > Rasier-Sets & Geschenkideen
6551994,Beauty & Gesundheit > Haarpflege & Haarstyling > Wattestäbchen
6552012,Beauty & Gesundheit > Hautpflege > Spezialgläser
6552020,Beauty & Gesundheit > Hilfsmittel > Shampoos & Spülungen
6552034,Beauty & Gesundheit > Körperpflege > Sexspielzeug
6558101,Beauty & Gesundheit > Körperpflege > Sexspielzeug > Sexspielzeugreiniger
6552045,Beauty & Gesundheit > Make-up > Verschiedene Badeprodukte
6552046,Beauty & Gesundheit > Maniküre & Pediküre > Gemischte Schminksammlungen
6552063,"Beauty & Gesundheit > Massage > Übung, Schulung & Präsentation"
6552094,Beauty & Gesundheit > Mund- & Zahnpflege > Sonstige
6552119,Beauty & Gesundheit > Natur- & Alternativheilmittel > Zungenreiniger
6552123,Beauty & Gesundheit > Parfums > Sonstige
6552138,Beauty & Gesundheit > Pflege- & Medizinischer Bedarf > Unisex
6552154,Beauty & Gesundheit > Sonnenschutz & Solarium > Umhänge & Kittel
6552155,Beauty & Gesundheit > Sonstige > Sonstige
6552167,"Beauty & Gesundheit > Spa, Kosmetik- & Friseursalon > Sonstige"
6552176,Beauty & Gesundheit > Tattoos & Körperkunst > Tanning-Tattoo-Sticker
6551168,Beauty & Gesundheit > Textilmalerei & Dekorationen
6552185,Beauty & Gesundheit > Textilmalerei & Dekorationen > Sonstige
6552193,Bücher & Zeitschriften > Bücher > Sonstige
6552199,Bücher & Zeitschriften > Buchzubehör > Studium & Erwachsenenbildung
6552204,"Bücher & Zeitschriften > Fachbücher, Lernen & Nachschlagen > Sonstige"
6552207,Bücher & Zeitschriften > Hörbücher & Hörspiele > Sonstige
6552208,Bücher & Zeitschriften > Kataloge > Studium & Erwachsenenbildung
6551175,Bücher & Zeitschriften > Sonstige
6552209,Bücher & Zeitschriften > Sonstige > Sonstige
6552210,Bücher & Zeitschriften > Zeitschriften > Studium & Erwachsenenbildung
6551177,Büro & Schreibwaren > Buchzubehör
6552211,Büro & Schreibwaren > Buchzubehör > Lesezeichen
6552218,Büro & Schreibwaren > Büromöbel > Sonstige
6552246,Büro & Schreibwaren > Bürotechnik > Tische
6558290,Büro & Schreibwaren > Bürotechnik > Tische > Sonstige
6552251,Büro & Schreibwaren > Geschenk- & Werbeartikel > Schreibmaschinen-Zubehör
6552264,"Büro & Schreibwaren > Papier, Büro- & Schreibwaren > Lesezeichen"
6552316,"Business & Industrie > Agrar, Forst & Kommune > Sonstige Elektronik & Messtechnik"
6552325,"Business & Industrie > Automation, Antriebe & Motoren > Sonstige"
6552332,Business & Industrie > Baugewerbe > Spezial-Landwirtschaft
6558524,Business & Industrie > Baugewerbe > Spezial-Landwirtschaft > Sonstige
6552333,Business & Industrie > Baustoffe & Bauelemente > Baustellengeräte & -ausrüstung
6558525,Business & Industrie > Baustoffe & Bauelemente > Baustellengeräte & -ausrüstung > Sonstige
6552366,Business & Industrie > Befestigungsteile & Eisenwaren > Sonstiges Automations Equipment
6552382,Business & Industrie > Dienstleistungen > Spezielle Bautechnik
6558706,Business & Industrie > Dienstleistungen > Spezielle Bautechnik > Sonstige
6552400,Business & Industrie > Druckerei & Copyshop > Sonstige Dienstleistungen
6552415,Business & Industrie > Elektronik & Messtechnik > Sonstige
6552418,Business & Industrie > Fertighausbausätze > Visitenkarten
6552431,Business & Industrie > Gastro & Nahrungsmittelgewerbe > Visitenkarten
6552442,Business & Industrie > Gebäudereinigung > Sonstiges Gastro & Nahrungsmittelgewerbe
6551198,Business & Industrie > Schulbedarf
6552444,Business & Industrie > Schulbedarf > Sonstige
6551064,Computer
6551199,Computer > 3D-Drucker & Zubehör
6552445,Computer > 3D-Drucker & Zubehör > 3D-Drucker
6552446,Computer > 3D-Drucker & Zubehör > 3D-Drucker Teile
6552447,Computer > 3D-Drucker & Zubehör > 3D-Drucker Verbrauchsmaterial
6552448,Computer > 3D-Drucker & Zubehör > 3D-Drucker Zubehör
6552449,Computer > 3D-Drucker & Zubehör > 3D-Scanner
6552450,Computer > 3D-Drucker & Zubehör > 3D-Scanner Teile
6552451,Computer > 3D-Drucker & Zubehör > 3D-Scanner Zubehör
6552452,Computer > 3D-Drucker & Zubehör > Schädlingsbekämpfung
6558939,Computer > 3D-Drucker & Zubehör > Schädlingsbekämpfung > Sonstige
6551200,Computer > Computer-Klassiker & Zubehör
6552453,Computer > Computer-Klassiker & Zubehör > Computer-Klassiker
6552454,Computer > Computer-Klassiker & Zubehör > Handbücher & Merchandising
6552455,Computer > Computer-Klassiker & Zubehör > Sonstige
6552456,Computer > Computer-Klassiker & Zubehör > Teile & Zubehör
6551201,Computer > Computer-Komponenten & -Teile
6552457,Computer > Computer-Komponenten & -Teile > Arbeitsspeicher (RAM)
6552458,Computer > Computer-Komponenten & -Teile > Computergehäuse & Zubehör
6558940,Computer > Computer-Komponenten & -Teile > Computergehäuse & Zubehör > Computergehäuse
6558941,Computer > Computer-Komponenten & -Teile > Computergehäuse & Zubehör > Gehäuseteile & Zubehör
6552459,Computer > Computer-Komponenten & -Teile > CPUs/Prozessoren
6552460,Computer > Computer-Komponenten & -Teile > Grafik-/Videokarten
6552461,Computer > Computer-Komponenten & -Teile > Interne Soundkarten
6552462,"Computer > Computer-Komponenten & -Teile > Lüfter, Kühlkörper & Kühlung"
6558942,"Computer > Computer-Komponenten & -Teile > Lüfter, Kühlkörper & Kühlung > CPU-Lüfter & Kühlkörper"
6558943,"Computer > Computer-Komponenten & -Teile > Lüfter, Kühlkörper & Kühlung > Festplattenkühlung"
6558944,"Computer > Computer-Komponenten & -Teile > Lüfter, Kühlkörper & Kühlung > Gehäuselüfter"
6558945,"Computer > Computer-Komponenten & -Teile > Lüfter, Kühlkörper & Kühlung > Lüfter, Kühlkörperhalter & Zubehör"
6558946,"Computer > Computer-Komponenten & -Teile > Lüfter, Kühlkörper & Kühlung > Lüftergitter & Filter"
6558947,"Computer > Computer-Komponenten & -Teile > Lüfter, Kühlkörper & Kühlung > Sonstige"
6558948,"Computer > Computer-Komponenten & -Teile > Lüfter, Kühlkörper & Kühlung > Speicher- & Chipsatz-Kühlung"
6558949,"Computer > Computer-Komponenten & -Teile > Lüfter, Kühlkörper & Kühlung > Videokarten- & GPU-Kühlung"
6558950,"Computer > Computer-Komponenten & -Teile > Lüfter, Kühlkörper & Kühlung > Wärmeleitpasten & Zubehör"
6558951,"Computer > Computer-Komponenten & -Teile > Lüfter, Kühlkörper & Kühlung > Wasserkühlung"
6552463,Computer > Computer-Komponenten & -Teile > Mainboard & CPU-Kombination
6552464,Computer > Computer-Komponenten & -Teile > Mainboard-Komponenten & Zubehör
6558952,Computer > Computer-Komponenten & -Teile > Mainboard-Komponenten & Zubehör > Mainboard-Backplates
6558953,Computer > Computer-Komponenten & -Teile > Mainboard-Komponenten & Zubehör > Mainboard-Diagnosekarten
6558954,Computer > Computer-Komponenten & -Teile > Mainboard-Komponenten & Zubehör > Mainboard-Komponenten
6558955,Computer > Computer-Komponenten & -Teile > Mainboard-Komponenten & Zubehör > Sonstige
6552465,Computer > Computer-Komponenten & -Teile > Mainboards
6552466,Computer > Computer-Komponenten & -Teile > Netzteile
6552467,Computer > Computer-Komponenten & -Teile > Netzteile-Tester
6552468,Computer > Computer-Komponenten & -Teile > Notebook-Ersatzteile
6558956,Computer > Computer-Komponenten & -Teile > Notebook-Ersatzteile > Notebook-Displays/LCD-Displays
6558957,Computer > Computer-Komponenten & -Teile > Notebook-Ersatzteile > Notebook-Gehäuse & -Touchpads
6558958,Computer > Computer-Komponenten & -Teile > Notebook-Ersatzteile > Notebook-Tastaturen
6558959,Computer > Computer-Komponenten & -Teile > Notebook-Ersatzteile > Sonstige
6552469,Computer > Computer-Komponenten & -Teile > Schnittstellen-/Steckkarten
6558960,Computer > Computer-Komponenten & -Teile > Schnittstellen-/Steckkarten > Festplatten- & RAID-Controller
6558961,Computer > Computer-Komponenten & -Teile > Schnittstellen-/Steckkarten > Modemkarten
6558962,Computer > Computer-Komponenten & -Teile > Schnittstellen-/Steckkarten > Netzwerkkarten
6558963,Computer > Computer-Komponenten & -Teile > Schnittstellen-/Steckkarten > Port-Erweiterungskarten
6558964,Computer > Computer-Komponenten & -Teile > Schnittstellen-/Steckkarten > Sonstige
6552470,Computer > Computer-Komponenten & -Teile > Sonstige
6552471,Computer > Computer-Komponenten & -Teile > Videoaufnahme & TV-Karten
6551202,Computer > Desktops & All-in-One-PCs
6552472,Computer > Desktops & All-in-One-PCs > Apple Desktops & All-in-Ones
6552473,Computer > Desktops & All-in-One-PCs > PC Desktops & All-in-Ones
6552474,Computer > Desktops & All-in-One-PCs > PC Notebooks & Netbooks
6551203,"Computer > Drucker, Scanner & Zubehör"
6552475,"Computer > Drucker, Scanner & Zubehör > Drucker"
6552476,"Computer > Drucker, Scanner & Zubehör > Scanner"
6552477,"Computer > Drucker, Scanner & Zubehör > Sonstige"
6552478,"Computer > Drucker, Scanner & Zubehör > Teile & Zubehör"
6558965,"Computer > Drucker, Scanner & Zubehör > Teile & Zubehör > Drucker-Duplexeinheiten"
6558966,"Computer > Drucker, Scanner & Zubehör > Teile & Zubehör > Druckerspeicher"
6558967,"Computer > Drucker, Scanner & Zubehör > Teile & Zubehör > Druckköpfe"
6558968,"Computer > Drucker, Scanner & Zubehör > Teile & Zubehör > Einzüge & Kassetten"
6558969,"Computer > Drucker, Scanner & Zubehör > Teile & Zubehör > Fixiereinheiten"
6558970,"Computer > Drucker, Scanner & Zubehör > Teile & Zubehör > Laser-Trommeln"
6558971,"Computer > Drucker, Scanner & Zubehör > Teile & Zubehör > Netzteile"
6558972,"Computer > Drucker, Scanner & Zubehör > Teile & Zubehör > Reinigungs- & Reparaturkits"
6558973,"Computer > Drucker, Scanner & Zubehör > Teile & Zubehör > Scanner-Teile"
6558974,"Computer > Drucker, Scanner & Zubehör > Teile & Zubehör > Sonstige"
6552479,"Computer > Drucker, Scanner & Zubehör > Tinte, Toner & Papier"
6558975,"Computer > Drucker, Scanner & Zubehör > Tinte, Toner & Papier > Drucker-Fotopapier"
6558976,"Computer > Drucker, Scanner & Zubehör > Tinte, Toner & Papier > Druckerpapier"
6558977,"Computer > Drucker, Scanner & Zubehör > Tinte, Toner & Papier > Farbbänder"
6558978,"Computer > Drucker, Scanner & Zubehör > Tinte, Toner & Papier > Leere Tintenpatronen"
6558979,"Computer > Drucker, Scanner & Zubehör > Tinte, Toner & Papier > Nachfülltinte & Sets"
6558980,"Computer > Drucker, Scanner & Zubehör > Tinte, Toner & Papier > Nachfülltoner & Sets"
6558981,"Computer > Drucker, Scanner & Zubehör > Tinte, Toner & Papier > Sonstige"
6558982,"Computer > Drucker, Scanner & Zubehör > Tinte, Toner & Papier > Tintenpatronen"
6558983,"Computer > Drucker, Scanner & Zubehör > Tinte, Toner & Papier > Tonerkassetten"
6551204,Computer > Firmennetzwerke & Server
6552480,Computer > Firmennetzwerke & Server > CSUs/DSUs
6552481,Computer > Firmennetzwerke & Server > Firewall- & VPN-Geräte
6552482,Computer > Firmennetzwerke & Server > Firmen-Router
6552483,Computer > Firmennetzwerke & Server > Komponenten für Firmen-Router
6558984,Computer > Firmennetzwerke & Server > Komponenten für Firmen-Router > Router-Module/-Karten/-Adapter
6558985,Computer > Firmennetzwerke & Server > Komponenten für Firmen-Router > Router-Netzteile
6558986,Computer > Firmennetzwerke & Server > Komponenten für Firmen-Router > Routerspeicher
6558987,Computer > Firmennetzwerke & Server > Komponenten für Firmen-Router > Sonstige
6552484,Computer > Firmennetzwerke & Server > Load Balancer
6552485,Computer > Firmennetzwerke & Server > Netzwerkspeicher-Disk-Arrays
6558988,Computer > Firmennetzwerke & Server > Netzwerkspeicher-Disk-Arrays > Disk-Array-Komponenten
6558989,Computer > Firmennetzwerke & Server > Netzwerkspeicher-Disk-Arrays > NAS-Disk-Arrays
6558990,Computer > Firmennetzwerke & Server > Netzwerkspeicher-Disk-Arrays > SAN-Disk-Arrays
6558991,Computer > Firmennetzwerke & Server > Netzwerkspeicher-Disk-Arrays > Sonstige
6552486,"Computer > Firmennetzwerke & Server > Racks, Rahmen & Patchpanels"
6558992,"Computer > Firmennetzwerke & Server > Racks, Rahmen & Patchpanels > Patchpanels"
6558993,"Computer > Firmennetzwerke & Server > Racks, Rahmen & Patchpanels > Rackmontage-Gehäuse & -Rahmen"
6558994,"Computer > Firmennetzwerke & Server > Racks, Rahmen & Patchpanels > Rackmontage-Schränke & -Rahmen"
6558995,"Computer > Firmennetzwerke & Server > Racks, Rahmen & Patchpanels > Sonstige"
6552487,Computer > Firmennetzwerke & Server > Richtantennen
6552488,Computer > Firmennetzwerke & Server > Server-Komponenten
6558996,Computer > Firmennetzwerke & Server > Server-Komponenten > Festplatten- & RAID-Controller
6558997,Computer > Firmennetzwerke & Server > Server-Komponenten > Server-Boards
6558998,Computer > Firmennetzwerke & Server > Server-Komponenten > Server-CPUs/-Prozessoren
6558999,Computer > Firmennetzwerke & Server > Server-Komponenten > Server-Lüfter & -Kühlsysteme
6559000,Computer > Firmennetzwerke & Server > Server-Komponenten > Server-Netzteile
6559001,Computer > Firmennetzwerke & Server > Server-Komponenten > Server-Speicher (RAM)
6559002,Computer > Firmennetzwerke & Server > Server-Komponenten > Sonstige
6552489,"Computer > Firmennetzwerke & Server > Server, Clients & Terminals"
6559003,"Computer > Firmennetzwerke & Server > Server, Clients & Terminals > Computerserver"
6559004,"Computer > Firmennetzwerke & Server > Server, Clients & Terminals > Druckserver"
6559005,"Computer > Firmennetzwerke & Server > Server, Clients & Terminals > Server-Befestigungsmaterial"
6559006,"Computer > Firmennetzwerke & Server > Server, Clients & Terminals > Server-Kabel & -Adapter"
6559007,"Computer > Firmennetzwerke & Server > Server, Clients & Terminals > Serverrahmen"
6559008,"Computer > Firmennetzwerke & Server > Server, Clients & Terminals > Sonstige"
6559009,"Computer > Firmennetzwerke & Server > Server, Clients & Terminals > Terminalserver"
6559010,"Computer > Firmennetzwerke & Server > Server, Clients & Terminals > Thin Clients"
6552490,Computer > Firmennetzwerke & Server > Sonstige
6552491,Computer > Firmennetzwerke & Server > Switches & Hubs
6559011,Computer > Firmennetzwerke & Server > Switches & Hubs > Netzwerk-Hubs
6559012,Computer > Firmennetzwerke & Server > Switches & Hubs > Netzwerk-Switches
6559013,Computer > Firmennetzwerke & Server > Switches & Hubs > Sonstige
6559014,Computer > Firmennetzwerke & Server > Switches & Hubs > Switch-Module
6559015,Computer > Firmennetzwerke & Server > Switches & Hubs > Switch-Netzteile
6552492,Computer > Firmennetzwerke & Server > Teile & Zubehör
6559016,Computer > Firmennetzwerke & Server > Teile & Zubehör > Sonstige
6552493,Computer > Firmennetzwerke & Server > VoIP-Business-Telefone
6551205,Computer > Handbücher & Anleitungen
6552494,Computer > Handbücher & Anleitungen > Sonstige
6551206,Computer > Heimnetzwerke & Zubehör
6552495,Computer > Heimnetzwerke & Zubehör > Drahtlose Router
6552496,Computer > Heimnetzwerke & Zubehör > Kabelgebundene Router
6552497,Computer > Heimnetzwerke & Zubehör > Mobile Breitbandgeräte
6552498,Computer > Heimnetzwerke & Zubehör > Modem-Router-Kombinationen
6552499,Computer > Heimnetzwerke & Zubehör > Modems
6552500,Computer > Heimnetzwerke & Zubehör > PowerLAN-Netzwerke
6552501,"Computer > Heimnetzwerke & Zubehör > Repeater, Extender & Antennen"
6552502,Computer > Heimnetzwerke & Zubehör > Sonstige
6552503,Computer > Heimnetzwerke & Zubehör > USB-Bluetooth-Adapter/-Dongles
6552504,Computer > Heimnetzwerke & Zubehör > USB-WLAN-Adapter/-Dongles
6552505,Computer > Heimnetzwerke & Zubehör > VoIP-Heimtelefone
6552506,Computer > Heimnetzwerke & Zubehör > VoIP-Telefonadapter
6552507,Computer > Heimnetzwerke & Zubehör > Wireless Access Points
6551207,Computer > Kabel & Steckverbinder
6552508,Computer > Kabel & Steckverbinder > Audiokabel & -Adapter
6552509,Computer > Kabel & Steckverbinder > Festplattenkabel & -Adapter
6552510,Computer > Kabel & Steckverbinder > FireWire-Kabel & -Adapter
6552511,Computer > Kabel & Steckverbinder > Kabelbinder & Kabelmanager
6552512,Computer > Kabel & Steckverbinder > Kabeltester
6552513,Computer > Kabel & Steckverbinder > Kabelwerkzeuge
6552514,Computer > Kabel & Steckverbinder > KVM-Kabel
6552515,Computer > Kabel & Steckverbinder > KVM-Switches
6552516,Computer > Kabel & Steckverbinder > Monitor-/AV-Kabel & -Adapter
6552517,Computer > Kabel & Steckverbinder > Netzkabel & Steckverbinder
6552518,Computer > Kabel & Steckverbinder > Netzwerkkabel & Adapter
6559017,Computer > Kabel & Steckverbinder > Netzwerkkabel & Adapter > DSL/Telefonkabel (RJ-11)
6559018,Computer > Kabel & Steckverbinder > Netzwerkkabel & Adapter > Ethernetkabel (RJ-45/8P8C)
6559019,Computer > Kabel & Steckverbinder > Netzwerkkabel & Adapter > Glasfaserkabel
6559020,Computer > Kabel & Steckverbinder > Netzwerkkabel & Adapter > Koaxialkabel
6559021,Computer > Kabel & Steckverbinder > Netzwerkkabel & Adapter > Sonstige
6559022,"Computer > Kabel & Steckverbinder > Netzwerkkabel & Adapter > Splitter, Koppler & Adapter"
6559023,"Computer > Kabel & Steckverbinder > Netzwerkkabel & Adapter > Stecker, Buchsen & Abdeckplatten"
6552519,"Computer > Kabel & Steckverbinder > Parallel, Seriell & PS/2"
6552520,Computer > Kabel & Steckverbinder > Sonstige
6552521,"Computer > Kabel & Steckverbinder > USB-Kabel, -Hubs & -Adapter"
6551208,Computer > Laufwerke & Speichermedien
6552522,Computer > Laufwerke & Speichermedien > Band-/Datenkassettenlaufwerke
6552523,"Computer > Laufwerke & Speichermedien > CD-, DVD- & Blu-ray-Kopierer"
6552524,"Computer > Laufwerke & Speichermedien > CD-, DVD- & Blu-ray-Laufwerke"
6552525,Computer > Laufwerke & Speichermedien > Einbaurahmen für Festplatten
6552526,"Computer > Laufwerke & Speichermedien > Festplatten (HDD, SSD & NAS)"
6559024,"Computer > Laufwerke & Speichermedien > Festplatten (HDD, SSD & NAS) > Externe Festplatten"
6559025,"Computer > Laufwerke & Speichermedien > Festplatten (HDD, SSD & NAS) > Interne Festplatten"
6559026,"Computer > Laufwerke & Speichermedien > Festplatten (HDD, SSD & NAS) > Netzgebundener Speicher"
6559027,"Computer > Laufwerke & Speichermedien > Festplatten (HDD, SSD & NAS) > Solid State Drives (SSD)"
6559028,"Computer > Laufwerke & Speichermedien > Festplatten (HDD, SSD & NAS) > Sonstige"
6552527,Computer > Laufwerke & Speichermedien > Festplatten-Kopierstationen
6552528,Computer > Laufwerke & Speichermedien > Festplattengehäuse & Docks
6552529,"Computer > Laufwerke & Speichermedien > Floppy-, Zip- & Jaz-Laufwerke"
6552530,Computer > Laufwerke & Speichermedien > Leermedien & Zubehör
6559029,"Computer > Laufwerke & Speichermedien > Leermedien & Zubehör > CDs, DVDs & Blu-rays"
6559030,Computer > Laufwerke & Speichermedien > Leermedien & Zubehör > Datenkassetten
6559031,Computer > Laufwerke & Speichermedien > Leermedien & Zubehör > Disc-Reparatur & -Reinigung
6559032,"Computer > Laufwerke & Speichermedien > Leermedien & Zubehör > Floppy-, Zip- & Jaz-Disketten"
6559033,"Computer > Laufwerke & Speichermedien > Leermedien & Zubehör > Medientaschen, Hüllen & Etuis"
6559034,Computer > Laufwerke & Speichermedien > Leermedien & Zubehör > Sonstige
6559035,Computer > Laufwerke & Speichermedien > Leermedien & Zubehör > Tonkopf- & Linsenreiniger
6552531,Computer > Laufwerke & Speichermedien > Sonstige
6552532,Computer > Laufwerke & Speichermedien > USB-Sticks
6551209,"Computer > Monitore, Projektoren & Zubehör"
6552533,"Computer > Monitore, Projektoren & Zubehör > Monitor-Ersatzteile"
6552534,"Computer > Monitore, Projektoren & Zubehör > Monitor-Halterungen & -Ständer"
6552535,"Computer > Monitore, Projektoren & Zubehör > Monitor-Netzteile"
6552536,"Computer > Monitore, Projektoren & Zubehör > Monitore"
6552537,"Computer > Monitore, Projektoren & Zubehör > Projektor-Teile"
6552538,"Computer > Monitore, Projektoren & Zubehör > Projektor-Zubehör"
6552539,"Computer > Monitore, Projektoren & Zubehör > Projektoren"
6552540,"Computer > Monitore, Projektoren & Zubehör > Sonstige"
6551210,Computer > Notebook- & Desktop-Zubehör
6552541,Computer > Notebook- & Desktop-Zubehör > Bildschirmschutz
6552542,Computer > Notebook- & Desktop-Zubehör > Blickschutzfilter
6552543,Computer > Notebook- & Desktop-Zubehör > Case-Modding/Sticker/Aufkleber
6552544,Computer > Notebook- & Desktop-Zubehör > Diebstahlschutz
6552545,Computer > Notebook- & Desktop-Zubehör > Externe Soundkarten
6552546,Computer > Notebook- & Desktop-Zubehör > Festplattentaschen
6552547,Computer > Notebook- & Desktop-Zubehör > Headsets
6552548,Computer > Notebook- & Desktop-Zubehör > Lautsprecher
6552549,Computer > Notebook- & Desktop-Zubehör > Mauspads & Handgelenkauflagen
6552550,Computer > Notebook- & Desktop-Zubehör > Mikrofone
6552551,Computer > Notebook- & Desktop-Zubehör > Notebook-Akkus
6552552,Computer > Notebook- & Desktop-Zubehör > Notebook-Dockingstationen
6552553,Computer > Notebook- & Desktop-Zubehör > Notebook-Koffer & -Taschen
6552554,Computer > Notebook- & Desktop-Zubehör > Notebook-Kühlpads
6552555,Computer > Notebook- & Desktop-Zubehör > Notebook-Netzteile/-Ladegeräte
6552556,Computer > Notebook- & Desktop-Zubehör > Notebook-Steckkarten
6559036,Computer > Notebook- & Desktop-Zubehör > Notebook-Steckkarten > Notebook-Modemkarten
6559037,Computer > Notebook- & Desktop-Zubehör > Notebook-Steckkarten > Notebook-Netzwerkkarten
6559038,Computer > Notebook- & Desktop-Zubehör > Notebook-Steckkarten > Notebook-Porterweiterungskarte
6559039,Computer > Notebook- & Desktop-Zubehör > Notebook-Steckkarten > Sonstige
6552557,Computer > Notebook- & Desktop-Zubehör > PC Desktops & All-in-Ones
6552558,Computer > Notebook- & Desktop-Zubehör > Reinigungsgeräte & -sets
6552559,Computer > Notebook- & Desktop-Zubehör > Sonstige
6552560,Computer > Notebook- & Desktop-Zubehör > Speicherkartenleser & Adapter
6552561,"Computer > Notebook- & Desktop-Zubehör > Ständer, Halter & Autohalterungen"
6552562,Computer > Notebook- & Desktop-Zubehör > Tastaturschutz
6552563,Computer > Notebook- & Desktop-Zubehör > TV-Tuner & Videoaufnahmegeräte
6552564,Computer > Notebook- & Desktop-Zubehör > USB-Licht & -Gadgets
6552565,Computer > Notebook- & Desktop-Zubehör > Webcams
6551211,Computer > Notebooks & Netbooks
6552566,Computer > Notebooks & Netbooks > Apple Notebooks
6552567,Computer > Notebooks & Netbooks > PC Notebooks & Netbooks
6552568,Computer > Notebooks & Netbooks > Sonstige
6551212,Computer > Software
6552569,Computer > Software > Antivirus & Sicherheit
6552570,Computer > Software > Betriebssysteme
6552571,"Computer > Software > Bild, Video & Audio"
6552572,"Computer > Software > Bildung, Sprachen & Wissen"
6552573,Computer > Software > Büro & Business
6552574,"Computer > Software > Finanzen, Steuer & Recht"
6552575,Computer > Software > Hilfsprogramme/Tools & Treiber
6552576,Computer > Software > Hobbys & Freizeit
6552577,"Computer > Software > Server, Entwicklung & DBMS"
6552578,Computer > Software > Sonstige
6552579,Computer > Software > Web & Desktop Publishing
6551213,Computer > Sonstige
6552580,Computer > Sonstige > Sonstige
6551214,Computer > Stromschutz & Stromverteilung
6552581,Computer > Stromschutz & Stromverteilung > Leistungsverteiler (PDU)
6552582,Computer > Stromschutz & Stromverteilung > Sonstige
6552583,Computer > Stromschutz & Stromverteilung > Überspannschutz & Mehrfachstecker
6552584,Computer > Stromschutz & Stromverteilung > USV-Batterien & -Komponenten
6552585,Computer > Stromschutz & Stromverteilung > USVs
6552587,Computer > Stromschutz & Stromverteilung > Wechselrichter
6551215,Computer > Tablet & eBook-Zubehör
6552588,Computer > Tablet & eBook-Zubehör > 3D-Scanner Teile
6552589,Computer > Tablet & eBook-Zubehör > A/V-Kabel & Adapter
6552590,Computer > Tablet & eBook-Zubehör > Aufkleber & Sticker
6552591,Computer > Tablet & eBook-Zubehör > Bildschirmschutzfolien
6552592,Computer > Tablet & eBook-Zubehör > Ladegeräte & Datenkabel
6552593,Computer > Tablet & eBook-Zubehör > Leselampen
6552594,Computer > Tablet & eBook-Zubehör > Sonstige
6552595,Computer > Tablet & eBook-Zubehör > Speicherkartenadapter
6552596,Computer > Tablet & eBook-Zubehör > Ständer & Halterungen
6552597,Computer > Tablet & eBook-Zubehör > Stifte
6552598,Computer > Tablet & eBook-Zubehör > Taschen & Hüllen
6552599,Computer > Tablet & eBook-Zubehör > Tastaturen
6552600,Computer > Tablet & eBook-Zubehör > Zubehörpakete
6551216,Computer > Tablet- & eBook-Teile
6552601,Computer > Tablet- & eBook-Teile > Sonstige
6551218,Computer > Tablets & eBook-Reader
6552602,Computer > Tablets & eBook-Reader > 3D-Scanner Teile
6551219,Computer > Tablets & Netzwerk
6552603,Computer > Tablets & Netzwerk > Schädlingsbekämpfung
6559040,Computer > Tablets & Netzwerk > Schädlingsbekämpfung > Sonstige
6551220,"Computer > Tastaturen, Mäuse & Pointing"
6552604,"Computer > Tastaturen, Mäuse & Pointing > Fernbedienungen & Zeigegeräte"
6552605,"Computer > Tastaturen, Mäuse & Pointing > Grafiktabletts/Boards & Stifte"
6552606,"Computer > Tastaturen, Mäuse & Pointing > Mäuse, Trackballs & Touchpads"
6552607,"Computer > Tastaturen, Mäuse & Pointing > Sonstige"
6552608,"Computer > Tastaturen, Mäuse & Pointing > Tastatur- & Maus-Sets"
6552609,"Computer > Tastaturen, Mäuse & Pointing > Tastaturen & Keypads"
6552617,Feinschmecker > Alkoholfreie Getränke > Sonstige
6552630,"Feinschmecker > Bier, Wein & Spirituosen > Wasser"
6552635,Feinschmecker > Brot & Brötchen > Sonstige
6552638,"Feinschmecker > Kaffee, Tee & Kakao > Sonstige"
6552640,Feinschmecker > Käse > Sonstige
6552661,Feinschmecker > Lebensmittel > Tee
6552662,Feinschmecker > Sonstige > Sonstige
6552663,Feinschmecker > Sonstige > Sonstige Tabakwaren
6552666,Feinschmecker > Zigarren & Tabakwaren > Sonstige
6552671,Filme & Serien > DVDs & Blu-rays > Sonstige Tabakwaren
6552672,Filme & Serien > Film NFTs > Sonstige Tabakwaren
6552683,Filme & Serien > Film-Fanartikel > Sonstige Tabakwaren
6552684,Filme & Serien > Filmposter > Sonstige Tabakwaren
6552685,Filme & Serien > LaserDiscs > Sonstige Tabakwaren
6551237,Filme & Serien > Sonstige
6552696,Filme & Serien > Sonstige > Sonstige Tabakwaren
6552697,Filme & Serien > UMDs > Sonstige Tabakwaren
6552698,Filme & Serien > VHS-Kassetten > Sonstige Tabakwaren
6552699,Filme & Serien > Video-Media-Zubehör > Sonstige Tabakwaren
6552700,Filme & Serien > Weitere Formate > Sonstige Tabakwaren
6552701,Filme & Serien > Zelluloid > Sonstige Tabakwaren
6552721,Foto & Camcorder > Camcorder > Sonstige
6552722,Foto & Camcorder > Digitale Bilderrahmen > Sonstige
6552723,Foto & Camcorder > Digitalkameras > Sonstige
6552728,Foto & Camcorder > Ersatzteile & Werkzeuge > Sonstige
6552741,Foto & Camcorder > Gebrauchsanleitungen > Werkzeuge
6552742,Foto & Camcorder > Kamera-Drohnen > Sonstige
6552780,Foto & Camcorder > Photographica > Werkzeuge
6551258,Foto & Camcorder > Serien-Fanartikel
6552782,Foto & Camcorder > Serien-Fanartikel > Sonstige
6552783,Foto & Camcorder > Sonstige > Sonstige
6552799,Garten & Terrasse > Beleuchtung > Sonstige
6552814,Garten & Terrasse > Bewässern > Zubehör
6552835,Garten & Terrasse > Garten- & Landschaftsbau > Sonstige
6552899,"Garten & Terrasse > Grills, Heizstrahler & Picknickzubehör > Sonstiges Zubehör"
6554340,Garten & Terrasse > Motor-Gartengeräte & -zubehör > Sonstige
6554352,"Garten & Terrasse > Pflanzen, Sämereien & Zwiebeln > Sonstiges Zubehör"
6554375,"Garten & Terrasse > Rasenmäher, Ersatzteile & Zubehör > Sonstige"
6554376,Garten & Terrasse > Sonstige > Sonstige
6554385,"Garten & Terrasse > Teiche, Bachläufe & Brunnen > Rasenmäher-Zubehör"
6554410,Garten & Terrasse > Unkraut- & Schädlingsschutz > Wassertest-Kits
6554429,Handys & Kommunikation > Festnetztelefone & Zubehör > Sonstige
6554444,Handys & Kommunikation > Funktechnik > SIM-Karten-Zubehör
6554448,Handys & Kommunikation > Handy-Attrappen > Telefon-Headsets
6554449,Handys & Kommunikation > Handy-Komponenten & -Teile > Sonstige
6554473,Handys & Kommunikation > Handys & Smartphones > Sonstige
6554474,Handys & Kommunikation > PDA-Zubehör > SIM-Karten-Zubehör
6554476,Handys & Kommunikation > PDAs > SIM-Karten-Zubehör
6554481,Handys & Kommunikation > SIM- & Telefonkarten > Telefon-Headsets
6554491,Handys & Kommunikation > Smartwatches > Sonstige
6551299,Handys & Kommunikation > Sonstige
6554492,Handys & Kommunikation > Sonstige > Sonstige
6554493,Handys & Kommunikation > Vintage-Festnetztelefone > Sonstige
6554494,Handys & Kommunikation > Vintage-Handys > Sonstige
6554501,Haushaltsgeräte > Backöfen & Herde > Sonstige
6554502,Haushaltsgeräte > Gefriergeräte & Kühlschränke > Backofen- & Herdzubehör
6554510,Haushaltsgeräte > Geschirrspülmaschinen > Gefriergeräte- & Kühlschrankteile
6554518,"Haushaltsgeräte > Kaffee-, Tee- & Espressomaschinen > Geschirrspülerteile"
6554605,Haushaltsgeräte > Klimaanlagen & Heizgeräte > Sonstige
6554614,Haushaltsgeräte > Sonstige > Waschmaschinen- & Trocknerteile
6554623,Haushaltsgeräte > Staubsauger & Zubehör > Ventilatoren & Luftbehandlung
6554629,Haushaltsgeräte > Staubsauger & Zubehör > Ventilatoren & Luftbehandlung
6559353,Haushaltsgeräte > Staubsauger & Zubehör > Ventilatoren & Luftbehandlung > Ersatzteile
6551311,Haushaltsgeräte > Vintage-Handys
6554631,Haushaltsgeräte > Vintage-Handys > Sonstige
6554632,Haushaltsgeräte > Waschmaschinen & Trockner > Sonstige
6554664,Haustierbedarf > Geflügelhaltung > Sonstige
6554742,Haustierbedarf > Sonstige > Sonstige
6554743,Haustierbedarf > Tierurnen & -memorabilien > Sonstige
6554757,Heimwerker > Baupläne > Sonstige
6554771,Heimwerker > Baustoffe & Holz > Sonstige
6554787,"Heimwerker > Bodenbeläge & Fliesen > Wandverkleidung, Leisten & Außenverkleidung"
6559463,"Heimwerker > Bodenbeläge & Fliesen > Wandverkleidung, Leisten & Außenverkleidung > Zubehör"
6554792,"Heimwerker > Dachrinnen, Dachgitter & Fallrohre > Sonstige"
6554794,Heimwerker > Eisenwaren > Dachrinnenzubehör
6554804,Heimwerker > Elektromaterial > Sonstige
6554811,Heimwerker > Erneuerbare Energie > Verlängerungskabel & Zubehör
6559537,"Heimwerker > Erneuerbare Energie > Verlängerungskabel & Zubehör > Verlängerungskabeltrommeln, -boxen & -rollen"
6554819,"Heimwerker > Farben, Tapeten & Zubehör > Sonstige"
6554822,"Heimwerker > Fenster, Türen & Treppen > Tapeten, Werkzeuge & Zubehör"
6559602,"Heimwerker > Fenster, Türen & Treppen > Tapeten, Werkzeuge & Zubehör > Sonstige"
6554832,"Heimwerker > Heizen, Klima & Sanitär > Treppen & Geländer"
6559693,"Heimwerker > Heizen, Klima & Sanitär > Treppen & Geländer > Pfosten"
6554841,Heimwerker > Leisten & Zierwerk > Sonstige
6554855,Heimwerker > Schrankbeschläge & -teile > Wandleisten
6551348,Heimwerker > Sonstige
6554902,Heimwerker > Sonstige > Sonstige
6554906,Heimwerker > Überwachungstechnik > Sonstige
6554918,Heimwerker > Werkstattausrüstung > Überwachungstechnik-Teile & -Zubehör
6559746,Heimwerker > Werkstattausrüstung > Überwachungstechnik-Teile & -Zubehör > Sonstige
6554938,Heimwerker > Werkzeuge > Werkstattausrüstung-Ersatzteile
6554942,Kleidung & Accessoires > Babys > Unisex für Kinder
6559887,Kleidung & Accessoires > Babys > Unisex für Kinder > Unisex-Schuhe
6554947,Kleidung & Accessoires > Damen > Sonstige
6554948,Kleidung & Accessoires > Herren > Damen-Accessoires
6559929,Kleidung & Accessoires > Herren > Damen-Accessoires > Accessoire-Sets
6551121,Kleidung & Accessoires > Herren > Shirts & Hemden
6551122,Kleidung & Accessoires > Herren > Shirts & Hemden > T-Shirts
6554952,Kleidung & Accessoires > Kinder > Herren-Accessoires
6559965,Kleidung & Accessoires > Kinder > Herren-Accessoires > Accessoire-Sets
6554959,Kleidung & Accessoires > Spezielle Anlässe > Accessoires für Babys
6559974,Kleidung & Accessoires > Spezielle Anlässe > Accessoires für Babys > Sonnenbrillen
6551357,Kleidung & Accessoires > Werkzeuge
6554967,Kleidung & Accessoires > Werkzeuge > Sonstige
6554973,Möbel & Wohnen > Badezimmer > Sonstige
6554975,Möbel & Wohnen > Beleuchtung > Dusch- & Badewannenzubehör
6560040,Möbel & Wohnen > Beleuchtung > Dusch- & Badewannenzubehör > Sonstige
6554995,"Möbel & Wohnen > Bettwaren, -wäsche & Matratzen > Lampenzubehör"
6551362,Möbel & Wohnen > Dampfmaschinen
6555004,Möbel & Wohnen > Dampfmaschinen > Sonstige
6555006,Möbel & Wohnen > Dekokissen > Bettwarenzubehör
6555007,Möbel & Wohnen > Dekoration > Bettwarenzubehör
6555021,Möbel & Wohnen > Feste & Besondere Anlässe > Düfte & Aromen
6555065,Möbel & Wohnen > Kerzen & Düfte > Sonstige
6555072,Möbel & Wohnen > Kindermöbel & Wohnen > Sonstige
6555080,Möbel & Wohnen > Klein- & Hängeaufbewahrung > Möbel
6560211,Möbel & Wohnen > Klein- & Hängeaufbewahrung > Möbel > Tische
6555113,Möbel & Wohnen > Küche > Sonstige
6555122,Möbel & Wohnen > Möbel > Küchenwagen
6555148,"Möbel & Wohnen > Rollos, Gardinen & Vorhänge > Möbelteile"
6555149,Möbel & Wohnen > Sonstige > Teppich- & Teppichbodenwerkzeuge
6555152,Möbel & Wohnen > Teppiche & Teppichböden > Gardinen- & Jalousienteile
6555165,Modellbau > Auto- & Verkehrsmodelle > Gemischte Lots
6555189,"Modellbau > Modellbausätze > Teile, Zubehör & Aufbewahrung"
6560364,"Modellbau > Modellbausätze > Teile, Zubehör & Aufbewahrung > Sonstige"
6555194,Modellbau > Modelleisenbahn > Sonstige
6551384,Modellbau > Spezielle Anlässe
6555208,Modellbau > Spezielle Anlässe > Sonstige
6555209,Musik > Audio-Media-Zubehör > Teppich- & Teppichbodenwerkzeuge
6555210,Musik > CDs > Teppich- & Teppichbodenwerkzeuge
6555227,Musik > Fanartikel & Merchandise > Teppich- & Teppichbodenwerkzeuge
6555228,Musik > Musik NFTs > Teppich- & Teppichbodenwerkzeuge
6555229,Musik > Musikkassetten > Teppich- & Teppichbodenwerkzeuge
6555230,Musik > Schallplatten > Teppich- & Teppichbodenwerkzeuge
6551392,Musik > Sonstige
6555231,Musik > Sonstige > Teppich- & Teppichbodenwerkzeuge
6555232,Musik > Weitere Formate > Teppich- & Teppichbodenwerkzeuge
6555237,Musikinstrumente > Allgemeines Zubehör > Sonstige Tasteninstrumente
6555247,Musikinstrumente > Blechblasinstrumente > Sonstige
6555261,Musikinstrumente > Drums & Percussion > Sonstige Blechblasinstrumente
6551397,Musikinstrumente > Fanartikel & Merchandise
6555264,Musikinstrumente > Fanartikel & Merchandise > Sonstige
6555276,Musikinstrumente > Gitarren & Bässe > Sonstige Percussion Instrumente
6555282,Musikinstrumente > Holzblasinstrumente > Sonstige
6555286,Musikinstrumente > Lernkurse > Sonstige
6555289,Musikinstrumente > Noten & Songbooks > Sonstige Holzblasinstrumente
6555290,Musikinstrumente > Pro-Audio Equipment > Antiquarische Noten/Songbooks
6555314,Musikinstrumente > Sonstige Musikinstrumente > Vintage Streich- & Zupfinstr.
6560563,Musikinstrumente > Sonstige Musikinstrumente > Vintage Streich- & Zupfinstr. > Sonstige
6555318,Musikinstrumente > Streich- & Zupfinstrumente > Sonstige
6555328,Musikinstrumente > Tasteninstrumente > Sonstige Streich- & Zupfinstrumente
6555330,Musikinstrumente > Vintage Musikinstrumente > Sonstige
6555338,PC- & Videospiele > Ersatzteile & Werkzeuge > Sonstige
6555339,PC- & Videospiele > Game Cards > Sonstige
6555341,PC- & Videospiele > Konsolen > Vintage Streich- & Zupfinstr.
6560665,PC- & Videospiele > Konsolen > Vintage Streich- & Zupfinstr. > Sonstige
6555343,PC- & Videospiele > Lösungsbücher & Ratgeber > Sonstige
6555344,PC- & Videospiele > Merchandising > Sonstige
6555345,PC- & Videospiele > Originalverpackungen & -hüllen > Sonstige
6555346,PC- & Videospiele > PC- & Videospiele > Vintage Streich- & Zupfinstr.
6560666,PC- & Videospiele > PC- & Videospiele > Vintage Streich- & Zupfinstr. > Sonstige
6551414,PC- & Videospiele > Sonstige Musikinstrumente
6555347,PC- & Videospiele > Sonstige Musikinstrumente > Vintage Streich- & Zupfinstr.
6560667,PC- & Videospiele > Sonstige Musikinstrumente > Vintage Streich- & Zupfinstr. > Sonstige
6555348,PC- & Videospiele > Spielanleitungen & Inserts > Sonstige
6555369,PC- & Videospiele > Zubehör > Vintage Streich- & Zupfinstr.
6560668,PC- & Videospiele > Zubehör > Vintage Streich- & Zupfinstr. > Sonstige
6555375,Reisen > Fahrkarten & Flugtickets > Sonstige Übernachtungen
6555376,Reisen > Kurzreisen > Sonstige Übernachtungen
6555377,Reisen > Mietwagen > Flugtickets
6555379,Reisen > Mitfahrgelegenheiten > Flugtickets
6555380,Reisen > Pauschalreisen > Sonstige Übernachtungen
6555382,Reisen > Reise- & Erlebnisgutscheine > Flugtickets
6555405,Reisen > Reiseaccessoires > Sporttaschen
6555415,Reisen > Reisekoffer & -taschen > Yacht-Charter
6555417,Reisen > Seereisen > Wellnessgutscheine
6555420,Reisen > Sonstige > Sonstige
6551427,Reisen > Spielanleitungen & Inserts
6555421,Reisen > Spielanleitungen & Inserts > Sonstige
6555428,Reisen > Übernachtungen > Sonstige
6555430,Reisen > Vintage-Gepäck & Reiseaccessoires > Sonstige
6555437,Spielzeug > Action-Figuren & Zubehör > Sonstige
6555443,"Spielzeug > Bären, -kleidung & Zubehör > Sonstige"
6555444,Spielzeug > Basteln & Kreativität > Action- & Spielfiguren Aufbewahrung
6560672,Spielzeug > Basteln & Kreativität > Action- & Spielfiguren Aufbewahrung > Ständer & Vitrinen
6555455,Spielzeug > Bausets & Konstruktion > Sonstige
6555466,Spielzeug > Blechspielzeug > Konstruktionsspielzeuge
6560705,Spielzeug > Blechspielzeug > Konstruktionsspielzeuge > Konstruktionsspielzeug-Aufbewahrung & -Display
6555571,"Spielzeug > Papier-Anziehpuppen, -kleidung & -zubehör > Sammlerbücher & -anleitungen"
6555592,Spielzeug > Puppen & Zubehör > Sonstige
6555593,"Spielzeug > Puppenstuben, -häuser & Kaufmannsläden > Bücher & Anleitungen"
6560820,"Spielzeug > Puppenstuben, -häuser & Kaufmannsläden > Bücher & Anleitungen > Sammlerbücher & -anleitungen"
6555609,Spielzeug > Puzzles & Geduldspiele > Sammlerbücher & -anleitungen
6555612,Spielzeug > Sonstige > Sammlerbücher & -anleitungen
6555613,Spielzeug > Sonstige > Sonstige
6555614,Spielzeug > Spieldosen > Sonstige
6555671,Spielzeug > Zauberartikel & -tricks > Sammlerbücher & -anleitungen
6555683,Sport > Angelsport > Sammlerbücher & -anleitungen
6555694,Sport > Bootsport > Sonstige
6555707,Sport > Camping & Outdoor > Sonstige Boote
6555720,Sport > Fitness & Jogging > Sonstiges Camping & Outdoor
6555798,Sport > Schiedsrichter- & Trainerbedarf > Sonstige
6551467,Sport > Sonstige
6555799,Sport > Sonstige > Sammlerbücher & -anleitungen
6555802,Sport > Sportpreise > Sonstige
6555810,Sport > Sporttaschen & Rucksäcke > Weiteres Zubehör
6561414,Sport > Sporttaschen & Rucksäcke > Weiteres Zubehör > Sonstige
6555818,Sport > Tauchen > Sonstige
6551086,TV
6551476,TV > Anleitungen & Schaltbilder
6555881,TV > Anleitungen & Schaltbilder > Sonstige
6551477,TV > Bühnenbeleuchtung & -effekte
6555882,TV > Bühnenbeleuchtung & -effekte > Bildschirme & Hintergründe
6555883,TV > Bühnenbeleuchtung & -effekte > Dimmer
6555884,TV > Bühnenbeleuchtung & -effekte > DJ: Einzelne Beleuchtungen
6555885,TV > Bühnenbeleuchtung & -effekte > DJ: Komplettsysteme & Bausätze
6555886,TV > Bühnenbeleuchtung & -effekte > Effektmaschinen
6555887,TV > Bühnenbeleuchtung & -effekte > Ersatzglühbirnen & -lampen
6555888,TV > Bühnenbeleuchtung & -effekte > Fluids & Duftstoffe
6555889,"TV > Bühnenbeleuchtung & -effekte > Gobos, Filter & Farbkappen"
6555890,TV > Bühnenbeleuchtung & -effekte > Kabel & Verbindungen
6555891,TV > Bühnenbeleuchtung & -effekte > Klammern & Halterungen
6555892,TV > Bühnenbeleuchtung & -effekte > Licht- & Effekt-Komplettsysteme
6555893,TV > Bühnenbeleuchtung & -effekte > Licht-Effekte
6555894,TV > Bühnenbeleuchtung & -effekte > Lichtständer & Traversen
6555895,TV > Bühnenbeleuchtung & -effekte > Lichtsteuerungen
6555896,TV > Bühnenbeleuchtung & -effekte > Sonstige
6551478,TV > DJ-Equipment
6555897,"TV > DJ-Equipment > Cases, Racks & Taschen"
6555898,TV > DJ-Equipment > Digital Vinyl Systeme (DVS)
6555899,TV > DJ-Equipment > DJ- & PA-Sets
6555900,TV > DJ-Equipment > DJ-CD-/MP3-Player
6555901,TV > DJ-Equipment > DJ-Controller
6555902,TV > DJ-Equipment > DJ-Kopfhörer
6555903,TV > DJ-Equipment > DJ-Turntable Teile & Zubehör
6561783,TV > DJ-Equipment > DJ-Turntable Teile & Zubehör > Slipmats
6561784,TV > DJ-Equipment > DJ-Turntable Teile & Zubehör > Sonstige Ersatzteile
6561785,TV > DJ-Equipment > DJ-Turntable Teile & Zubehör > Tasten & Knöpfe
6561786,TV > DJ-Equipment > DJ-Turntable Teile & Zubehör > Tonabnehmer & Nadeln
6561787,TV > DJ-Equipment > DJ-Turntable Teile & Zubehör > Tonabnehmerköpfe
6555904,TV > DJ-Equipment > DJ-Turntables
6555905,"TV > DJ-Equipment > Kabel, Leitungen & Stecker"
6555906,TV > DJ-Equipment > Lautsprecher & Monitore
6555907,TV > DJ-Equipment > Mikrofone
6555908,TV > DJ-Equipment > Mixer
6555909,TV > DJ-Equipment > Sonstige
6555910,TV > DJ-Equipment > Ständer & Stützen
6555911,TV > DJ-Equipment > Verstärker
6551479,"TV > DVD, Blu-ray & Heimkino"
6555912,"TV > DVD, Blu-ray & Heimkino > Beamer-Ersatzlampen & -teile"
6555913,"TV > DVD, Blu-ray & Heimkino > Beamer-Halterungen"
6555914,"TV > DVD, Blu-ray & Heimkino > Beamer-Leinwände"
6555915,"TV > DVD, Blu-ray & Heimkino > DVD- & Blu-ray-Player"
6555916,"TV > DVD, Blu-ray & Heimkino > Festplatten-Recorder"
6555917,"TV > DVD, Blu-ray & Heimkino > Heimkino-Beamer"
6555918,"TV > DVD, Blu-ray & Heimkino > Heimkino-Systeme"
6555919,"TV > DVD, Blu-ray & Heimkino > Karaoke-Player"
6555921,"TV > DVD, Blu-ray & Heimkino > Sonstige"
6551480,TV > Fernseher
6555922,TV > Fernseher > Karaoke-Player
6551481,TV > Haushaltsbatterien & Strom
6555923,TV > Haushaltsbatterien & Strom > Akku-Adapter
6555925,TV > Haushaltsbatterien & Strom > Akku-Ladegeräte
6555927,TV > Haushaltsbatterien & Strom > Akku-Tester
6555928,TV > Haushaltsbatterien & Strom > Akkus
6555930,TV > Haushaltsbatterien & Strom > Einweg-Batterien
6555931,TV > Haushaltsbatterien & Strom > Hochleistungsspannungswandler
6555932,TV > Haushaltsbatterien & Strom > Netzkabel & -stecker
6555933,TV > Haushaltsbatterien & Strom > Sonstige
6555934,TV > Haushaltsbatterien & Strom > Universal-Netzteile
6551482,TV > Heim-Audio & HiFi
6555935,TV > Heim-Audio & HiFi > CD-Player & -Recorder
6555936,TV > Heim-Audio & HiFi > Equalizer
6555937,TV > Heim-Audio & HiFi > Ersatzteile & Werkzeuge
6555938,TV > Heim-Audio & HiFi > HiFi-Systeme/-Kombinationen
6555939,TV > Heim-Audio & HiFi > HiFi-Tuner
6555940,TV > Heim-Audio & HiFi > Kompakt-Stereoanlagen
6555941,TV > Heim-Audio & HiFi > Lautsprecher & Subwoofer
6555942,TV > Heim-Audio & HiFi > MD-Player & -Recorder
6555943,TV > Heim-Audio & HiFi > Plattenspieler/Turntables
6555944,TV > Heim-Audio & HiFi > Receiver
6555945,TV > Heim-Audio & HiFi > Sonstige
6555946,TV > Heim-Audio & HiFi > Tapedecks/Tonbandspieler
6555947,TV > Heim-Audio & HiFi > Verstärker & Vorverstärker
6551483,TV > Karaoke
6555948,TV > Karaoke > Karaoke-Anlagen
6555949,TV > Karaoke > Karaoke-CDGs & -DVDs
6555950,TV > Karaoke > Karaoke-Mikrofone
6555951,TV > Karaoke > Karaoke-Mixer
6555952,TV > Karaoke > Karaoke-Player
6555953,TV > Karaoke > Sonstige
6551484,TV > Smart Glasses
6555954,TV > Smart Glasses > Sonstige
6551485,"TV > Smart Speakers, Hubs & Zubehör"
6555955,"TV > Smart Speakers, Hubs & Zubehör > Smart Home Hub-Teile"
6555956,"TV > Smart Speakers, Hubs & Zubehör > Smart Home Hub-Zubehör"
6555957,"TV > Smart Speakers, Hubs & Zubehör > Smart Speaker Teile"
6555958,"TV > Smart Speakers, Hubs & Zubehör > Smart Speaker-Zubehör"
6555959,"TV > Smart Speakers, Hubs & Zubehör > Smart Speakers"
6555960,"TV > Smart Speakers, Hubs & Zubehör > Smart-Home-Hubs"
6555961,"TV > Smart Speakers, Hubs & Zubehör > Sonstige"
6551486,TV > Sonstige
6555962,TV > Sonstige > Sonstige
6551487,TV > Tragbare Geräte & Kopfhörer
6555964,TV > Tragbare Geräte & Kopfhörer > Audio-Docks & Mini-Lautsprecher
6555965,TV > Tragbare Geräte & Kopfhörer > Ersatzteile & Werkzeuge
6555966,TV > Tragbare Geräte & Kopfhörer > iPods & MP3-Player
6555967,TV > Tragbare Geräte & Kopfhörer > Kopfhörer
6555968,TV > Tragbare Geräte & Kopfhörer > Kopfhörer-Teile
6555969,TV > Tragbare Geräte & Kopfhörer > Kopfhörer-Zubehör
6555970,TV > Tragbare Geräte & Kopfhörer > Smart Home Hub-Teile
6555971,TV > Tragbare Geräte & Kopfhörer > Tragbare AM/FM Radios
6555972,TV > Tragbare Geräte & Kopfhörer > Tragbare CD-Player
6555973,TV > Tragbare Geräte & Kopfhörer > Tragbare Kassettenspieler
6555974,TV > Tragbare Geräte & Kopfhörer > Tragbare MD-Player
6555975,TV > Tragbare Geräte & Kopfhörer > Tragbare Satelliten-Radios
6555976,TV > Tragbare Geräte & Kopfhörer > Tragbare Stereoanlagen
6555977,TV > Tragbare Geräte & Kopfhörer > Zubehör für tragbare Audiogeräte
6561788,TV > Tragbare Geräte & Kopfhörer > Zubehör für tragbare Audiogeräte > Akkus
6561789,TV > Tragbare Geräte & Kopfhörer > Zubehör für tragbare Audiogeräte > Armbänder
6561790,TV > Tragbare Geräte & Kopfhörer > Zubehör für tragbare Audiogeräte > Aufsteck-Mikrofone
6561791,TV > Tragbare Geräte & Kopfhörer > Zubehör für tragbare Audiogeräte > Displayschutzfolien
6561792,TV > Tragbare Geräte & Kopfhörer > Zubehör für tragbare Audiogeräte > Fernbedienungen
6561793,TV > Tragbare Geräte & Kopfhörer > Zubehör für tragbare Audiogeräte > Halterungen
6561794,TV > Tragbare Geräte & Kopfhörer > Zubehör für tragbare Audiogeräte > Kabel & Adapter
6561795,TV > Tragbare Geräte & Kopfhörer > Zubehör für tragbare Audiogeräte > Kassettenadapter
6561796,TV > Tragbare Geräte & Kopfhörer > Zubehör für tragbare Audiogeräte > Ladegeräte & Dockingstationen
6561797,TV > Tragbare Geräte & Kopfhörer > Zubehör für tragbare Audiogeräte > Sonstige
6561798,TV > Tragbare Geräte & Kopfhörer > Zubehör für tragbare Audiogeräte > Taschen & Schutzhüllen
6561799,TV > Tragbare Geräte & Kopfhörer > Zubehör für tragbare Audiogeräte > Transmitter
6561800,TV > Tragbare Geräte & Kopfhörer > Zubehör für tragbare Audiogeräte > Zubehörpakete
6551488,TV > TV- & Heim-Audio-Teile
6555978,TV > TV- & Heim-Audio-Teile > Lautsprecher-Teile
6561801,TV > TV- & Heim-Audio-Teile > Lautsprecher-Teile > Anleitungen
6561802,TV > TV- & Heim-Audio-Teile > Lautsprecher-Teile > Baukomponenten
6561803,TV > TV- & Heim-Audio-Teile > Lautsprecher-Teile > Bausätze & Verbrauchsmaterial
6561804,TV > TV- & Heim-Audio-Teile > Lautsprecher-Teile > Elektrik & Elektronik
6561805,TV > TV- & Heim-Audio-Teile > Lautsprecher-Teile > Hochtöner
6561806,TV > TV- & Heim-Audio-Teile > Lautsprecher-Teile > Komplettboxen-Teile
6561807,TV > TV- & Heim-Audio-Teile > Lautsprecher-Teile > Lautsprecher-Magnete
6561808,TV > TV- & Heim-Audio-Teile > Lautsprecher-Teile > Lautsprecher-Rahmen
6561809,TV > TV- & Heim-Audio-Teile > Lautsprecher-Teile > Schwingspulen
6561810,TV > TV- & Heim-Audio-Teile > Lautsprecher-Teile > Sonstige
6561811,TV > TV- & Heim-Audio-Teile > Lautsprecher-Teile > Tieftöner
6555979,TV > TV- & Heim-Audio-Teile > Plattenspieler/Turntable-Teile
6555980,TV > TV- & Heim-Audio-Teile > Rückprojektions-TV-Lampen
6555981,TV > TV- & Heim-Audio-Teile > Sonstige
6555982,TV > TV- & Heim-Audio-Teile > Tapedeck-Teile
6555983,TV > TV- & Heim-Audio-Teile > TV-Hauptplatinen & -Teile
6555984,TV > TV- & Heim-Audio-Teile > Verstärker-Teile
6551489,TV > TV- & Heim-Audio-Zubehör
6555985,TV > TV- & Heim-Audio-Zubehör > 3D-TV-Brillen & -Zubehör
6555986,TV > TV- & Heim-Audio-Zubehör > Audio-/Video-Leermedien
6561812,TV > TV- & Heim-Audio-Zubehör > Audio-/Video-Leermedien > Audiokassetten & DATs
6561813,"TV > TV- & Heim-Audio-Zubehör > Audio-/Video-Leermedien > CDs, DVDs & Blu-rays"
6561814,TV > TV- & Heim-Audio-Zubehör > Audio-/Video-Leermedien > MiniDiscs (MDs)
6561815,TV > TV- & Heim-Audio-Zubehör > Audio-/Video-Leermedien > VHS-Videokassetten
6555987,TV > TV- & Heim-Audio-Zubehör > Audio-/Video-Medien Reinigung
6561816,TV > TV- & Heim-Audio-Zubehör > Audio-/Video-Medien Reinigung > A/V-Reinigungslösungen
6561817,TV > TV- & Heim-Audio-Zubehör > Audio-/Video-Medien Reinigung > A/V-Reinigungssets
6561818,TV > TV- & Heim-Audio-Zubehör > Audio-/Video-Medien Reinigung > A/V-Reinigungstücher & -bürsten
6555988,TV > TV- & Heim-Audio-Zubehör > Audio-/Video-Medien Reparatur
6561819,TV > TV- & Heim-Audio-Zubehör > Audio-/Video-Medien Reparatur > A/V-Polier- & Schleifscheiben
6561820,TV > TV- & Heim-Audio-Zubehör > Audio-/Video-Medien Reparatur > A/V-Reparaturmaschinen & Teile
6561821,TV > TV- & Heim-Audio-Zubehör > Audio-/Video-Medien Reparatur > A/V-Reparatursets
6555989,TV > TV- & Heim-Audio-Zubehör > Audiokabel & Adapter
6555990,TV > TV- & Heim-Audio-Zubehör > Audiokabel-Stecker
6555991,TV > TV- & Heim-Audio-Zubehör > Fernbedienungen
6555992,TV > TV- & Heim-Audio-Zubehör > Internet-TV & Media Streamer
6555993,TV > TV- & Heim-Audio-Zubehör > Lautsprecher-Ständer & -Halterungen
6555994,TV > TV- & Heim-Audio-Zubehör > Medien-Aufbewahrung
6555995,TV > TV- & Heim-Audio-Zubehör > Sonstige
6555996,TV > TV- & Heim-Audio-Zubehör > TV-Smartcards
6555997,TV > TV- & Heim-Audio-Zubehör > TV-Ständer & -Wandhalterungen
6555998,TV > TV- & Heim-Audio-Zubehör > TV-Werkzeug
6561822,TV > TV- & Heim-Audio-Zubehör > TV-Werkzeug > Abisolierzangen
6561823,TV > TV- & Heim-Audio-Zubehör > TV-Werkzeug > Quetschzangen
6561824,TV > TV- & Heim-Audio-Zubehör > TV-Werkzeug > Sonstige
6555999,TV > TV- & Heim-Audio-Zubehör > Videobrillen
6556000,TV > TV- & Heim-Audio-Zubehör > Videokabel & -stecker
6556001,TV > TV- & Heim-Audio-Zubehör > Wireless Video-Sender
6551490,"TV > TV-, Video- & Audio-Raritäten"
6556002,"TV > TV-, Video- & Audio-Raritäten > 8-Spur-Kassettenspieler"
6556003,"TV > TV-, Video- & Audio-Raritäten > Fernseher"
6556004,"TV > TV-, Video- & Audio-Raritäten > HiFi-Tuner"
6556005,"TV > TV-, Video- & Audio-Raritäten > Kassettenspieler"
6556006,"TV > TV-, Video- & Audio-Raritäten > Kopfhörer"
6556007,"TV > TV-, Video- & Audio-Raritäten > Laserdisc-Player"
6556008,"TV > TV-, Video- & Audio-Raritäten > Lautsprecher"
6556009,"TV > TV-, Video- & Audio-Raritäten > Plattenspieler/Turntables"
6556010,"TV > TV-, Video- & Audio-Raritäten > Radios"
6556011,"TV > TV-, Video- & Audio-Raritäten > Sonstige"
6556012,"TV > TV-, Video- & Audio-Raritäten > Stereo-Receiver"
6556013,"TV > TV-, Video- & Audio-Raritäten > Teile & Zubehör"
6561825,"TV > TV-, Video- & Audio-Raritäten > Teile & Zubehör > Elektronenröhren & Valves"
6561826,"TV > TV-, Video- & Audio-Raritäten > Teile & Zubehör > Gebrauchsanleitungen"
6561827,"TV > TV-, Video- & Audio-Raritäten > Teile & Zubehör > Kondensatoren"
6561828,"TV > TV-, Video- & Audio-Raritäten > Teile & Zubehör > Lautsprecher- & Horntreiber"
6561829,"TV > TV-, Video- & Audio-Raritäten > Teile & Zubehör > Leermedien"
6561830,"TV > TV-, Video- & Audio-Raritäten > Teile & Zubehör > Sonstige"
6561831,"TV > TV-, Video- & Audio-Raritäten > Teile & Zubehör > Transformatoren"
6556014,"TV > TV-, Video- & Audio-Raritäten > Tonbandgeräte"
6556015,"TV > TV-, Video- & Audio-Raritäten > Verstärker"
6556016,"TV > TV-, Video- & Audio-Raritäten > Videorecorder"
6556017,"TV > TV-, Video- & Audio-Raritäten > Vorverstärker"
6551491,TV > TV-Receiver & Set-Top-Boxen
6556018,TV > TV-Receiver & Set-Top-Boxen > Antennen
6556019,TV > TV-Receiver & Set-Top-Boxen > Antennen-/Sat-Antennen-Installation
6556020,TV > TV-Receiver & Set-Top-Boxen > CAM Module
6556021,TV > TV-Receiver & Set-Top-Boxen > DVB-T Receiver
6556022,TV > TV-Receiver & Set-Top-Boxen > Kabel-TV-Boxen
6556023,TV > TV-Receiver & Set-Top-Boxen > Sat-Finder
6556024,TV > TV-Receiver & Set-Top-Boxen > Sat-LNBs
6556025,TV > TV-Receiver & Set-Top-Boxen > Sat-Multischalter
6556026,TV > TV-Receiver & Set-Top-Boxen > Sat-TV-Receiver
6556027,TV > TV-Receiver & Set-Top-Boxen > Satellitenschüsseln
6556028,TV > TV-Receiver & Set-Top-Boxen > Satellitenweichen & Splitter
6556029,TV > TV-Receiver & Set-Top-Boxen > Signalverstärker & -filter
6556030,TV > TV-Receiver & Set-Top-Boxen > Sonstige
6556031,TV > TV-Receiver & Set-Top-Boxen > TV-Smartcards
6551492,TV > Video & Audio
6556032,TV > Video & Audio > Sonstige Sportpreise
6551493,TV > Virtual Reality
6556033,TV > Virtual Reality > Controller & Bewegungssensoren
6556034,TV > Virtual Reality > PC- & Konsolen-VR Brillen
6556035,TV > Virtual Reality > Smartphone-VR Brillen
6556036,TV > Virtual Reality > Sonstige
6556037,TV > Virtual Reality > Sonstige Sportpreise
6556038,TV > Virtual Reality > Standalone-VR Brillen
6556039,TV > Virtual Reality > Taschen & Schutzhüllen
6556040,TV > Virtual Reality > VR-Teile
6556044,Uhren & Schmuck > Echtschmuck > Gemischte Sortimente
6556061,Uhren & Schmuck > Folkloreschmuck > Zehenringe
6556062,Uhren & Schmuck > Gemischte Sortimente > Sonstige
6556073,Uhren & Schmuck > Hochzeitsschmuck > Schmucksets
6556083,Uhren & Schmuck > Juwelierbedarf > Schmucksets
6556090,Uhren & Schmuck > Kinderschmuck > Verlobungsringe
6556093,Uhren & Schmuck > Lose Diamanten & Edelsteine > Schmucksets
6556095,Uhren & Schmuck > Lose künstliche Perlen > Zirkonia
6556106,Uhren & Schmuck > Modeschmuck > Zirkonia
6556107,Uhren & Schmuck > Piercing- & Körperschmuck > Zehenringe
6551505,Uhren & Schmuck > Sonstige
6556108,Uhren & Schmuck > Sonstige > Sonstige
6556109,Uhren & Schmuck > Sonstiger Schmuck > Sonstige
6556115,"Uhren & Schmuck > Uhren, -teile & -zubehör > Sonstige"
6556128,Uhren & Schmuck > Unikate & Goldschmiedearbeiten > Zehenringe
