productId,sku,title,title_len,brand,category,barcode_count,invalid_barcodes,nonstandard_barcodes,flags
00442039661193,SKU-7225351886,"COZII Hundepool X001Y0BTE9 Blau Gr. 120x30cm PVC, PP NEU Faltbar Tierbedarf",75,COZII,Tierbedarf > Hunde > Betten & Möbel > Hundepools,0,,,barcode_missing|category_id_missing
0060cdec-9193-411b-af64-4754ca0226bd,SKU-1844691476,"Thule Rucksack Darkest Blue – Robust, vielseitig & nachhaltig für Alltag",72,Thule,Sport > Camping & Outdoor > Rucksäcke > Trekkingrucksäcke,1,,,
0099557e-b9f0-45a4-9c7c-d6418e7daac5,SKU-2250869990,HENMI Fahrradständer HMF-B03 verstellbar Schwarz Neu für diverse Fahrräder,74,HENMI,Sport > Radsport > Fahrradzubehör > Fahrradständer & Aufbewahrung,1,,,
0196214105119,SKU-4310621602,Pokémon Sammelordner-Kollektion 100-10011 Mehrfarbig Kunststoff NEU Deutsch,75,Pokémon,"Sammeln & Seltenes > Sammelkartenspiele/TCGs > TCG Zubehör > TCG Ordner, Sammelmappen & -hüllen",1,,,
03142017000003,SKU-9947386415,Weber Räucherofen Smokey Mountain Cooker 711004 Schwarz Gr. 37 cm Metall NEU,76,Weber,Sport > Angelsport > Zubehör > Räucheröfen & -utensilien,0,,,barcode_missing
04052938000016,SKU-4641833225,Pierburg Luftmassenmesser 7.22184.39.0 Schwarz Kunststoff NEU Nein Heimwerker,77,Pierburg,Heimwerker > Werkzeuge > Handwerkzeuge > Messer,2,,,
0700153955478,SKU-2014012963,"3rd Avenue Akustikgitarre STX10ASBPK2, Fichtenholz Decke, Lindenholz, Sunburst",78,3rd Avenue,Spielzeug > Holzspielzeug > Musikinstrumente,1,,,
07901010300000,SKU-2097206690,Generisch Autoradios passgenau für JSD 520 NEU Schwarz 1 DIN Bluetooth,70,Generisch,"Auto & Motorrad: Teile > Autoelektronik, GPS & Sicherheitstechnik > Autoentertainment > Autoradios",0,,,barcode_missing
0810123671069,SKU-1890172110,"Levoit Luftbefeuchter Classic 160: Gesundes Raumklima, leise, Top-Fill",70,Levoit,Haushaltsgeräte > Klimaanlagen & Heizgeräte,2,,,
09be7756-7b4f-4dda-bda0-799754052fff,SKU-3671103995,"SACHS Federbeinlager Domlager 802 472 019 für Ford Fiesta V, Ford Fusion, Mazda",79,SACHS,Auto & Motorrad: Teile > Auto-Tuning & -Styling > Sportfederung > Domlager,1,,,
1004200304684,SKU-4955195373,LIQUI MOLY Motoröl 10W-40 Mineralisch 4L für Motorrad 4-Takt Motoren MPN 3046,77,LIQUI MOLY,"Auto & Motorrad: Teile > Öl, Pflege- & Schmiermittel > Motoröl",1,,,
1011190149611,SKU-3023625088,"Hochwertiges 15-tlg Gewindereparaturset M14x1,5 Werkzeugsatz für Reparaturen",76,Unbekannt,Unkategorisiert,1,,,category_id_missing|category_text_not_breadcrumb
14006633314036,SKU-7591395419,ATE Bremsscheibe 24.0125-0184.1 für Audi 314 mm NEU Gr. 314 mm Nein 314x25mm,76,ATE,Auto & Motorrad: Teile > Autoteile & Zubehör > Bremsen & Bremsenteile > Bremsscheiben,1,,,
1472920275814,SKU-7995751556,IKEA KALLAX Standregal 77x77 cm – Vielseitige & stilvolle Ordnungslösung,72,IKEA,Möbel & Wohnen > Möbel > Regale & Aufbewahrung,1,,,
14f93c3a-6902-4da3-8a00-991a13958570,SKU-2064038107,FNTCASE Schutzhülle für Apple iPhone 16 Pro Grau Stoßfest MagSafe-kompatibel NEU,80,FNTCASE,Handyhüllen,0,,,barcode_missing|category_id_missing|category_text_not_breadcrumb
1507000192029,SKU-6705970836,BOOST TOWN Ladeluftrohr Ansaugrohr Kit 1507000192029 Hyundai Kona/i30N Rot Gebr.,80,BOOST TOWN,"Auto & Motorrad: Teile > Quad-, SSV- & UTV-Teile & -Zubehör > Ansaug- & Kraftstoffsysteme",1,,,
182c0593-5b66-4304-80fa-d1a56eb08210,SKU-0533124796,CAPAS Schnorchelflossen Travel Fins Grün Gr. S/M für Erwachsene & Kinder,72,CAPAS,Sport > Tauchen > ABC & Blei > Schnorchelflossen,0,,,barcode_missing
1900201150572,SKU-8902752253,"ATE Bremsscheibe 24.0128-0248.1 für Hyundai Kia, 321mm Durchmesser, 28mm Dicke",78,ATE,Auto & Motorrad: Teile > Autoteile & Zubehör > Bremsen & Bremsenteile > Bremsscheiben,1,,,
1900201900525,SKU-4873494474,"TRW Bremsscheibe DF4982 für Honda Accord - 282mm Durchmesser, 9mm Dicke",71,TRW,Sport > Radsport > Fahrradteile & -komponenten > Bremsscheiben,1,,,
1e369bf5-e5e6-460c-b595-8a08a2bbaf2d,SKU-7736193220,RDINSCOS Schichtdickenmessgerät TC-100 µm/mil für Eisen- & Nichteisen-Metalle,77,RDINSCOS,Heimwerker > Werkzeuge > Messwerkzeuge & Messgeräte,1,,,
20220424000047,SKU-6511282128,JMIYAV Gaming Mauspad FGD-02 JD-80 Rosa Mikrofaser NEU Gr. 300 mm Computer,74,JMIYAV,"Computer, Tablets & Netzwerk > Notebook- & Desktop-Zubehör > Mauspads & Handgelenkauflagen",1,,,
20221212000014,SKU-3806532980,"SHARGE Powerbank Flow Mini SP012, 5000mAh, USB-C, 2x 5V/2.4A Ausgang Grau",73,SHARGE,Musikinstrumente > Gitarren & Bässe > Zubehör > Kabel,1,,,
20240129000072,SKU-4603086544,URVOLAX CarPlay Display UR73C 10.26 Zoll NEU Schwarz Drahtloses Auto-Monitore,77,URVOLAX,Auto-Monitore,1,,,category_id_missing|category_text_not_breadcrumb
2024080701046,SKU-0545917168,SPURTAR Messschieber 0-150mm NEU DIN 862 Präzision 0.02mm Business Industrie,76,SPURTAR,Heimwerker > Werkzeuge > Messwerkzeuge & Messgeräte > Messschieber,1,,,
2074133001002,SKU-0922374624,"Magic: The Gathering Commander Deck – Sofort spielbar, epische Zombie-Horden",76,Magic: The Gathering,Sammeln & Seltenes > Sammelkartenspiele/TCGs > TCG OVP Decks & Starter,1,,,
2290601009009,SKU-2511182802,SACHS Kupplungssatz 2290601009 für Audi A3 VW Golf 2.0 TDI 240mm mit ZMS NEU,76,SACHS,Auto & Motorrad: Teile > Autoteile & Zubehör > Getriebe & Antriebstechnik > Kupplungsteile & -sätze > Kupplungssätze,1,,,
2312388888888,SKU-5446097686,"kecoolke Ultraschallreiniger KZ-F3, 3.0L, 120W Ultraschall, 150W Heizung Silber",79,kecoolke,Haushalt & Wohnen > Reinigung > Ultraschallreiniger,1,,,category_id_missing
2452014202112,SKU-6761538665,BMW Fußmatten 2er F45 Active Tourer Velours Anthrazit 4-teilig 2452014202112,76,BMW,Auto & Motorrad: Teile > Autoteile & Zubehör > Innenausstattung,1,,,
247e01a5-fa99-4b01-be0a-fefbe97a145d,SKU-3050715048,"HASKYY Vielzahn Steckschlüsselsatz XZN CVN-16, 1/2 Zoll, 16-tlg (8-24mm)",72,HASKYY,Heimwerker > Handwerkzeuge > Werkzeugsets,1,,,category_id_missing
2810449728013,SKU-3982672342,Unbekannt Autoradio 6S9701P NEU Schwarz Android Motorrad Teile GPS Autoradios,77,Unbekannt,"Auto & Motorrad: Teile > Autoelektronik, GPS & Sicherheitstechnik > Autoentertainment > Autoradios",1,,,
30c418b6-000b-47e9-8252-3478b4693cda,SKU-7753504850,PerformaNat Calcium Bolus für Milchkühe | Milchfieber-Prophylaxe | 8x110g | Neu,79,PerformaNat,Tierbedarf > Nutztiere > Rinderzubehör > Futterergänzungsmittel,0,,,barcode_missing|category_id_missing
31080024102010,SKU-2941051529,"TRW Bremsscheibe DF4866S für Audi Modelle, Schwarz lackiert, Premium Qualität,",78,TRW,Auto & Motorrad: Teile > Autoteile & Zubehör > Bremsen & Bremsenteile > Bremsscheiben,1,,,
3154020086005,SKU-4303462818,"GYS Rutil Elektrode 252 186005 NEU Gr. 2,5 mm new Herst.-Nr. Ø2 4 6kg Business",78,GYS,Heimwerker > Werkzeuge > Elektrowerkzeug- & Druckluftgerät-Zubehör,1,,,
3165143111321,SKU-6206509150,Bosch Zusatzwasserpumpe 0392020073 für Bosch NEU Kühlwasserkreislauf 12V,72,Bosch,Auto & Motorrad: Teile > Spezielle Fahrzeug-Teile > Wohnmobil- & Wohnwagenteile & Zubehör > Wasser- & Sanitärsysteme > Wasserpumpen,1,,,
3322937241712,SKU-5868736484,TRW Bremsbelagsatz GDB1330 87 Hinterachse NEU Gr. 87 WVA 20960 Ford Skoda,73,TRW,Auto & Motorrad: Teile,1,,,category_too_broad|category_text_not_breadcrumb
3374650257716,SKU-2267173123,MOTUL Motoröl 8100 X-clean+ SAE 5W-30 Vollsynthetisch 1L ACEA C3 für DPF/Kat NEU,80,MOTUL,"Auto & Motorrad: Teile > Öl, Pflege- & Schmiermittel > Motoröl",2,,,
3558380099390,SKU-2522561568,Asmodee Dobble Disney Edition Kartenspiel 2-8 Spieler ab 6 Jahren Deutsch Neu,77,Asmodee,Kartenspiel,1,,,category_id_missing|category_text_not_breadcrumb
3662775243128,SKU-5896801162,KYOTO Motorradbatterie GTX5L-BS SLA 12V 4Ah Wartungsfrei für Motorrad Schwarz,77,KYOTO,Auto & Motorrad: Teile,1,,,category_too_broad|category_text_not_breadcrumb
3770010398363,SKU-6722573428,Umami Bento Lunch Box 1.2L Auslaufsicher Mikrowellengeeignet Bento Box,70,Umami,Möbel & Wohnen > Kochen & Genießen > Ordnung & Aufbewahrung > Brotdosen,1,,,
4003318620911,SKU-8850596846,"ABUS Faltschloss BORDO 6000K/120 BK SH, 120cm, Sicherheitslevel 10 Schwarz",74,ABUS,Sport > Radsport > Fahrradzubehör > Schlösser & Sicherheit,1,,,
4004133669093,SKU-0200958470,APS Glas Trinkflasche 1L – Auslaufsicher & Nachhaltig für puren Genuss,70,APS,Sport > Fitness & Jogging > Kleingeräte & Zubehör > Trinkflaschen,1,,,
4005414511612,SKU-4715041854,ESPRIT Bettwäsche-Set CHILL Streifen Blau 155x220 cm Baumwolle Renforcé OEKO-TEX,80,ESPRIT,Bettwäsche,1,,,category_id_missing|category_text_not_breadcrumb
4006094887004,SKU-1892441877,"PEBARO Holzbausatz Ritterburg Burgen & Schlösser für Kinder ab 6 Jahre, 61",74,PEBARO,Holzbausatz,1,,,category_id_missing|category_text_not_breadcrumb
4006387029807,SKU-5978798764,BRITA Wasserfilter-Kartusche P 1000 für reinen Geschmack & Geräteschutz,71,BRITA,Möbel & Wohnen > Kochen & Genießen > Wasseraufbereitung & Trinkwassersprudler > Wasserfilter-Kartuschen,1,,,
4006633310222,SKU-4616386559,"ATE Bremsscheiben Set 24.0112-0178.1 für Audi - 300mm Durchmesser, 12mm Dicke",77,ATE,Auto & Motorrad: Teile > Autoteile & Zubehör > Bremsen & Bremsenteile > Bremsscheiben,2,,,
4009384341071,SKU-2859032659,"MFLAX Außenspiegelflagge Deutschland – Extrem stabil, einfache Montage",70,MFLAX,Spielzeug > Puppen & Zubehör,1,,,
4009384458304,SKU-4401248629,Fries GmbH Deutschland Fan Schal – Zeigen Sie Ihre Unterstützung stilvoll,73,Fries GmbH,Sport > Weitere Ballsportarten > Football > Fanartikel,1,,,
4010886516256,SKU-0963183292,GEDORE Nusssteckleiste 5162520 Silber Federstahl NEU Sichere Werkzeugordnung,76,GEDORE,Heimwerker > Werkzeuge > Handwerkzeuge > Schraubenschlüssel > Steckschlüssel,1,,,
4013556577007,SKU-5410787453,acamp Hängesessel Schutzhülle: Ganzjähriger Premium Wetterschutz Ø110x200cm,75,acamp,Garten & Terrasse > Möbel > Möbelschutzhüllen,1,,,
4013556577076,SKU-2724878095,acamp Schutzhülle 57707 Anthrazit Polyestergewebe NEU Gr. 160 cm Cappa,70,acamp,Garten & Terrasse,1,,,category_too_broad|category_text_not_breadcrumb
4013556577120,SKU-7700165856,acamp Schutzhülle 57712 Anthrazit Polyestergewebe NEU Gr. 200 cm Sonnenschirm,77,acamp,Garten & Terrasse > Gartenbauten & Sonnenschutz > Sonnenschirmzubehör,1,,,
4013556577144,SKU-0139597304,acamp Schutzhülle 57714 Anthrazit Polyester NEU Cappa Ampelschirme bis,70,acamp,Garten & Terrasse > Gartenbauten & Sonnenschutz > Sonnenschirmzubehör,1,,,
4013556592796,SKU-5928571392,acamp Schutzhülle 59279 Anthrazit Polyester NEU Strandkorb Cappa Optimaler,74,acamp,Garten & Terrasse > Möbel > Möbelschutzhüllen,1,,,
4013594537810,SKU-3704607179,Goki Murmelbahn Klangkaskade Holzspielzeug Soundeffekte ab 3 Jahre Neu,70,Goki,Holzspielzeug,1,,,category_id_missing|category_text_not_breadcrumb
4016417025303,SKU-3586300359,EURO PART Ablaufschlauch 1.5m - Flexible Verlängerung für Wasch- & Spülmaschinen,80,EURO PART,Haushaltsgeräte,1,,,category_too_broad|category_text_not_breadcrumb
4023103244009,SKU-9885764249,"Vileda Wäscheständer King UNimate Schwarz Stahl, Aluminium NEU 20m Trockenfläche",80,Vileda,Möbel & Wohnen > Haushalt > Wäsche > Wäscheständer,1,,,
4027816273868,SKU-1137525213,"febi bilstein Radlagersatz 27386 für Opel PKW, Vorderachse beidseitig NEU",73,febi bilstein,"Auto & Motorrad: Teile > Autoteile & Zubehör > Federung & Lenkung > Radlager, -naben & Buchsen",1,,,
4027816321033,SKU-1609202291,febi bilstein Ölfilter 32103 NEU PSA-Motoren 9818914980 Auto Motorrad Teile,75,febi bilstein,Auto & Motorrad: Teile > Autoteile & Zubehör > Motoren & Motorenteile > Ölfilter,1,,,
4030434105633,SKU-9182883969,FLENNOR Radlagersatz FR490971 für Mercedes-Benz OE 1403300051 Passgenau NEU,75,FLENNOR,"Auto & Motorrad: Teile > Autoteile & Zubehör > Federung & Lenkung > Radlager, -naben & Buchsen",1,,,
4034144003036,SKU-3097738026,EMUK Anhängerspiegel 2-Punkt-Bügel Aluminium für Renault Kadjar Espace Scénic,77,EMUK,Anhängerspiegel,1,,,category_id_missing|category_text_not_breadcrumb
4040074053454,SKU-0333689520,MEYLE Federbeinstützlager Mercedes E-Klasse CLS 014 641 0004 Vorderachse Schwarz,80,MEYLE,Auto & Motorrad: Teile > Autoteile & Zubehör > Federung & Lenkung > Stoßdämpfer- & Federbeinhalterungen,1,,,
4040074122754,SKU-0945605804,MEYLE ATF DCG II Getriebeöl 277026 für Doppelkupplungsgetriebe DCT NEU,70,MEYLE,"Auto & Motorrad: Teile > Öle, Flüssigkeiten & Additive > Getriebeöle",1,,,category_id_missing
4040074137246,SKU-9078406333,"MEYLE Filter-Satz 112 330 0003/S für Audi, Seat, Skoda, VW 1.6/2.0 TDI Neu",74,MEYLE,Auto & Motorrad: Teile > Auto-Ersatz- & -Reparaturteile > Filter > Filter-Sets,1,,,category_id_missing
4040074266946,SKU-6074840029,"MEYLE Gelenksatz Antriebswelle 100 498 0057, radseitig, ABS-Ring, Schwarz",73,MEYLE,Antriebswellen & Gelenke,1,,,category_id_missing|category_text_not_breadcrumb
4041248145418,SKU-8581934036,Elring Motordichtung 057.240 Motorblock Dichtung für präzise Abdichtung Neu,75,Elring,Auto & Motorrad: Teile > Autoteile & Zubehör > Motoren & Motorenteile,1,,,
4041248434536,SKU-8529588380,Elring Motordichtungssatz 542.210 Leckageschutz Erstausrüsterqualität Schwarz,77,Elring,Auto & Motorrad: Teile > Autoteile & Zubehör > Motoren & Motorenteile > Dichtungen & Montageteile > Dichtungssätze,1,,,
4041248450864,SKU-7321712010,Elring Zylinderkopfdichtungssatz 1212188109 für Elring Motor NEU 60 Auto,72,Elring,Auto & Motorrad: Teile > Autoteile & Zubehör > Motoren & Motorenteile > Dichtungen & Montageteile > Dichtungen & Dichtungsringe,1,,,
4041248450871,SKU-4780318569,Elring Zylinderkopfdichtung 150.162 für Volkswagen Motoren Schwarz/Bronze Neu,77,Elring,Auto & Motorrad: Teile > Autoteile & Zubehör > Motoren & Motorenteile,1,,,
4041248450888,SKU-1948960316,Elring Zylinderkopfdichtungssatz 150.172 Motor Erstausrüsterqualität Neu,72,Elring,Auto & Motorrad: Teile > Autoteile & Zubehör > Motoren & Motorenteile,1,,,
4043962306996,SKU-8927251416,fischer Hammerbohrer Quattric II SDS-plus Ø 24mm 450mm Quattric II 24/450/400,77,fischer,Heimwerker > Werkzeuge > Elektrowerkzeug- & Druckluftgerät-Zubehör > Bohrer-Bits,0,,,barcode_missing
4046001447266,SKU-3016364513,VAICO 2x Bremsscheibe voll hinten für Ford Kuga I Galaxy WA6 Land Rover Range,77,VAICO,Auto & Motorrad: Teile > Autoteile & Zubehör > Bremsen & Bremsenteile > Bremsscheiben,1,,,
4047059413104,SKU-6068074259,europet bernina Trinkbrunnen: Frisches & gefiltertes Wasser für gesunde,71,europet bernina,Haustierbedarf > Katzen > Näpfe & Trinkbrunnen,1,,,
4052138007280,SKU-8414659629,Trotec HEPA Carbon Kombifilter für AirgoClean 170 E Luftreiniger Schwarz,72,Trotec,"Haushaltsgeräte > Kaffee-, Tee- & Espressomaschinen > Filter-Kaffeemaschinen",1,,,
4053202268477,SKU-2191775022,ZF Automatikgetriebeöl Lifeguard Fluid 8 1L TE-ML 11 für Pkw MPN 600083246 NEU,78,ZF,"Auto & Motorrad: Teile > Öl, Pflege- & Schmiermittel > Automatikgetriebeöl",1,,,
4053479285122,SKU-0534200636,Würth Klingenschaber – Effiziente Rückstandsentfernung auf glatten Flächen,74,Würth,Heimwerker > Werkzeuge > Handwerkzeuge,1,,,
4063217299953,SKU-4885995332,Heidelberger BETTWAREN Bettdecke Grönland: Luxuriös warm & klimaregulierend,75,Heidelberger BETTWAREN,Möbel & Wohnen > Kindermöbel & Wohnen > Bettwaren & -wäsche > Bettdecken,1,,,
4063541990120,SKU-4973901806,HUGO BOSS Zestart Herren Sweatjacke Beige Gr. 4XL Langarm Reißverschluss,72,HUGO BOSS,Herrenbekleidung > Sweatshirts & Hoodies,1,,,category_id_missing
4063544208888,SKU-1747542074,BOSS Herren T-Shirt 3er Pack Classic Crew Neck Regular Fit Bio-Baumwolle Gr. M,78,BOSS,Herren T-Shirts,1,,,category_id_missing|category_text_not_breadcrumb
4069092282370,SKU-8382768165,Lawrence Grey Home Bettwäsche-Set 40225462-004 Orange/Creme gestreift Gr. 135 x,79,Lawrence Grey Home,"Möbel & Wohnen > Bettwaren, -wäsche & Matratzen > Bettwäsche",1,,,
4078500055604,SKU-1803692252,"GARDENA Akku- & Ladegerät-Set 18V 2.5 Ah Starter-Kit PBA 18V/45 Neu, OVP besch.",79,GARDENA,Gartengeräte Zubehör,1,,,category_id_missing|category_text_not_breadcrumb
4082300855241,SKU-1353005263,"HELLA Anlasser 011 612-801 NEU 8EA 011 612-801 Silber, Schwarz Metall 12V",73,HELLA,Auto & Motorrad: Teile > Autoteile & Zubehör > Autoelektrik > Anlasser,2,,,
4100420037405,SKU-0694979094,LIQUI MOLY Motoröl 3740 NEU TOP TEC 4300 5W-30 1L MPN ACEA C2/C3 API Benzin,75,LIQUI MOLY,"Auto & Motorrad: Teile > Öl, Pflege- & Schmiermittel > Motoröl",1,,,
4100420037412,SKU-7902875633,"LIQUI MOLY Motoröl TOP TEC 4300 5W-30 5L für Benzin Diesel Motoren, MPN 3741 NEU",80,LIQUI MOLY,"Auto & Motorrad: Teile > Öl, Pflege- & Schmiermittel > Motoröl",1,,,
4100420206474,SKU-4309949637,LIQUI MOLY Motoröl 20647 NEU 5W-30 Longlife III Liter Auto Motorrad Teile,73,LIQUI MOLY,"Auto & Motorrad: Teile > Öl, Pflege- & Schmiermittel > Motoröl",1,,,
4250153617556,SKU-4649569251,Near Dark Pfeife Screen Prince 46020335 Schwarz Metall NEU Metallpfeife,71,Near Dark,Spielzeug > Puppen & Zubehör,1,,,
4250358601817,SKU-1964286581,Höfner Konzertgitarre HC504-7/8 Gr. 7/8 NEU Carmencita Musikinstrumente,71,Höfner,Musikinstrumente > Gitarren & Bässe > Zubehör > Teile > Pickups,1,,,
4250454729170,SKU-1784585629,adeo Verlag Kunstkarten-Set: Elegante Blumenmotive für herzliche Grüße,70,adeo Verlag,"Büro & Schreibwaren > Papier, Büro- & Schreibwaren > Papier, Hefte & Blöcke > Briefpapier & Karten",1,,,
4251175827556,SKU-2902386366,"EURO DRIVELINE Antriebswelle W135 - Präzisionsgefertigt, extrem belastbar",73,EURO DRIVELINE,Auto & Motorrad: Teile > Auto-Tuning & -Styling > Sport-Getriebe > Antriebswellen,1,,,
4251806427775,SKU-8942698934,SCHIESSER Musselin Bettwäsche-Set Unisex Braun 135x200/80x80 cm Baumwolle Neu,77,SCHIESSER,Bettwäsche,1,,,category_id_missing|category_text_not_breadcrumb
4260443571086,SKU-9713309170,Best Netzwerkdose LAND001 RJ45 2-fach für Cat5e/Cat6 Aufputz/Unterputz Neu,74,Best,Netzwerkdosen,1,,,category_id_missing|category_text_not_breadcrumb
4260499852344,SKU-3933851468,BLAUPUNKT Autoradio VALENCIA 200 DAB+ BT BP2208M0007720 4x40W 1-DIN Schwarz,75,BLAUPUNKT,"Auto & Motorrad: Teile > Autoelektronik, GPS & Sicherheitstechnik > Autoentertainment > Autoradios",1,,,
4260526472194,SKU-7139254013,DONBOLSO Slim Wallet Herren Vintage Braun 100% reines Rindsleder NEU Rome,73,DONBOLSO,Kleidung & Accessoires > Spezielle Anlässe > Vintage-Mode > Vintage-Accessoires > Geldbörsen & Etuis,1,,,
4260532290669,SKU-7226847075,"BBQ-Toro Gusseisen Grillpfanne 3,5L für Herd Backofen Grill 42,5x27cm NEU",73,BBQ-Toro,Grillpfanne,1,,,category_id_missing|category_text_not_breadcrumb
4262405220148,SKU-2431535372,"AZANO DESIGNS Katzentreppe Holz NEU Inklusive Montagematerial, Kratzfläche",74,AZANO DESIGNS,Haustierbedarf > Katzen > Kratzbäume & Möbel,1,,,
4262427090057,SKU-0135090467,purahelp Warnwesten Set 4x XL Erwachsene + 1x Kind EN ISO 20471 Gelb PH-WW-SET+1,80,purahelp,Sicherheit & Pannenhilfe,1,,,category_id_missing|category_text_not_breadcrumb
4262472110243,SKU-7909541265,Grana Home Bratpfanne Classic Line 24 cm Antihaft Edelstahl Schwarz Neu,71,Grana Home,Pfanne,1,,,category_id_missing|category_text_not_breadcrumb
4270001051905,SKU-9268872444,Spivo Topspin Trainer Tennis Trainingshilfe mit akustischem Feedback Schwarz,76,Spivo,Sport > Weitere Ballsportarten > Basketball > Trainingshilfen,1,,,
45005591930000,SKU-6587967689,Calvin Klein Herren Trunks 3er Pack Baumwoll-Stretch Classic Fit Low Rise Gr. L,79,Calvin Klein,Kleidung & Accessoires > Herrenmode > Unterwäsche > Boxershorts & Trunks,1,,,category_id_missing
4806633149839,SKU-5619085780,ATE Bremsbeläge 13.0460-7195.2 ECE R90 mit Prüfzeichen E90R-02A1163/0750 602880,79,ATE,Sport > Radsport > Fahrradteile & -komponenten > Bremsbeläge,1,,,
48fe16c6-bdc6-42f6-862e-fc9eb4962c93,SKU-3756924465,FEDOUR Heizstab HP-608 50W mit Temperaturregler für Süß- & Meerwasser 20-34°C,77,FEDOUR,Tierbedarf > Aquaristik > Aquarienheizungen,1,,,category_id_missing
4906958001464,SKU-2966583160,YUASA Motorradbatterie passgenau für YTZ10S NEU AGM 12V 9.1Ah 190A CCA,70,YUASA,Motorradbatterie,1,,,category_id_missing|category_text_not_breadcrumb
4909500898543,SKU-2019632072,KYB Staubschutz-Kit 910158 für KYB NEU Schwarz Gummi 2 Stoßdämpfer pro,70,KYB,Auto & Motorrad: Teile > Autoteile & Zubehör > Federung & Lenkung,2,,,
4960999610955,SKU-4090290612,"Canon Tonerkartusche 716 Schwarz, MPN 1980B002, Laser-Drucktechnologie",70,Canon,"Computer, Tablets & Netzwerk > Drucker, Scanner & Zubehör",1,,,
4dd32c21-2afe-4c13-b354-605f97e6f590,SKU-1306047599,LIQUI MOLY Hypoid Getriebeöl GL4/5 SAE 75W-90 1L für Schalt- & Achsgetriebe,75,LIQUI MOLY,"Auto & Motorrad: Teile > Öl, Pflege- & Schmiermittel > Getriebeöl",1,,,
5010996282880,SKU-4519918204,Hasbro Marvel X-Men Wolverine Actionfigur Marvel Legends Marvel's Nemesis BAF,77,Hasbro,Actionfigur,1,,,category_id_missing|category_text_not_breadcrumb
5011987005952,SKU-9425624573,Shell Helix Ultra ECT C3 5W-30 Motoröl 1L für Diesel & Otto Motoren NEU,71,Shell,"Auto & Motorrad: Teile > Öl, Pflege- & Schmiermittel > Motoröl",1,,,
5055350245538,SKU-9039614531,FOX Windschutz faltbar für Outdoor Kocher Camping schwarz NEU inkl. Tragetasche,79,FOX,"Auto & Motorrad: Teile > Quad-, SSV- & UTV-Teile & -Zubehör > Verkleidungen & Rahmen > Verkleidungen, Türen & Kotflügel > Windschutz- & Fensterscheiben",1,,,
5055350248140,SKU-7417485934,FOX Edges Kwik Change Pop-Up Gewichte für Karpfenangeln VS-XL Blei NEU CAC518,77,FOX,Angeln,1,,,category_id_missing|category_text_not_breadcrumb
5060570201660,SKU-8735317765,VaultX Deck Box Schwarz NEU Sammelkarten Exo-Tec Toploading 80+ Sammeln,71,VaultX,"Sammeln & Seltenes > Sammelkartenspiele/TCGs > TCG Zubehör > TCG Deck-Boxen, Blechdosen & Kartentrenner",1,,,
5060941713129,SKU-1031821522,Idea Factory Little Witch Nobeta Nintendo Switch Action-RPG Day One Edition,75,Idea Factory,Sport > Tauchen > Instrumente & Uhren > Konsolen,1,,,
52820776-34bb-4776-b728-06c521593d3a,SKU-1489693054,16er Pack Gastgeschenke Salbeigrün für Brautparty Hochzeit Deko Partyzubehör,76,Unbekannt,Möbel & Wohnen > Hochzeitsdekoration > Gastgeschenke,0,,,barcode_missing
54c1a366-798b-42bf-9014-95729468c623,SKU-4252129103,"purehelp Schuhüberzieher PH-SC-SET100, 500 Stück, Einheitsgröße, Blau, CPE",74,purehelp,Hygieneartikel,1,,,category_id_missing|category_text_not_breadcrumb
56cdbf05-ce59-43c9-be15-6cc63c6dae93,SKU-0874304411,"Christian Ulbricht Wichtel Figur – Handgefertigt, zeitloser Charme für Ihr",74,Christian Ulbricht,Möbel & Wohnen > Feste & Besondere Anlässe > Party- & Eventdekoration,1,,,
5702017153599,SKU-9272258811,"LEGO Duplo 10965 Badespaß: Schwimmender Tierzug für Kleinkinder ab 1,5 Jahren",77,LEGO,Spielzeug,1,,,category_too_broad|category_text_not_breadcrumb
5702017567501,SKU-9904325113,LEGO City Space Raumschiff & Asteroiden-Entdeckung Baukasten Set 60429 ab 4+,76,LEGO,Spielzeug > Bausets & Konstruktion > LEGO (R) Konstruktionsspielzeuge > LEGO (R) Komplette Sets & Packs,1,,,
5713487061253,SKU-3782469631,Spring Copenhagen Dekofigur Spirit Eichenholz Neu Natur 19x8.3x13cm Chresten,76,Spring Copenhagen,Dekofigur,1,,,category_id_missing|category_text_not_breadcrumb
5713487061277,SKU-1466301102,Spring Copenhagen Dekofigur Spot Rehkitz Holz braun handgefertigt von Chresten,78,Spring Copenhagen,Dekofigur,1,,,category_id_missing|category_text_not_breadcrumb
5715335047020,SKU-8921872481,Liewood Pete Drum Kindertrommel Buchenholz MDF Faune Green/Dove Blue Mix ab 12,78,Liewood,Kinderspielzeug,1,,,category_id_missing|category_text_not_breadcrumb
57380a89-b13c-470c-8167-aa51b43eb78e,SKU-5329605855,"Ernie Ball E-Gitarrensaiten Regular Slinky 3221 - Saitenstärke 10-46, 3er-Pack",78,Ernie Ball,Musikinstrumente,0,,,barcode_missing|category_too_broad|category_text_not_breadcrumb
578c3341-658b-46d1-b419-b4ce60b534a5,SKU-9688561402,Oventrop Y-Schmutzfänger 1121016 Messing DN50 PN25 G2 250µm Maschenweite Neu,76,Oventrop,"Heimwerker > Heizen, Klima & Sanitär > Wasser > Ventile",1,,,
5820082016105,SKU-5753016417,"Audi Fußmatten Set Vorne, Hinten NEU Q5 8R Schwarz Velours Audi Q5 8R Nein",74,Audi,"Auto & Motorrad: Teile > Autoteile & Zubehör > Innenausstattung > Fußmatten, Teppiche & Laderaumwannen",0,,,barcode_missing
5900811829102,SKU-8404970287,Eurofirany Verdunkelungsvorhang Logan: Perfekte Verdunkelung & Privatsphäre,75,Eurofirany,"Spielzeug > Bären, -kleidung & Zubehör > Bärenkleidung & Accessoires",1,,,
5901532626087,SKU-1746174206,Polcar Außenspiegel 3238522E 735480887 Kunststoff Fiat Ducato (2006-2011),73,Polcar,Auto & Motorrad: Teile,1,,,category_too_broad|category_text_not_breadcrumb
5904270013775,SKU-5437386727,"JPN Radlagersatz 10L0503-JPN für KIA Sportage ix35, Ø 84mm, Breite 41mm",71,JPN,"Auto & Motorrad: Teile > Autoteile & Zubehör > Federung & Lenkung > Radlager, -naben & Buchsen",1,,,
5908242693453,SKU-6816251293,"KAMOKA Radlagersatz 5600063 für KIA, Hyundai, Silber/Rot Metall NEU Vorderachse",79,KAMOKA,"Auto & Motorrad: Teile > Autoteile & Zubehör > Federung & Lenkung > Radlager, -naben & Buchsen",1,,,
59151383083624,SKU-8684520981,home24 Beistelltisch MANCHESTER 31x63x63 cm NEU Robustes Design Vielseitig,74,home24,Beistelltische,0,,,barcode_missing|category_id_missing|category_text_not_breadcrumb
60539f7f-f556-4103-bc2c-cc17f5a455c3,SKU-6274769815,RJ45 Splitter/Combiner uPOE Kabel Kit für PoE/Gigabit Netzwerke CAT5e/6 2er Set,79,Unbekannt,"Computer, Tablets & Netzwerk > Kabel & Steckverbinder > Netzwerkkabel & Adapter > Splitter, Koppler & Adapter",1,,,
6078c5f0-fb52-4c9c-b795-12a136ba6c79,SKU-2708761114,"BITUXX Federspanner-Set MS-16319 für Federbeine, Spannweite 65-212mm Schwarz",76,BITUXX,Auto & Motorrad: Teile > Werkzeuge > Werkstattausstattung & -bedarf > Federspanner,1,,,
61921411800024,SKU-6860111834,Qunsheng Haushaltshandschuhe 61921411800024 Naturlatex Zweifarbig Rot/Gelb,74,Qunsheng,Möbel & Wohnen > Haushalt > Putzgeräte > Reinigungshandschuhe,0,,,barcode_missing
61cb13b8-ef09-4959-821e-c2d63fcd8038,SKU-9014992269,Anqiyou Fahrrad Rücklicht AQY-0117 LED 400 mAh Akku Universal für Radsport NEU,78,Anqiyou,Sport > Radsport > Fahrradteile & -komponenten > Beleuchtung > Rücklichter,0,,,barcode_missing|category_id_missing
6922738000364,SKU-9041995991,Nanyang NiuJin Dongfanghong Sneaker Gelb Gr. XL NEU Haushaltshandschuhe,71,Nanyang NiuJin,Kleidung & Accessoires > Herren > Herren-Accessoires > Handschuhe & Fäustlinge,1,,,
6941057422886,SKU-6216530722,INTEX Luftmatratze Dura-Beam Plus Deluxe Pillow Rest AP620D Grau Vinyl NEU,74,INTEX,Luftmatratze,1,,,category_id_missing|category_text_not_breadcrumb
6954850111741,SKU-0735099796,Dong Fang Hong Latex Handschuhe 6 Stück - für optimalen Schutz & Komfort,72,Dong Fang Hong,Möbel & Wohnen > Haushalt > Putzgeräte > Reinigungshandschuhe,1,,,
6957303824717,SKU-9003235487,"UGREEN Vertikaler Laptop Ständer LP258 Aluminium für Notebooks bis 15,6 Zoll",76,UGREEN,"Computer, Tablets & Netzwerk > Laptop- & Desktop-Zubehör > Laptop-Ständer & -Halter",1,,,category_id_missing
6be95318-1354-4b38-9526-aab48b727982,SKU-6954275739,"SAGENSPEZI Sägekette 16567432516506316, 1.6mm, 74TG, .325 Zoll Teilung",70,SAGENSPEZI,Garten & Terrasse > Motor-Gartengeräte & -zubehör > Kettensägen-Zubehör,0,,,barcode_missing
7082024102510,SKU-1423771699,Piaggio Keilriemen 102C-510 für Beverly X10 MP3 350 Roller Schwarz Gummi,72,Piaggio,Auto & Motorrad: Teile > Motorrad- & Rollerteile & -zubehör > Getriebe & Antriebstechnik > Endantriebsriemen & -ketten & Zahnriemensätze > Endantriebsriemen & -ketten,1,,,
7212913647233,SKU-3606468262,TEXTAR Bremsscheibe 92056600 für Mercedes-Benz S-Klasse (W140) 320x30mm NEU,75,TEXTAR,Auto & Motorrad: Teile > Autoteile & Zubehör > Bremsen & Bremsenteile > Bremsscheiben,1,,,
7290006780805,SKU-9905416565,"SodaStream Glaskaraffe 0,7L für CRYSTAL/PENGUIN - Spülmaschinenfest & Stilvoll",78,SodaStream,Möbel & Wohnen > Kochen & Genießen > Gläser & Glaswaren,1,,,
7290116742380,SKU-0225495136,SodaStream Crystal 3.0 Wassersprudler: Frisches Sprudelwasser auf Knopfdruck,76,SodaStream,Möbel & Wohnen > Kochen & Genießen > Wasseraufbereitung & Trinkwassersprudler > Trinkwassersprudler,1,,,
7316577150929,SKU-8906682806,SKF Schrägkugellager 7315 BEGAP 7315 BEGAP NEU hohe Drehzahlen Lasten Sport,75,SKF,Sport > Funsport > Skateboarding > Boards > Lager,1,,,
7325549884427,SKU-6480044357,POC Fahrradhelm Axion Race MIPS Gr. M – MTB Schutz mit MIPS-Technologie,71,POC,Sport > Radsport > Helme & Protektoren > Helme,1,,,
74429111967912,SKU-6162434731,"KOTO Dartständer aus Metall, Höhenverstellbar, Werkzeuglose Montage Schwarz",75,KOTO,Sport > Weitere Sportarten > Dart > Scheiben,1,,,
7611916163227,SKU-1703368789,Weleda Tagescreme: Festigende Anti-Aging Pflege für reife Haut mit 8005360055,77,Weleda,Beauty & Gesundheit > Hautpflege > Gesichtspflegegeräte,1,,,
7649988997723,SKU-3130743576,MONASERA Autoduft Halter Schwarz Lüftung inkl. 2 Refills Wild Berry Sandelholz,78,MONASERA,Auto & Motorrad: Teile > Auto-Anbau- & -Zubehörteile > Autopflege & Aufbereitung > Lufterfrischer,1,,,
76a7cc4f-9aa4-4149-ad6b-9cc4ef1dc1df,SKU-7200941317,Tesla Sonnenschutz Panorama-Glasdach Schwarz Mesh-Gewebe für Innenraum NEU,74,Tesla,Autozubehör,0,,,barcode_missing|category_id_missing|category_text_not_breadcrumb
7778bbb4-0a11-414b-a323-1573ab313f48,SKU-6044260478,"MAHLE Ausgleichsbehälter 8MA 376 783-494 für VW Transporter, Kunststoff Weiß",76,MAHLE,Auto & Motorrad: Teile > Autoteile & Zubehör > Motorkühlung > Ausgleichsbehälter,0,,,barcode_missing
7b442083-e5d5-43c0-92ef-76c6432fe919,SKU-5120624450,"ELUTO Autositzbezug Set Universal, 5-teilig, Kunstleder, Herst.-Nr. 946921699",77,ELUTO,Auto & Motorrad: Teile > Autoteile & Zubehör > Innenausstattung,2,,,
8004815313234,SKU-1316800430,"Fiamma Level Up Auffahrkeile 3-stufig rutschfest 5,0t für Wohnmobil Wohnwagen",77,Fiamma,Wohnmobil- & Wohnwagenzubehör > Nivellierkeile,2,,,category_id_missing
8052694010041,SKU-2801069572,LEGAMI MILANO Federmäppchen Kawaii Pinguin – Stilvolle Organisation für Stifte,78,LEGAMI MILANO,Büro & Schreibwaren > Schulbedarf,1,,,
8088208802015,SKU-6543182729,H&M HOME Spannbettlaken 140x200 cm Beige Baumwolle Recycelt Fadendichte 144,75,H&M HOME,Heimtextilien > Bettwäsche & Bettlaken > Spannbettlaken,0,,,barcode_missing|category_id_missing
81715585302754,SKU-3938831828,PandaEar Silikon Baby Esslernset 2er Set Teller Becher Besteck Beige Taupe,74,PandaEar,Baby & Kind > Essen & Trinken > Geschirr & Besteck > Esslernbesteck,1,,,category_id_missing
81717285233178,SKU-5764056320,good morning Flanell Bettwäsche BERNARDUS Kariert Sand 155x220cm Baumwolle,74,good morning,Heimtextilien & Bettwaren > Bettwäsche,1,,,category_id_missing
83e404aa-90ab-4ebe-a933-039625bb1df9,SKU-7193466241,"HP Tintenpatrone 305 Schwarz Original 3YM61AE für HP Drucker, ca. 120 Seiten,",77,HP,"Computer, Tablets & Netzwerk > Drucker, Scanner & Zubehör > Tinte, Toner & Papier > Tintenpatronen",1,,,
849e919f-0898-4df7-8fbb-e141c351cba4,SKU-2969022222,DUNSOO Badteppich rutschfest Wasserabsorbierend Mikrofaser Grau 70x120cm Neu,76,DUNSOO,Badematten & Badteppiche,0,,,barcode_missing|category_id_missing|category_text_not_breadcrumb
85020cb2-38be-42d7-a2d1-bb5aa92d9e36,SKU-5952589845,Unbekannt Einhandfräse 3709 220 V Silber/Türkis/Schwarz Kunststoff/Metall,73,Unbekannt,"Modellbau > Modellbausätze > Werkzeuge, Zubehör & Motoren > Werkzeuge > Elektrowerkzeuge",0,,,barcode_missing
8712013813820,SKU-8805500495,Bo-Camp Melamin Geschirrset Mix & Match Blau 16-tlg. 4 Pers. Ø 25.8cm Neu,73,Bo-Camp,Geschirr-Sets,1,,,category_id_missing|category_text_not_breadcrumb
8717475102703,SKU-7333529126,TYC Außenspiegel Rechts beheizbar Ford Transit VI (ab 2013) 310-0237 Schwarz,76,TYC,Fahrzeugteile > Karosserie & Exterieur > Spiegel & Zubehör > Außenspiegel,1,,,category_id_missing
8718042150288,SKU-3341294632,"NRF Ladeluftkühler 0030119A für BMW – Neu, optimierte Motoreffizienz, Auto",74,NRF,Auto & Motorrad: Teile > Autoteile & Zubehör > Federung & Lenkung > Lenksäulen,1,,,
8719076052258,SKU-9132277490,"Victron Energy Batterieschalter passgenau für NEU Schwarz, Rot 275A/48V",71,Victron Energy,Auto & Motorrad: Teile > Klein- & Leichtkraftradteile > Leichtkraftradteile > Elektrik & Zündung,1,,,
8719115000028,SKU-8798489036,Calvin Klein Herren Low Rise Trunks Baumwoll-Stretch Mehrfarbig Gr. L U2664-4KU,79,Calvin Klein,Herrenmode > Unterwäsche > Boxershorts,1,,,category_id_missing
8720828172452,SKU-3692000771,Cloudpillo Kissen für individuellen Schlafkomfort & optimale Unterstützung,74,Cloudpillo,"Möbel & Wohnen > Bettwaren, -wäsche & Matratzen > Kopfkissen & Körperkissen",1,,,
8b41bda6-bc97-4d34-8644-f081c7d180cb,SKU-2629282795,"Glosen Schubladenbox mit 7 Schubladen Silber H31,5x B35x T29,8cm Stahl",70,Glosen,Büro & Schreibwaren > Büromöbel > Schränke & Regale > Aktenschränke,0,,,barcode_missing
8bc07ed5-5cee-4d00-abb3-00dd4f20439d,SKU-2930571748,Bosch Hammerbohrer SDS max-4 2608685873 Metall NEU Gr. 30 mm 520mm Beton,72,Bosch,Heimwerker > Werkzeuge > Elektrowerkzeug- & Druckluftgerät-Zubehör > Bohrer-Bits,1,,,
90090043468127,SKU-3310911465,Nissan Motoröl KE900-90043 NEU 5W-30 Liter Auto Motorrad Teile Pflege-,70,Nissan,"Auto & Motorrad: Teile > Öl, Pflege- & Schmiermittel > Motoröl",0,,,barcode_missing
9132580602006,SKU-8036579486,CECIPA Küchenarmatur Schwarz mit Ausziehbrause für flexible Küchenarbeit,72,CECIPA,Heimwerker > Bad & Küche > Küche > Küchenarmaturen,1,,,
914f7e36-2a57-4a6c-94e3-441532afad65,SKU-3988740005,Offgridtec Sammelschiene 8-01-012830 Heavy Duty mit M8/M10 Anschlussbolzen,74,Offgridtec,"Auto & Motorrad: Teile > Autoelektronik, GPS & Sicherheitstechnik > Klemmen & Verkabelung > Kabel & Kabelbäume",1,,,
9aff4795-bed9-4a09-ba98-77c2e138b511,SKU-2439653897,FAST Kabelloses Ladegerät A1Pro A1Pro Kunststoff NEU 15W 9V Eingang Handys,74,FAST,Handys & Kommunikation > Handy-Zubehör > Ladegeräte & Dockingstationen,0,,,barcode_missing
9e35f9b4-5df8-4db7-9dd7-31e4491488ef,SKU-6469360404,Leevitex Jersey Spannbettlaken Gelb 90-100x200-220cm Baumwolle OEKO-TEX Neu,75,Leevitex,Heimtextilien > Bettwäsche & Bettwaren > Spannbettlaken,0,,,barcode_missing|category_id_missing
SKU-0000524938,SKU-0000524938,"Apple Maus Magic Mouse 2 A1657 A1657 Weiß NEU Multi-Touch, Wiederaufladbar",74,Apple,"Computer, Tablets & Netzwerk > Tastaturen, Mäuse & Pointing",1,,,
SKU-0058749943,SKU-0058749943,WMF Kinderbesteck Knuddel 4-tlg. – Fördert Selbstständigkeit & Freude am Essen,78,WMF,Baby > Ernährung > Kindergeschirr & -besteck > Kinderbesteck,1,,,
SKU-0110888325,SKU-0110888325,ARKK Copenhagen Visuklass Leather Damen Sneaker White Pacific NEU OVP Gr. 37,76,ARKK Copenhagen,Kleidung & Accessoires > Damen > Damenschuhe,1,,,
SKU-0114729665,SKU-0114729665,"Adidas Campus 00s Sneaker Rot NEU SKU-0114729665 Wildleder Atmungsaktiv, Komfort",80,Adidas,Kleidung & Accessoires > Herren > Herrenschuhe > Sneaker,1,,,
SKU-0152828115,SKU-0152828115,STALESET Handtuchhalter TH01-BK TH01-BK Schwarz Metall NEU Matt Robust,70,STALESET,Möbel & Wohnen > Badezimmer > Badezimmerzubehör > Handtuchhalter,0,,,barcode_missing
SKU-0172791378,SKU-0172791378,lululemon Yogamatte Trainingsmatte: Maximaler Grip & Komfort für jedes Workout,78,lululemon,Sport > Fitness & Jogging > Yoga & Pilates > Yogamatten,0,,,barcode_missing
SKU-0236764953,SKU-0236764953,Malossi Variator Multivar 2000 für Roller: Explosive Leistungssteigerung,72,Malossi,Auto & Motorrad: Teile > Autoteile & Zubehör > Federung & Lenkung > Lenkgetriebe & -gehäuse,1,,,
SKU-0280699295,SKU-0280699295,H&M Pullover Rot Baumwolle NEU Damen Strickpullover Zeitloser Stil Hoher,72,H&M,Kleidung & Accessoires > Herren > Herrenmode > Pullover & Strick,0,,,barcode_missing
SKU-0310087435,SKU-0310087435,Villa Grinario Jersey-Spannbettlaken: Faltenfreier Sitz & optimaler Ecru,72,,"Möbel & Wohnen > Bettwaren, -wäsche & Matratzen",1,,,
SKU-0362404564,SKU-0362404564,UBRAVOO Kindersitzerhöhung mit Tablett – Sicher & Mobil für Mahlzeiten,70,UBRAVOO,Baby > Auto-Kindersitze & Zubehör,0,,,barcode_missing
SKU-0403766178,SKU-0403766178,Jolly Füllfederhalter Superinky Start 7090-0001 Kunststoff NEU Füllhalter,73,Jolly,"Büro & Schreibwaren > Papier, Büro- & Schreibwaren > Schreiben & Korrigieren > Füllfederhalter",1,,,
SKU-0411747828,SKU-0411747828,"JURID Bremsbelagsatz 573429J, 97.5mm Breite, 94.7mm Höhe, 17.2mm Dicke",70,JURID,Auto & Motorrad: Teile > Autoteile & Zubehör > Bremsen & Bremsenteile > Bremsbeläge,1,,,
SKU-0522930788,SKU-0522930788,Einhell Bohrschrauber TC-CD 18/35 Li Solo 45.139.27 Rot/Schwarz NEU Power,73,Einhell,Heimwerker > Werkzeuge > Elektrowerkzeuge,1,,,
SKU-0611814591,SKU-0611814591,"Lacoste Hoodie Marineblau Gr. M (US) / FR 4 84% Baumwolle, 16% Polyester NEU",76,Lacoste,Kleidung & Accessoires > Herren > Herrenmode,0,,,barcode_missing
SKU-0619911931,SKU-0619911931,Tesvor Saugroboter S7 Pro AES Weiß NEU Wischroboter 6000 Absaugstation,70,Tesvor,Spielzeug > Elektrisches Spielzeug > Roboter,1,,,
SKU-0651722148,SKU-0651722148,"Topeak Oberrohrtasche Bento Pack TC2333B Schwarz Robustes, wasserabweisendes",76,Topeak,Sport > Radsport > Fahrradzubehör > Fahrradtaschen,0,,,barcode_missing
SKU-0698797502,SKU-0698797502,Police Geldbörse Herren Braun Echtleder NEU PT284.10054-03 WALDO Elegant,72,Police,Kleidung & Accessoires > Herren > Herren-Accessoires > Geldbörsen & Etuis,1,,,
SKU-0785869755,SKU-0785869755,Terry Exera Gel Fahrradsattel Herren – Ergonomisch für höchsten Komfort,71,Terry,Sport > Radsport > Fahrradteile & -komponenten > Sättel,1,,,
SKU-0808524453,SKU-0808524453,ASICS EX89 Unisex Erwachsene Sneaker White/White NEU 1203A481-100 Wildleder,75,ASICS,Kleidung & Accessoires > Herren > Herrenschuhe > Sneaker,1,,,
SKU-0871959830,SKU-0871959830,Coffee Cup Automatischer Rührbecher USB-wiederaufladbar für perfekte Mischungen,79,,Möbel & Wohnen > Kochen & Genießen > Küchenhelfer,1,,,
SKU-0974179694,SKU-0974179694,wolfcraft Eckzwingen-Set ES 22 für präzise 90°-Winkel & stabile Holzprojekte,76,wolfcraft,Heimwerker > Werkzeuge > Handwerkzeuge,2,,,
SKU-0982370040,SKU-0982370040,"GardenGrill Gas Plancha Challenger III 7,5 kW 3 Brenner Edelstahl für Outdoor",77,GardenGrill,"Garten & Terrasse > Grills, Heizstrahler & Picknickzubehör > Grills",1,,,
SKU-0989494543,SKU-0989494543,adidas SL 72 OG W Damen Sneaker Semi Pink / Red Glow Pink NEU OVP Gr. 38 JS0254,79,adidas,Kleidung & Accessoires > Herren > Herrenschuhe > Sneaker,1,,,
SKU-1040274599,SKU-1040274599,SCM Bilderbuch: Mut & Freundschaft ab 3 Jahren – Stärkt soziale Kompetenzen,75,"Scm R. Brockhaus,Scm Brockhaus, R.","Bücher & Zeitschriften > Fachbücher, Lernen & Nachschlagen",1,,,
SKU-1066852367,SKU-1066852367,Shelly Smart Switch SKU-1066852367 1PM Mini Gen3 110-240 V 2000 W Rot,69,Shelly,"Heimwerker > Elektromaterial > Steckdosen, Schalter & Zubehör > Smart-Steckdosen, -Wandschalter & -Zwischenstecker > Smart-Wandschalter",1,,,title_lt_70
SKU-1153910217,SKU-1153910217,Shure Vintage Pro-Audio Equipment SM58-LCE SM58-LCE Schwarz NEU Musikinstrumente,80,Shure,Musikinstrumente > Pro-Audio Equipment > Vintage Pro-Audio Equipment,1,,,
SKU-1181918814,SKU-1181918814,Kaweco Füllfederhalter 10001157 NEU Set GLOW Yellow leuchtende Akzente,70,Kaweco,"Büro & Schreibwaren > Papier, Büro- & Schreibwaren > Schreiben & Korrigieren > Füllfederhalter",1,,,
SKU-1230781227,SKU-1230781227,Villa Grinario Spannbettlaken SKU-1230781227 Grau Kiesel Gr. 100 x 200 cm 100 %,79,Villa Grinario,"Möbel & Wohnen > Bettwaren, -wäsche & Matratzen > Bettlaken",0,,,barcode_missing
SKU-1419839651,SKU-1419839651,Adidas Kinder Sneaker VS Switch 3 CF C: Einfaches Anziehen & sicherer Halt,74,Adidas,Kleidung & Accessoires > Herren > Herrenschuhe > Sneaker,1,,,
SKU-1483282001,SKU-1483282001,"DUO Collection Chefsessel Tiago XXL - Ergonomisch, Komfortabel & Robust",71,DUO Collection,Beauty & Gesundheit > Hilfsmittel > Mobilitäts- & Gehhilfen > Rollstühle,1,,,
SKU-1566313678,SKU-1566313678,Heike Faller – Hundert: Was du im Leben lernen wirst Bilderbuch Gebunden Neu,76,Kein & Aber,Baby > Bücher & Zeitschriften > Bücher,1,,,
SKU-1612836881,SKU-1612836881,"Wera Fahrrad Werkzeug-Set 6, 10-teilig, Hex-Plus & Torx, MPN 05004174001, Neu",77,Wera,Sport > Radsport > Fahrradreparatur & Werkzeug > Werkzeug,1,,,
SKU-1618101796,SKU-1618101796,Wera Maul-Ringschlüssel 6003 Joker 6mm mit schneller Ringratschenfunktion,73,,Heimwerker > Werkzeuge > Handwerkzeuge > Schraubenschlüssel,1,,,
SKU-1782951292,SKU-1782951292,Wella Professionals Shampoo für Beruhigung & Sanfte Reinigung Empfindlicher,75,Wella Professionals,Beauty & Gesundheit > Haarpflege & Haarstyling,1,,,
SKU-1789286937,SKU-1789286937,"Engelbert Strauss T-Shirt: Robust, bequem & vielseitig für Arbeit & Freizeit",76,Engelbert Strauss,Kleidung & Accessoires > Herren > Herrenmode > Shirts & Hemden > T-Shirts,0,,,barcode_missing
SKU-1825816304,SKU-1825816304,ZWILLING TWIN CHEF Universalmesser 130mm – Maximale Schärfe & Präzision,71,ZWILLING J.A. HENCKELS,Möbel & Wohnen > Kochen & Genießen > Küchenmesser,1,,,
SKU-1887574140,SKU-1887574140,GUSSKÖNIG Dutch Oven / Feuertopf NEU 9L Perfekte Hitzeverteilung Outdoor-Kochen,79,GUSSKÖNIG,Sport > Camping & Outdoor > Camping-Küchenbedarf > Campinggeschirr,1,,,
SKU-1937479862,SKU-1937479862,"Campingliege / Sonnenliege anthrazit Textilgewebe (Kunstfaser), Aluminium NEU",77,,"Kleidung & Accessoires > Spezielle Anlässe > Vintage-Mode > Vintage-Accessoires > Krawatten, -schals & Fliegen",1,,,
SKU-1961998362,SKU-1961998362,KOENIC Zitruspresse Silber Edelstahl NEU Frischer Saft schnell mühelos,70,KOENIC,Haushaltsgeräte > Kleingeräte Küche > Entsafter & Saftpressen,1,,,
SKU-2019125675,SKU-2019125675,"Derma Pen Germany Microneedling Pen für straffere, revitalisierte Haut",70,Derma Pen Germany,Beauty & Gesundheit,1,,,category_too_broad|category_text_not_breadcrumb
SKU-2114384722,SKU-2114384722,Sonnenbrille Unisex Erwachsene NEU Romaj Hawkers Eleganter UV400 Schutz,71,,Kleidung & Accessoires > Damen > Damen-Accessoires > Sonnenbrillen & Zubehör > Sonnenbrillen,1,,,
SKU-2123165909,SKU-2123165909,HLI Schubladenschienen Silber Metall NEU Vollauszug maximalen Zugriff Komfort,77,HLI,Heimwerker > Schrankbeschläge & -teile > Schubladenschienen,1,,,
SKU-2135446963,SKU-2135446963,Dexcom G6 Glukosesensoren: Präzise Echtzeit-Glukosewerte für Diabetiker,71,Dexcom,Beauty & Gesundheit > Hilfsmittel,0,,,barcode_missing
SKU-2151943751,SKU-2151943751,Cretacolor Harte Pastellkreiden Grautöne NEU Öl- und wachsfrei Graupastelle,75,Cretacolor,Bastel- & Künstlerbedarf,1,,,category_too_broad|category_text_not_breadcrumb
SKU-2152217706,SKU-2152217706,"WMF Elektrische Mühle Ceramill 0667416040 Schwarz Kunststoff, Keramik NEU",73,WMF,Möbel & Wohnen > Kochen & Genießen > Küchenhelfer > Gewürzmühlen & -streuer,1,,,
SKU-2384085318,SKU-2384085318,Seltmann Weiden Kaffeeservice Lido Solid Black 18-tlg. Spülmaschinenfest,72,Seltmann Weiden,Möbel & Wohnen > Kochen & Genießen,1,,,
SKU-2384804976,SKU-2384804976,"New Balance 9060 Damen Sneaker Rosa/Creme/Beige NEU GC9060BE Wildleder, Mesh",76,New Balance,Kleidung & Accessoires > Herren > Herrenschuhe > Sneaker,2,,,
SKU-2388529978,SKU-2388529978,"Laser-Tonerkartusche Cyan Ersatz für Brother TN-423C Kompatibel mit DCP, HL,",76,Unbekannt,"Computer, Tablets & Netzwerk > Drucker, Scanner & Zubehör > Drucker",2,,,
SKU-2391228513,SKU-2391228513,adidas Handball Spezial W Damen Sneaker Hellgrau / Hellblau Retro NEU OVP Gr. 38,80,adidas,Kleidung & Accessoires > Herren > Herrenschuhe > Sneaker,1,,,
SKU-2417212434,SKU-2417212434,McDavid Kniebandage 421 für Sport & Reha – Gezielte Unterstützung Gr. S,71,,Spielzeug > Playmobil > Freizeit,1,,,
SKU-2561166298,SKU-2561166298,Hodalump Geldbörse Braun Echtleder NEU 1094-H Neu mit Etikett Herren Vintage,76,Hodalump,Kleidung & Accessoires > Herren > Herren-Accessoires > Geldbörsen & Etuis,1,,,
SKU-2566552410,SKU-2566552410,Wera Bit-Satz 61-tlg. Torx für präzise Schraubarbeiten & Langlebigkeit,70,Wera,Sport > Weitere Sportarten > Boxen > Boxsets,1,,,
SKU-2609353370,SKU-2609353370,PROGARDEN Pflege Anthrazit Polypropylen (PP) NEU Gr. 110 cm Gartenbank,70,PROGARDEN,Baby > Pflege,0,,,barcode_missing
SKU-2611077541,SKU-2611077541,Glossyautoparts Nockenwelle EBY-1000335-1342 NEU Metall optimierte Motorleistung,80,Glossyautoparts,Auto & Motorrad: Teile > Autoteile & Zubehör > Motoren & Motorenteile > Ventilsteuerungsteile > Nockenwellen,0,,,barcode_missing
SKU-2621538468,SKU-2621538468,Brandson Tischventilator SKU-2621538468 Schwarz Metall NEU Neigbar 30cm,71,Brandson,Haushaltsgeräte > Klimaanlagen & Heizgeräte > Ventilatoren & Luftbehandlung > Stand- & Tischventilatoren,1,,,
SKU-2633108165,SKU-2633108165,WALSER Hagelschutzplane Perma Protect S | Ultimativer Schutz vor Hagel & Ästen,78,WALSER,Auto & Motorrad: Fahrzeuge,1,,,category_too_broad|category_text_not_breadcrumb
SKU-2636479706,SKU-2636479706,VIDEX Garden Winterschutzhaus PALM-PROTECT: Optimaler Frostschutz für Pflanzen,78,,Garten & Terrasse,1,,,category_too_broad|category_text_not_breadcrumb
SKU-2638568297,SKU-2638568297,Altra Escalante 4 Herren Laufschuh – Dynamik & Komfort für schnelle Läufe,73,Altra,Sport > Fitness & Jogging > Fitness- & Laufschuhe,2,,,
SKU-2638580995,SKU-2638580995,Bellabino Kinderregal Towy Mobil: Fördert spielerisch Ordnung & BB-0046-03-01,77,Bellabino,Möbel & Wohnen > Kindermöbel & Wohnen,1,,,
SKU-2690684566,SKU-2690684566,"MANN-FILTER Ölfilter HU 720/3 x für Motoren & Motorenteile, Neu, Made in Germany",80,MANN-FILTER,Auto & Motorrad: Teile > Autoteile & Zubehör > Motoren & Motorenteile,1,,,
SKU-2789683373,SKU-2789683373,"Brandson Standventilator: Leise Kühlung, Höhenverstellbar & Oszillierend",72,Brandson,Haushaltsgeräte > Klimaanlagen & Heizgeräte > Ventilatoren & Luftbehandlung > Stand- & Tischventilatoren,1,,,
SKU-2804135383,SKU-2804135383,ERZEKRIM Ferritkern Entstörfilter Set Schwarz Ferrit NEU 40tlg. RFI/EMI,71,ERZEKRIM,Handys & Kommunikation > Funktechnik > Teile & Zubehör > Filter,2,,,
SKU-2841208491,SKU-2841208491,Olivia Huth: Hilfst du mir? Dann teilen wir! Freundschaft & Teilen ab 3 Jahren,78,Südpol Verlag Gmbh,Bücher & Zeitschriften,1,,,category_too_broad|category_text_not_breadcrumb
SKU-2965430996,SKU-2965430996,Beliani Beistelltisch CAORIA: Eleganter Terrazzo-Blickfang für Innen & Außen,76,Beliani,Möbel & Wohnen,0,,,barcode_missing|category_too_broad|category_text_not_breadcrumb
SKU-3046032177,SKU-3046032177,Tineco Akku-Hartbodenreiniger Floor One S5: Saugt & Wischt gleichzeitig,71,Tineco,Briefmarken > Afrika > Niger,1,,,
SKU-3047799035,SKU-3047799035,ABUS Kettenschloss Iven Chain 7210/110 – Hoher Diebstahlschutz & Lackschonend,77,ABUS,Sport > Radsport > Fahrradzubehör > Schlösser & Sicherheit,1,,,
SKU-3086033338,SKU-3086033338,JURID Bremsbelagsatz 573602J 114.6 mm Vorne NEU Gr. 114.6 mm BMW 1er 3er,72,JURID,Auto & Motorrad: Teile > Autoteile & Zubehör > Bremsen & Bremsenteile > Bremsbeläge,1,,,
SKU-3093460977,SKU-3093460977,LLIVEKIT Heißluftfritteuse KDF-5517DTW Schwarz NEU Dual-Zone 9L Gesund,70,LLIVEKIT,Haushaltsgeräte > Kleingeräte Küche > Fritteusen,0,,,barcode_missing
SKU-3095199472,SKU-3095199472,GO GOLF MAX-FAIRWAY 3 Sneaker Grau/Pink NEU Golfschuhe 123029/GYPK Skechers,75,,Sport > Golf > Golfbekleidung > Herren-Golfbekleidung > Golfschuhe,1,,,
SKU-3132130051,SKU-3132130051,Skechers Street UNO - Stand on Air Herren Sneaker Weiß Gr. 41 EU NEU 12430,74,Skechers,Kleidung & Accessoires > Herren > Herrenschuhe > Sneaker,2,,,
SKU-3149269291,SKU-3149269291,Nidec Sankyo Motorisierter Kartenleser 445-0765157A für Nidec Sankyo Präzision,78,Nidec Sankyo,"Computer, Tablets & Netzwerk > Kabel & Steckverbinder > USB-Kabel, -Hubs & -Adapter",0,,,barcode_missing
SKU-3190070125,SKU-3190070125,GREELUE Aufbewahrungskorb SNK3T-WH SNK3T-WH Weiß PP NEU Gr. 34.5 cm Stapelbar,77,GREELUE,Möbel & Wohnen > Möbel > Regale & Aufbewahrung,1,,,
SKU-3210037840,SKU-3210037840,Beautex Jersey Spannbettlaken 90x200cm Dunkelbraun für Boxspringbetten,70,Beautex,"Möbel & Wohnen > Bettwaren, -wäsche & Matratzen > Bettwäsche",1,,,
SKU-3213392901,SKU-3213392901,Nike Tennisschuh Zoom Vapor 12 CLY für Herren - Top Sandplatz-Performance,73,Nike,Sport > Weitere Ballsportarten > Tennis,0,,,barcode_missing
SKU-3226209432,SKU-3226209432,"WOLTU Standregal Weiß – Kompakt, vielseitig & platzsparend für jeden Raum",73,WOLTU,Möbel & Wohnen > Möbel > Regale & Aufbewahrung,0,,,barcode_missing
SKU-3368481451,SKU-3368481451,Puma Clyde Palais Artisan Unisex Sneaker Chocotart-Frosted Ivory NEU OVP Gr. 38,79,PUMA,Kleidung & Accessoires > Damen > Damenschuhe,1,,,
SKU-3475457190,SKU-3475457190,Upgrade4cars X2 Sitzauflagen Universal – Optimaler Schutz für Vordersitze,73,,Baby > Kinderwagen & Zubehör > Kinderwagenzubehör > Sitzauflagen,0,,,barcode_missing
SKU-3566484007,SKU-3566484007,Steambow Bodkinpfeile AR-Serie: 6er Set für höchste Präzision & Schwarz,71,Steambow,Sport > Weitere Sportarten > Bogenschießen,1,,,
SKU-3588671475,SKU-3588671475,Topeak Ratchet Rocket Essential Fahrradwerkzeugset für präzise Reparaturen,74,Topeak,Sport > Radsport > Fahrradreparatur & Werkzeug > Werkzeug,1,,,
SKU-3622017850,SKU-3622017850,Mackie HM-4 Kopfhörerverstärker für professionelles 4-Kanal Monitoring,70,Mackie,"TV, Video & Audio > Heim-Audio & HiFi > Verstärker & Vorverstärker",2,,,
SKU-3734657776,SKU-3734657776,Hansgrohe Waschtischarmatur Vernis Blend 100 Chrom – Spart Wasser mit EcoSmart,78,Hansgrohe,Heimwerker > Bad & Küche,1,,,
SKU-3783198734,SKU-3783198734,HOLMENKOL Oxydstein Oxyd MINI 20561 Rosa NEU Ski Snowboard Max. Gleitfähigkeit,78,HOLMENKOL,Beauty & Gesundheit > Körperpflege,1,,,
SKU-3818412905,SKU-3818412905,Hermès Eau de Toilette 107188VQ NEU Zerstäuber Terre EDT zeitlose Eleganz,73,Hermès,Beauty & Gesundheit > Parfums > Herren,1,,,
SKU-3963918245,SKU-3963918245,Success Courier Pumpensteuerung DSK-1: Konstanter Druck & Trockenlaufschutz,75,Success Courier,"Heimwerker > Heizen, Klima & Sanitär > Wasser > Pumpen & Wasserfiltersysteme",0,,,barcode_missing
SKU-3992211748,SKU-3992211748,"Nike Defy All Day Damen Sneaker Weiß, Schwarz, Rot Gr. 39 (DJ1196-101)",70,Nike,Kleidung & Accessoires > Herren > Herren-Accessoires > Handschuhe & Fäustlinge,1,,,
SKU-4008377248,SKU-4008377248,Divasya Yoga Yoga & Pilates Pink NEU Yogamatte Profi-Grip sichere stabile,73,Divasya Yoga,Sport > Fitness & Jogging > Yoga & Pilates,1,,,
SKU-4017783375,SKU-4017783375,Blivrig LED Strahler DQTGD01300W Schwarz Aluminium NEU Fluter IP66 Extrem,73,Blivrig,Heimwerker,0,,,barcode_missing|category_too_broad|category_text_not_breadcrumb
SKU-4069701323,SKU-4069701323,"Jolly Doppelfasermaler Superstars Duo: 24 brillante, auswaschbare Farben",72,Jolly,Spielzeug > Basteln & Kreativität,1,,,
SKU-4118229261,SKU-4118229261,ROCKBROS Fahrradteile & -komponenten 806-TEAM-B Schwarz NEU Minipumpe Halterung,79,ROCKBROS,Sport > Radsport > Fahrradteile & -komponenten,1,,,
SKU-4204090012,SKU-4204090012,Villa Grinario Jersey-Spannbettuch 100x200 cm Blau – Bügelfrei & Hautfreundlich,79,Villa Grinario,"Möbel & Wohnen > Bettwaren, -wäsche & Matratzen > Bettlaken",0,,,barcode_missing
SKU-4212491486,SKU-4212491486,Unbekannt Handpan SKU-4212491486 Schwarz matt Lackierter Stahl,62,Unbekannt,Musikinstrumente > Drums & Percussion > Folklore & Welt > Handpans,0,,,title_lt_70|barcode_missing
SKU-4264334297,SKU-4264334297,"lionelo Laufgitter Willow Beige Sand NEU Gr. 20.5 cm Faltbar, Tragbar Sichere",77,lionelo,Baby > Möbel > Laufgitter,1,,,
SKU-4304000683,SKU-4304000683,LEONARDO Geschirr & Besteck NEU SWING Trinkgläser Set Bunt Spülmaschinenfest,76,LEONARDO,Möbel & Wohnen > Kochen & Genießen > Gläser & Glaswaren,1,,,
SKU-4349960147,SKU-4349960147,WMF Topf-Set Provence Plus 07.2304.6380 Silber Edelstahl NEU Induktionsgeeignet,79,WMF,Möbel & Wohnen > Kochen & Genießen > Töpfe & Pfannen > Sets,1,,,
SKU-4358173575,SKU-4358173575,SEEK DISCOMFORT SPARK Kartenspiel – Komfortzone erweitern & Beziehungen stärken,79,SEEK DISCOMFORT,Sammeln & Seltenes > Rollenspiele & Tabletops > Kartenspiele,1,,,
SKU-4391085581,SKU-4391085581,Lacoste T-Clip Set 224 2 SMA Herren Sneaker Weiß (White/White) Gr. 10 NEU,73,Lacoste,Kleidung & Accessoires > Herren > Herrenschuhe > Sneaker,1,,,
SKU-4433223955,SKU-4433223955,Yogamatte The Big Mat Blau/Grau marmoriert NEU Rutschfest Lululemon Maximaler,77,,Sport > Fitness & Jogging > Yoga & Pilates > Yogamatten,0,,,barcode_missing
SKU-4434702791,SKU-4434702791,"Lexar Computer, Tablets & Netzwerk LD4AS008G-B3200ASST LD4AS008G-B3200ASST NEU",78,Lexar,"Computer, Tablets & Netzwerk",1,,,category_too_broad|category_text_not_breadcrumb
SKU-4488972962,SKU-4488972962,"Gusskönig Dutch Oven Set 4,5L Gusseisen für vielseitiges Outdoor-Kochen",71,Gusskönig,Sport > Camping & Outdoor > Camping-Küchenbedarf > Kochgeschirr,1,,,
SKU-4541378818,SKU-4541378818,Longking Selbstklebefliesen für Küche & Bad – Schnelle & stilvolle LKA003WGuk,77,Longking,"Heimwerker > Farben, Tapeten & Zubehör > Tapeten, Werkzeuge & Zubehör",0,,,barcode_missing
SKU-4541440236,SKU-4541440236,"LEQISMART E-Scooter A11 für ShenZhen LEQI Intelligent Technology Co., Ltd. NEU",78,LEQISMART,Auto & Motorrad: Fahrzeuge > Automobile > Smart,2,,,
SKU-4561934561,SKU-4561934561,GLOCK Pistolenkoffer: Robuster Hartschalenkoffer mit Schaumstoffschutz,70,GLOCK,Sport > Funsport > Airsoft > Waffen > Pistolen,0,,,barcode_missing
SKU-4607569519,SKU-4607569519,SONAX Scheinwerfer AufbereitungsSet 04057410 NEU Klare Sicht Sicherheit,71,SONAX,Auto & Motorrad: Fahrzeuge,1,,,category_too_broad|category_text_not_breadcrumb
SKU-4660262942,SKU-4660262942,NY 90 Sneaker Core Black/Carbon (Schwarz) NEU JI1897 Leder Sport Neu mit Karton,79,,Kleidung & Accessoires > Herren > Herrenschuhe > Sneaker,1,,,
SKU-4679981655,SKU-4679981655,Jolly Bleistifte NEU Graphit Kinderfest Robust Sicher Büro Schreibwaren,71,Jolly,Büro & Schreibwaren > Schulbedarf > Schul- & Jugendschreibgeräte > Bleistifte,1,,,
SKU-4743695203,SKU-4743695203,molino Frieder Stöckle – Hannelore: Zauberhaftes Zirkusabenteuer Hardcover NEU,78,molino,Bücher & Zeitschriften,1,,,category_too_broad|category_text_not_breadcrumb
SKU-4802639881,SKU-4802639881,FITGRIFF Gewichthebergürtel: Maximale Stabilität & optimaler Rückenschutz,73,FITGRIFF,Sport > Fitness & Jogging > Krafttraining & Gewichte > Gewichthebergürtel,1,,,
SKU-4820097368,SKU-4820097368,"TAN.TOMI Rolltop Rucksack – Flexibel, wasserabweisend & Laptopfach – Daypack",76,TAN.TOMI,Sport > Sporttaschen & Rucksäcke > Rucksäcke,1,,,
SKU-4846525236,SKU-4846525236,QinnFSIYANG E-Scooter F6 – Faltbar für agile und umweltfreundliche Elektroroller,80,QinnFSIYANG,Auto & Motorrad: Teile > Motorrad- & Rollerteile & -zubehör > Elektromotorrad- & Elektrorollerteile & -zubehör,0,,,barcode_missing
SKU-4919757592,SKU-4919757592,Flanellhemd Hemd Herren Blau Gr. L 100% Baumwolle NEU Neu mit Etikett Fashion,77,Flanellhemd,Kleidung & Accessoires > Herren > Herrenmode > Shirts & Hemden > Freizeithemden & Shirts,0,,,barcode_missing
SKU-4930006198,SKU-4930006198,tillvex Poolschlauch 38mm für klares Poolwasser und effiziente Zirkulation,74,,"Auto & Motorrad: Teile > Autoteile & Zubehör > Klima- & Heizungsanlagen > Klimaleitungen, -schläuche & Anschlüsse",1,,,
SKU-4949389854,SKU-4949389854,evoTrek Fahrradanhänger Loop B0CVL5FR3S Schwarz NEU Fahrradabschleppsystem,74,evoTrek,Sport > Radsport > Fahrradzubehör > Fahrradanhänger,1,,,
SKU-4990478200,SKU-4990478200,"BBQ-Toro Gusseisen Wok Ø35,5cm für authentische & krosse Bratergebnisse",71,BBQ-Toro,Möbel & Wohnen > Kochen & Genießen > Töpfe & Pfannen > Woks,1,,,
SKU-4996518676,SKU-4996518676,"Topeak Satteltasche BAG29601 Schwarz 210D & 420D Nylon, PU-beschichtet NEU",74,Topeak,Sport > Radsport > Fahrradzubehör > Transportkoffer/-taschen,1,,,
SKU-5017039989,SKU-5017039989,Mountain Guide Cuando Sneaker NEU Outdoor-Schuh SKU-5017039989 Mesh/Synthetik,77,Mountain Guide,Sport > Camping & Outdoor > Bekleidung > Wanderschuhe,1,,,
SKU-5032047149,SKU-5032047149,Goldhof Logistik Hochschrank Weiß – Platzsparend & Elegant für Ihr Bad,70,Goldhof Logistik GmbH,Heimwerker > Bad & Küche > Bad,1,,,
SKU-5037405516,SKU-5037405516,"LOBERON Kräuterschere 23085 Schwarz, Silber Stahl, Eisen NEU Zum Aufhängen",74,LOBERON,Garten & Terrasse > Motor-Gartengeräte & -zubehör,1,,,
SKU-5091393302,SKU-5091393302,"Laser-Tonerkartusche Schwarz Ersatz für Brother TN-423K Kompatibel mit DCP, HL,",79,Unbekannt,"Computer, Tablets & Netzwerk > Drucker, Scanner & Zubehör > Tinte, Toner & Papier",2,,,
SKU-5127373339,SKU-5127373339,"UnionSine Externe Festplatte HD2510 HD2510 Schwarz NEU Plug & Play, Tragbar",75,UnionSine,"Computer, Tablets & Netzwerk > Computer-Komponenten & -Teile",1,,,
SKU-5320447988,SKU-5320447988,"Jolly Pinselset Mehrfarbig, Neon Synthetik, Kunststoff NEU Schulpinsel-Set",74,Jolly,Spielzeug > Basteln & Kreativität > Malen & Zeichnen,1,,,
SKU-5392843955,SKU-5392843955,Brevillier's CRETACOLOR Artino Zeichenset - 10-tlg. für kreative Entfaltung,75,Brevillier's CRETACOLOR,Spielzeug > Puppen & Zubehör,1,,,
SKU-5403685857,SKU-5403685857,"Brennenstuhl Steckdosenleiste 8-fach, 5m Kabel, Schalter, Made in Germany",73,Brennenstuhl,"Heimwerker > Elektromaterial > Steckdosen, Schalter & Zubehör",1,,,
SKU-5427858806,SKU-5427858806,Shure MV6 USB Gaming Mikrofon für Kristallklaren Sound & Streaming ohne Störung,79,Shure,"TV, Video & Audio > DJ-Equipment > Mikrofone",1,,,
SKU-5462953053,SKU-5462953053,"IPOZON Stunt-Scooter passgenau für FOOT NEU Lila, Schwarz maximale Kontrolle",76,IPOZON,Auto & Motorrad: Fahrzeuge > Motorräder > Roller,0,,,barcode_missing
SKU-5582443660,SKU-5582443660,Biologika Sachbuch: Organ Atlas für proaktive Gesundheit & Wohlbefinden,71,Biologika,Bücher & Zeitschriften > Bücher,1,,,
SKU-5598085433,SKU-5598085433,"Samsung Interne SSD 870 QVO MZ-77Q1T0BW Schwarz NEU Stoßfest, Energieeffizient",78,Samsung,"Computer, Tablets & Netzwerk > Laufwerke & Speichermedien > Festplatten (HDD, SSD & NAS) > Solid State Drives (SSD)",1,,,
SKU-5633394973,SKU-5633394973,"Classic Flyer Hörnerschlitten Davos 110cm – TÜV-geprüft, sicher & langlebig",75,Classic Flyer,Sport > Weitere Wintersportarten,1,,,
SKU-5638382329,SKU-5638382329,Angela Merkel – Freiheit: Erinnerungen 1954 – 2021 Hardcover NEU Sachbuch,73,Kiepenheuer & Witsch,Modellbau > Modelleisenbahn > Sachbücher & Ratgeber,1,,,
SKU-5658638116,SKU-5658638116,Jolly Superstars One Fasermaler 12 Farben auswaschbar für Kinder Made in Austria,80,Jolly,"Büro & Schreibwaren > Papier, Büro- & Schreibwaren > Schreiben & Korrigieren > Filzstifte",1,,,
SKU-5674295862,SKU-5674295862,RHINOWALK Fahrradzubehör RF260 NEU Transporttasche Zoll Faltfahrrad Optimaler,77,RHINOWALK,Sport > Radsport > Fahrradzubehör,0,,,barcode_missing
SKU-5687802687,SKU-5687802687,Homerella UNIFLOW Badewanneneinlage für sicheren Halt & schnellen Ablauf,72,Homerella,Baby > Badezubehör > Badewannen,0,,,barcode_missing
SKU-5701110636,SKU-5701110636,Siemens Entkalkungstabletten 2in1 für EQ Kaffeevollautomaten – Optimaler Schutz,79,Siemens,"Haushaltsgeräte > Kaffee-, Tee- & Espressomaschinen > Kaffeevollautomaten",2,,,
SKU-5722168408,SKU-5722168408,Puma Road Rider SD Unisex Erwachsene Sneaker Blau / Weiß / Gelb / Vapor Gray,76,Puma,"Spielzeug > Bären, -kleidung & Zubehör > Bärenkleidung & Accessoires",1,,,
SKU-5729537867,SKU-5729537867,Astrid Lindgren – Oetinger Bilderbuch Papier Gebundene Ausgabe Deutsch,70,Oetinger,Baby > Bücher & Zeitschriften > Bücher,1,,,
SKU-5740515403,SKU-5740515403,Altra Laufschuh Herren Escalante Racer 2: Agilität & natürliches Laufgefühl,75,Altra,Sport > Fitness & Jogging > Fitness- & Laufschuhe,2,,,
SKU-5740939127,SKU-5740939127,Leonardo Schalen-Set 5-tlg. Glas – Spülmaschinenfest & vielseitig einsetzbar,76,Leonardo,Möbel & Wohnen > Kochen & Genießen > Gedeckter Tisch > Servierplatten & -schalen,1,,,
SKU-5780092798,SKU-5780092798,SW-Stahl Ring-Maulschlüssel 00828L Silber Stahllegierung NEU SW-Stahl GmbH,74,SW-Stahl,Heimwerker > Werkzeuge > Handwerkzeuge > Schraubenschlüssel,1,,,
SKU-5795572847,SKU-5795572847,ADVENTURE Strandmuscheln NEU Pop-Up 50+ Schutz Blitzaufbau Sport Camping,72,ADVENTURE,Sport > Camping & Outdoor > Zelte & Strandmuscheln > Strandmuscheln,0,,,barcode_missing
SKU-5799111421,SKU-5799111421,Philips LED High Bay Hallenleuchte LV70007 LV70007 Schwarz Aluminium NEU,72,Philips,Möbel & Wohnen > Beleuchtung,1,,,
SKU-5814356347,SKU-5814356347,Tefal Pfannenset Ingenio Emission Induction L8975P04 Silber Edelstahl NEU,73,Tefal,Möbel & Wohnen > Kochen & Genießen > Töpfe & Pfannen,1,,,
SKU-5842899450,SKU-5842899450,Stahlia Schubladenschiene SKU-5842899450 Silber Stahl (verzinkt) NEU Vollauszug,79,Stahlia,Heimwerker > Schrankbeschläge & -teile > Schubladenschienen,1,,,
SKU-5869700759,SKU-5869700759,MSI Mainboard PRO B650M-P Schwarz NEU Gaming Workstation AM5 DDR5 Computer,74,MSI,"Computer, Tablets & Netzwerk > Computer-Komponenten & -Teile > Mainboards",1,,,
SKU-5943400007,SKU-5943400007,Cretacolor Farbstifte 250er Set: Brillante Farben für grenzenlose Kreativität,77,Cretacolor,Bastel- & Künstlerbedarf > Künstler- & Zeichenbedarf > Zeichnen > Farbstifte & Zeichenkohle,1,,,
SKU-5946216503,SKU-5946216503,reviMED TENS-Gerät Revi Tens für effektive Schmerzlinderung & Muskelstimulation,79,reviMED,Beauty & Gesundheit > Pflege- & Medizinischer Bedarf,2,,,
SKU-6099130668,SKU-6099130668,Canon Tonerkartusche 718 718 Schwarz NEU Original gestochen scharfe Laserdrucke,79,Canon,"Computer, Tablets & Netzwerk > Drucker, Scanner & Zubehör > Tinte, Toner & Papier",1,,,
SKU-6148008788,SKU-6148008788,TPE YOGA Yogamatten Grün TPE NEU Gr. 61 cm Rutschfest Gelenkschonend Pilates,76,TPE YOGA,Sport > Fitness & Jogging > Yoga & Pilates > Yogamatten,0,,,barcode_missing
SKU-6307001376,SKU-6307001376,Tommy Hilfiger Damen Sneaker Essential Runner Metallics – Stilvoll & Komfortabel,80,Tommy Hilfiger,Kleidung & Accessoires > Herren > Herrenschuhe > Sneaker,1,,,
SKU-6315915149,SKU-6315915149,Jolly Bleistifte HB Set – Präzises Schreiben & Bruchfest für Schule & Büro,74,Jolly,"Büro & Schreibwaren > Papier, Büro- & Schreibwaren > Schreiben & Korrigieren > Bleistifte & Druckbleistifte",1,,,
SKU-6346907299,SKU-6346907299,GoveeLife Smart Thermo-Hygrometer H5100 NEU Weiß Kunststoff präzises Raumklima,78,GoveeLife,Auto & Motorrad: Teile > Autoteile & Zubehör > Luft- & Kraftstoffversorgung > Lufteinlass- & Kraftstoffsensoren,0,,,barcode_missing
SKU-6369067650,SKU-6369067650,Philips Ersatzklingen OneBlade 360 QP430/50 Grün Metall NEU präzise Rasur,73,Philips,Beauty & Gesundheit > Enthaarung & Rasur > Rasierer & Rasierklingen > Herren Rasierklingen,1,,,
SKU-6427883146,SKU-6427883146,"NEXTCOVER Faltschloss Schwarz Gehärteter Stahl, Kunststoffummantelung NEU",73,NEXTCOVER,Sport > Radsport > Fahrradzubehör > Schlösser & Sicherheit,1,,,
SKU-6537574821,SKU-6537574821,VCM Aufsatzwaschbecken Keramik – Platzsparend für Gäste-WC & kleine Bäder,73,VCM,Baby > Badezubehör > Kinderwaschbecken,1,,,
SKU-6544112261,SKU-6544112261,Ninja Heißluftfritteuse AF451EU: Dual Zone für 2 Gerichte gleichzeitig,70,Ninja,Haushaltsgeräte > Kleingeräte Küche > Fritteusen,2,,,
SKU-6558668236,SKU-6558668236,Blumtal Doppelrollo Lila 100% Polyester NEU SKU-6558668236 Gr. 85 Klemmfix,74,Blumtal,"Spielzeug > Bären, -kleidung & Zubehör > Bärenkleidung & Accessoires",1,,,
SKU-6586579725,SKU-6586579725,CENTA-STAR Bettdecke 0870.00 Weiß Gr. 135 x 200 cm High-Tech-Faser mit,70,CENTA-STAR,Möbel & Wohnen > Kindermöbel & Wohnen > Bettwaren & -wäsche > Bettdecken,1,,,
SKU-6603765179,SKU-6603765179,Terry Fahrradzubehör 423 900 20 NEU Sattel Regenschutz Wasserdichter trockene,77,Terry,Sport > Radsport > Fahrradzubehör,1,,,
SKU-6614383452,SKU-6614383452,Leonardo Karaffe Swing Transparent Glas NEU Gr. ca. 21 cm 1.2L Eleganz,70,Leonardo,Möbel & Wohnen > Kochen & Genießen > Bar & Wein-Accessoires > Dekanter,0,,,barcode_missing
SKU-6673544963,SKU-6673544963,Puma Court Classico Damen Sneaker für Komfort - Weiß / Navy Leder NEU OVP Gr. 38,80,PUMA,Kleidung & Accessoires > Herren > Herrenschuhe > Sneaker,1,,,
SKU-6830410442,SKU-6830410442,"FIREFIX Ofenrohr DN 180, 1000mm, Senotherm Schwarz für sichere Abführung",72,,Heimwerker,1,,,category_too_broad|category_text_not_breadcrumb
SKU-6847456474,SKU-6847456474,WOLTU Sitzmöbel SH69gr NEU Sitzhocker Stauraum faltbar bequem gepolstert,72,WOLTU,Büro & Schreibwaren > Büromöbel > Sitzmöbel,1,,,
SKU-6965414859,SKU-6965414859,Jolly Tempera Malfarben Set 14 Farben - Brillante Deckkraft für Kreative,72,Jolly,Spielzeug > Basteln & Kreativität > Malen & Zeichnen,1,,,
SKU-7049665224,SKU-7049665224,H&M Damen Strickjacke: Eleganter Zopfmuster Cardigan für Stil & Komfort,71,H&M,Kleidung & Accessoires > Spezielle Anlässe > Vintage-Mode > Vintage-Mode für Herren > Pullover & Strickjacken,0,,,barcode_missing
SKU-7151143475,SKU-7151143475,Birkenstock Arizona Herren Pantoletten – Komfortables Naturkork-Fußbett,71,Birkenstock,Kleidung & Accessoires > Herren > Herrenschuhe > Sandalen,1,,,
SKU-7209250640,SKU-7209250640,"Tatonka Campingtopf Silber Edelstahl NEU Mit Deckel, Klappgriffe 4L Robust",74,Tatonka,Spielzeug > Puppen & Zubehör,1,,,
SKU-7234186083,SKU-7234186083,ASICS ASICS EX89 Unisex Erwachsene Sneaker Cremeweiß/Weiß Gr. 41.5 NEU,70,ASICS,"Sport > Wintersport > Skifahren, Snowboarden & Schneeschuhwandern > Schuhe & Boots > Herrenschuhe & -boots",1,,,
SKU-7237772440,SKU-7237772440,Topeak Standpumpe JoeBlow Urban EX für Urban & E-Bikes – Präziser Reifendruck,77,Topeak,Sport > Radsport > Fahrradzubehör,1,,,
SKU-7245071607,SKU-7245071607,DIGITAL REVOLUTION Kompatibel LC422 DZ108154 Gelb NEU Tintenpatrone 550,71,DIGITAL REVOLUTION,"Computer, Tablets & Netzwerk > Drucker, Scanner & Zubehör > Tinte, Toner & Papier > Tintenpatronen",1,,,
SKU-7270723982,SKU-7270723982,Kitchen Sink Einbauspüle SKU-7270723982 Silber Edelstahl,56,Kitchen Sink,Heimwerker > Bad & Küche > Küche,0,,,title_lt_70|barcode_missing
SKU-7290912165,SKU-7290912165,"Marco Tozzi Pumps Damen Nude – Vegan, elegant & bequem für jeden Anlass",71,Marco Tozzi,Kleidung & Accessoires > Damen > Damenschuhe,1,,,
SKU-7350795017,SKU-7350795017,"Primewire Antennenkabel 302867 Schwarz NEU Vergoldete Kontakte, Gewinkelt",73,Primewire,Handys & Kommunikation > Funktechnik > Antennen > Amateurfunkantennen,1,,,
SKU-7473377331,SKU-7473377331,CORSAIR PC-Netzteil RM1000x Schwarz NEU Gr. 150 mm 1000W ATX 3.1 PCIe 5.1,73,CORSAIR,Münzen > Historische Wertpapiere > USA & Kanada > Elektronik & Computer,2,,,
SKU-7499091535,SKU-7499091535,Ninja Plancha-Grillplatte XL: Schonendes Garen für perfekte Ergebnisse,70,Ninja,"Garten & Terrasse > Grills, Heizstrahler & Picknickzubehör > Grillzubehör",1,,,
SKU-7543211550,SKU-7543211550,"CMP Kinder Schneestiefel Rae WP – Warm, trocken und sicher durch den Winter",75,CMP,Kleidung & Accessoires > Herren > Herrenschuhe > Stiefel,1,,,
SKU-7627745924,SKU-7627745924,"NEOLYMP Yogamatten Lime (Neongrün) Biologisch abbaubar, PVC-, Latex-, Gummi-,",77,NEOLYMP,Sport > Fitness & Jogging > Yoga & Pilates > Yogamatten,1,,,
SKU-7680238839,SKU-7680238839,Polo Ralph Lauren Theron V Unisex Kinder Sneaker Weiß NEU RF104105 Synthetik,76,Polo Ralph Lauren,Kleidung & Accessoires > Herren > Herrenschuhe > Sneaker,1,,,
SKU-7721659409,SKU-7721659409,db-tronic Raspberry Pi 5 Starter-Set 8GB RAM für anspruchsvolle Projekte,72,db-tronic,Münzen > Historische Wertpapiere > USA & Kanada > Elektronik & Computer,0,,,barcode_missing
SKU-7800997883,SKU-7800997883,Tamaris Slingpumps Damen – Zeitloser Komfort für jeden Anlass Damen Sneaker,75,Tamaris,Kleidung & Accessoires > Damen > Damenschuhe,0,,,barcode_missing
SKU-7892887285,SKU-7892887285,Canon Toner 057H Schwarz für professionelle Druckergebnisse & 10.000 Seiten,75,Canon,"Computer, Tablets & Netzwerk > Drucker, Scanner & Zubehör > Tinte, Toner & Papier",1,,,
SKU-7926913408,SKU-7926913408,TOPTREK Fahrradzubehör 846236311 NEU Fahrradabdeckung Ganzjahresschutz,70,TOPTREK,Sport > Radsport > Fahrradzubehör,2,,,
SKU-7948301538,SKU-7948301538,"Laser-Tonerkartusche Magenta Ersatz für Brother TN-423M Kompatibel mit DCP, HL,",79,Unbekannt,"Computer, Tablets & Netzwerk > Drucker, Scanner & Zubehör > Tinte, Toner & Papier",1,,,
SKU-7961309823,SKU-7961309823,Engelbert Strauss Bundhose e.s. motion 2020 Winter: Optimaler Kälteschutz,73,,Sport > Reit- & Fahrsport > Reithelme & Schutzkleidung,1,,,
SKU-7998641824,SKU-7998641824,Rohema Drumsticks Premium Holz NEU Präzision Langlebigkeit Antiquitäten,71,Rohema,"Musikinstrumente > Drums & Percussion > Ersatzteile > Sticks, Besen & Schlägel",0,,,barcode_missing
SKU-8004480244,SKU-8004480244,Trotec Standventilator TVE 16 S: Sofortige Erfrischung & angenehmes Raumklima,77,,Haushaltsgeräte > Klimaanlagen & Heizgeräte > Ventilatoren & Luftbehandlung > Stand- & Tischventilatoren,1,,,
SKU-8035511646,SKU-8035511646,Cretacolor Harte Pastellkreiden Braun für präzise Linien & sanfte Übergänge,75,Brevillier's CRETACOLOR,Bastel- & Künstlerbedarf > Künstler- & Zeichenbedarf > Zeichnen > Pastell,1,,,
SKU-8064565799,SKU-8064565799,UGG Tazz Damen Sneaker Sand NEU Hausschuhe Wildleder Luxuriöser Komfort,71,UGG,Kleidung & Accessoires > Herren > Herrenschuhe > Hausschuhe,1,,,
SKU-8112287411,SKU-8112287411,Desigual Sweatshirt Damen Rosa Gr. XXL 100% Baumwolle NEU 23WMSK05/3022,71,Desigual,Sport > Fitness & Jogging > Bekleidung > Damen > Sweatshirts & Kapuzenpullover,1,,,
SKU-8133187753,SKU-8133187753,GULNABIO Jersey-Spannbettlaken Rot 100x200 cm – Perfekte Passform & Komfort,75,GULNABIO,"Möbel & Wohnen > Bettwaren, -wäsche & Matratzen > Bettlaken",0,,,barcode_missing
SKU-8151275535,SKU-8151275535,FUVSHU UV-Matratzenstaubsauger BT-Y02 für Tiefenreinigung & Milbenschutz,72,FUVSHU,Haushaltsgeräte > Staubsauger & Zubehör > Staubsauger,0,,,barcode_missing
SKU-8197874459,SKU-8197874459,New Balance 515 Herren Sneaker Schwarz NEU Handschuhe & Fäustlinge ML515AGR,75,New Balance,Kleidung & Accessoires > Herren > Herren-Accessoires > Handschuhe & Fäustlinge,1,,,
SKU-8236064906,SKU-8236064906,KNIPEX Zangenschlüssel 200mm – Präzises Greifen & Schrauben ohne Beschädigung,77,KNIPEX,Heimwerker > Werkzeuge > Handwerkzeuge,1,,,
SKU-8245288059,SKU-8245288059,LICO Boulder V Kinder Sneaker Pink/Türkis Gr. 31 NEU Hallenschuhe 360652,72,LICO,Kleidung & Accessoires > Herren > Herren-Accessoires > Handschuhe & Fäustlinge,1,,,
SKU-8249181407,SKU-8249181407,Sony DJ-Kopfhörer WH-CH720N WH-CH720N Schwarz NEU Over-Ear Aktiver Video,72,Sony,"TV, Video & Audio > DJ-Equipment > DJ-Kopfhörer",1,,,
SKU-8310896573,SKU-8310896573,"IKEA RANARP Pendelleuchte: Zeitloses Design für warmes, gezieltes Licht",71,IKEA,Möbel & Wohnen > Möbel > Regale & Aufbewahrung,0,,,barcode_missing
SKU-8317603092,SKU-8317603092,SETEX Matratzenschoner Noppen 140x200cm – Optimaler Schutz & Belüftung,70,,Baby > Bettausstattung > Matratzenschoner & -auflagen,1,,,
SKU-8367978772,SKU-8367978772,Pelikan Büro & Schreibwaren 519637 NEU Farbband Gr. 156 Correctable präzise,75,Pelikan,Büro & Schreibwaren,1,,,category_too_broad|category_text_not_breadcrumb
SKU-8380347833,SKU-8380347833,"Casey Stehleuchten DEL8LIT03-189 Gold / Champagner Metall (Eisen), Glas",71,Casey,Büro & Schreibwaren > Büromöbel > Leuchten & Leuchtmittel > Stehleuchten,1,,,
SKU-8462375603,SKU-8462375603,Puma Smash V2 L Damen Sneaker für Komfort - Schwarz / Weiß NEU OVP Gr. 40,73,PUMA,Kleidung & Accessoires > Damen > Damenschuhe,1,,,
SKU-8483173682,SKU-8483173682,Reader's Digest Sachbuch: Weltgeschichte verstehen – Fundiertes Wissen,70,Reader's Digest Association,Briefmarken > Motive > Geschichte,1,,,
SKU-8605082485,SKU-8605082485,Aqua Marina SUP Board Unisex Grün PVC NEU SKU-8605082485 Breeze Gr. 76 cm,73,Aqua Marina,"Auto & Motorrad: Teile > Kleidung, Schutzausrüstung & Merchandise",0,,,barcode_missing
SKU-8640590578,SKU-8640590578,Villa Grinario Spannbettlaken SKU-8640590578 Grün Gr. 100 x 200 cm 100 %,72,Villa Grinario,"Möbel & Wohnen > Bettwaren, -wäsche & Matratzen > Bettwäsche",0,,,barcode_missing
SKU-8689351772,SKU-8689351772,Garmin HRM-Dual Herzfrequenzmesser mit Dual-Konnektivität für präzise Daten,75,Garmin,Sport > Fitness & Jogging > Sportelektronik > Herzfrequenzmesser,1,,,
SKU-8742112863,SKU-8742112863,New Balance New Balance Kinder Sneaker Silber Gr. 26 NEU Kinderschuhe & -boots,78,New Balance,"Sport > Wintersport > Skifahren, Snowboarden & Schneeschuhwandern > Schuhe & Boots > Kinderschuhe & -boots",0,,,barcode_missing
SKU-8747609895,SKU-8747609895,QKIDS Tretroller Kinder Faltbar & Höhenverstellbar für sicheren Fahrspaß,72,QKIDS,Auto & Motorrad: Fahrzeuge > Motorräder > Roller,1,,,
SKU-8779940575,SKU-8779940575,"TATONKA Campingbecher Handle Mug 600 - Robust, platzsparend & vielseitig",72,TATONKA,Sport > Camping & Outdoor > Camping-Küchenbedarf > Campinggeschirr,1,,,
SKU-8835594725,SKU-8835594725,DESKTRONIC Kabelmanagement Set für aufgeräumten Schreibtisch & mehr Sicherheit,78,DESKTRONIC,"Computer, Tablets & Netzwerk > Heimnetzwerke & Zubehör > Kabelgebundene Router",1,,,
SKU-8843412443,SKU-8843412443,ONVAYA Verkehrsspiegel Schwarz Kunststoff NEU Gr. 31.2 cm 70 Weitwinkel,71,ONVAYA,Business & Industrie,1,,,category_too_broad|category_text_not_breadcrumb
SKU-8857013241,SKU-8857013241,Paul Green Schnürschuhe Damen Schwarz Lackleder NEU 2688-00x Zeitlose Eleganz,77,Paul Green,Kleidung & Accessoires,0,,,barcode_missing|category_too_broad|category_text_not_breadcrumb
SKU-8919591829,SKU-8919591829,"PLANAM Kinder Outdoorhose NORIT – Robust, bequem & sicher für Abenteuer",71,PLANAM,Sport > Camping & Outdoor > Bekleidung > Kinder,1,,,
SKU-9031958971,SKU-9031958971,Ninja Standmixer 2-in-1 BN750EU CB350EU Schwarz/Silber NEU Smoothies Eis-Crush,78,Ninja,Haushaltsgeräte > Kleingeräte Küche > Standmixer,1,,,
SKU-9035689627,SKU-9035689627,Jolly Schulbedarf 6110 NEU Kreidehalter Set Hygienisch bruchsicher saubere,74,Jolly,Büro & Schreibwaren > Schulbedarf,1,,,
SKU-9073986145,SKU-9073986145,RAVENOL Sägekettenöl S 85 NEU Optimaler Verschleißschutz Haftung Business,73,RAVENOL,Garten & Terrasse > Motor-Gartengeräte & -zubehör > Kettensägen-Ersatzteile,1,,,
SKU-9091395294,SKU-9091395294,LEONARDO Trinkglas Swing Transparent Glas NEU Gr. 9 cm Trinkgläser Set,70,LEONARDO,Möbel & Wohnen > Kochen & Genießen > Gläser & Glaswaren,1,,,
SKU-9142845763,SKU-9142845763,WALSER Hagelschutzplane Perma Protect M – Premium Schutz vor Hagel & Wetter,75,WALSER,Auto & Motorrad: Fahrzeuge,1,,,category_too_broad|category_text_not_breadcrumb
SKU-9146759920,SKU-9146759920,adidas Samba LT W Damen Sneaker Schwarz Weiß Leder Retro NEU OVP Gr. 44,71,adidas,Kleidung & Accessoires > Damen > Damenschuhe,1,,,
SKU-9289261489,SKU-9289261489,Isabel Abedi – Lola Löwenherz Kinderbuch Abenteuer 2007 Gebundene Ausgabe Neu,77,Loewe,Bücher & Zeitschriften > Bücher,1,,,
SKU-9317337160,SKU-9317337160,"PAUDIN Santokumesser N5 – Präzise Schnitte, mühelos & langanhaltend scharf",74,PAUDIN,Möbel & Wohnen > Kochen & Genießen > Küchenmesser,0,,,barcode_missing
SKU-9335260557,SKU-9335260557,ABUS Kettenschloss IVERA Steel-O-Flex 7200 für maximalen Diebstahlschutz,72,ABUS,Sport > Radsport > Fahrradzubehör > Schlösser & Sicherheit,1,,,
SKU-9428729031,SKU-9428729031,Derby Rasierklingen Double Edge Silber Schwedischer Stahl NEU Premium sanfte,76,Derby,Beauty & Gesundheit > Enthaarung & Rasur > Rasierer & Rasierklingen > Herren Rasierklingen,2,,,
SKU-9431798499,SKU-9431798499,HP 305 Original Tintenpatronen Doppelpack für brillante Druckergebnisse,71,HP,"Computer, Tablets & Netzwerk > Drucker, Scanner & Zubehör > Tinte, Toner & Papier > Tintenpatronen",2,,,
SKU-9436640030,SKU-9436640030,Puma Fusion Crush Sport Herren Sneaker Weiß/Grau mit Rot NEU Golfschuh,70,Puma,Kleidung & Accessoires > Herren > Herren-Accessoires > Handschuhe & Fäustlinge,1,,,
SKU-9454243198,SKU-9454243198,Jolly Superwaxies Aqua Wachsmalstifte - Wasservermalbar für Aquarelleffekte,75,Jolly,Spielzeug > Basteln & Kreativität,1,,,
SKU-9458628509,SKU-9458628509,"Eureka E10s Saug- & Wischroboter mit Absaugstation, 4000 Pa Saugkraft Weiß",74,Eureka,Spielzeug > Elektrisches Spielzeug > Roboter,1,,,
SKU-9564743151,SKU-9564743151,Knirps Taschenschirm AS.050 9590561201W NEU Windstabil Navy Extrem kompakt,74,Knirps,Reisen > Reiseaccessoires > Regenschirme,1,,,
SKU-9603350817,SKU-9603350817,Universal Tablet-Bodenständer mit Schwenkarm & Höhenverstellung für alle Tablets,80,,"Büro & Schreibwaren > Papier, Büro- & Schreibwaren > Schreiben & Korrigieren > Füllfederhalter",0,,,barcode_missing
SKU-9627368343,SKU-9627368343,d-c-fix Energiesparfolie 333-0000 Kunststoff NEU Energieeffizienz Fensterfolie,78,d-c-fix,"Möbel & Wohnen > Rollos, Gardinen & Vorhänge > Fensterfolien",1,,,
SKU-9671499764,SKU-9671499764,House Nordic Servierwagen NEU Gr. 68 cm Eleganter Rollwagen flexible Nutzung,76,House Nordic,"Garten & Terrasse > Grills, Heizstrahler & Picknickzubehör > Servierwagen",1,,,
SKU-9787450821,SKU-9787450821,"bremermann Manuelle Nudelmaschine 57003 57003 Rot Edelstahlwalzen, lackiertes",77,bremermann,Haushaltsgeräte > Kleingeräte Küche > Nudelmaschinen,1,,,
SKU-9804667250,SKU-9804667250,adidas Samba OG J Damen Sneaker Cloud White / Collegiate Green NEU OVP Gr. 38,77,adidas,"Spielzeug > Bären, -kleidung & Zubehör > Bärenkleidung & Accessoires",1,,,
SKU-9820031170,SKU-9820031170,"YOLEO Kinderroller 931 NEU Schwarz LED-Räder, Höhenverstellbarer Lenker",71,YOLEO,Auto & Motorrad: Fahrzeuge > Motorräder > Roller,0,,,barcode_missing
SKU-9834509499,SKU-9834509499,MSV Handtuchhalter Schwarz Metall NEU Gr. 42 cm Ohne Bohren 3-stufig bohrfrei,77,MSV,Möbel & Wohnen > Kindermöbel & Wohnen > Badzubehör & -textilien,1,,,
SKU-9876441475,SKU-9876441475,Disney – Es war einmal ein Schneemann Bilderbuch Gebundene Ausgabe Neu,70,Disney,Filme & Serien > Film-Fanartikel > Bücher & Skripte,1,,,
SKU-9912977908,SKU-9912977908,"Dexcom Blutzuckermessgerät G7 STK-GT-013 Schwarz NEU Dexcom, Inc. Präzise",73,Dexcom,"TV, Video & Audio > Tragbare Geräte & Kopfhörer",3,,,
SKU-9933881904,SKU-9933881904,SCENEX Damen Tanzschuhe – Elegant & Stabil für Tango & Salsa Sneaker Schwarz NEU,80,SCENEX,Kleidung & Accessoires > Herren > Herren-Accessoires > Handschuhe & Fäustlinge,0,,,barcode_missing
SKU-9968230318,SKU-9968230318,HOLA KIT Reifenreparaturset für schnelle & sichere Pannenbehebung unterwegs,75,HOLA KIT,Auto & Motorrad: Teile > Werkzeuge > Reparatur-Sets & Teile > Reifenreparatur,0,,,barcode_missing
SKU-9979752242,SKU-9979752242,CCLIFE Lambdasonden-Steckschlüssel-Satz 3-tlg. für einfachen Sondenwechsel,74,CCLIFE,Auto & Motorrad: Teile > Autoteile & Zubehör > Auspuff- & Abgassysteme > Lambdasonden & O2-Sensoren,1,,,
SKU-9988960743,SKU-9988960743,Pepe Jeans London W Albal Damen Sneaker Elegant Gold / Beige NEU OVP Gr. 40,75,Pepe Jeans,Kleidung & Accessoires > Damen > Damenschuhe > Sneaker,1,,,
a7fbf83a-10da-453f-974b-4d71c9e7e626,SKU-1848228084,Walex Fäkalientank-Deodorant Tiefblau NEU Porta-Pak Max 50 geruchsfreie,71,Walex,Sport > Camping & Outdoor > Sonstiges Camping & Outdoor,0,,,barcode_missing
ad08f46f-d233-4c4f-b5c5-bc803ce5018e,SKU-5748131128,FRANKBERG Querlenkersatz CA03211Z-FC für PKW Fahrwerk Stabilität Austausch Neu,78,FRANKBERG,Auto & Motorrad: Teile > Auto-Ersatz- & -Reparaturteile > Federung & Lenkung > Querlenker & Teile,0,,,barcode_missing|category_id_missing
b82f2e03-f4e9-4cef-8984-364a6a8cfc8e,SKU-3350934915,"Kibek Gartenstecker Molveno 2201290005 Mattschwarz Metall, Kunststoff Neu",73,Kibek,Garten & Freizeit > Gartenbeleuchtung > Solarleuchten,0,,,barcode_missing|category_id_missing
b9682eb9-a9aa-415e-898f-7b9bf915e42f,SKU-8203474346,Sabeatex Kopfkissen & Körperkissen Weiß Gr. 70 x 35 x 13 cm NEU Optimale,72,Sabeatex,"Möbel & Wohnen > Bettwaren, -wäsche & Matratzen > Kopfkissen & Körperkissen",2,,,
c02f6527-8651-429c-8022-31eb90f6aaaa,SKU-0716100821,"SOMAN Integralhelm A154956/202401/03705 NEU Pink, Schwarz, Lila Gr. S -Zubehör",78,SOMAN,Motorrad-Teile & -Zubehör > Helme & Kopfbedeckungen > Helme,0,,,barcode_missing|category_id_missing
c6d932e0-cd68-4d66-8212-d98f5d10e8d2,SKU-7957694387,"SIRUS Mikrofonständer 516480 Desktop, Zinkdruckguss, höhenverstellbar 27-41cm",77,SIRUS,Münzen > Historische Wertpapiere > USA & Kanada > Elektronik & Computer,1,,,
d2649d99-ae7a-4b45-bca9-e6c452843d93,SKU-3442148631,"ToMax Tintenpatrone TM-LC-223Y Gelb für brillante, langlebige Ausdrucke",71,ToMax,"Computer, Tablets & Netzwerk > Drucker, Scanner & Zubehör > Tinte, Toner & Papier > Tintenpatronen",0,,,barcode_missing
d26c1381-e411-4bd2-a9fd-fdd8e408a28a,SKU-3178068699,Hoover Zulaufschlauch 92250869 Grau NEU Wasserzulaufschlauch Original Trockner,78,Hoover,Haushaltsgeräte > Waschmaschinen & Trockner > Waschmaschinen- & Trocknerteile,1,,,
e29c131f-ec89-434c-b216-90f28330918d,SKU-6854747447,"Vinz Jethelm Como 220653541150 ECE R22-06, 1150g, Gr. XS, Matt Schwarz",70,Vinz,"Auto & Motorrad: Teile > Kleidung, Schutzausrüstung & Merchandise > Helme & Zubehör",1,,,
e73c69ce-6582-4454-adab-52b418a775d0,SKU-5599844775,Goffii Montessori Lernspielzeug Bauernhof Angeln Gemüse Holz Mehrfarbig ab 3,76,Goffii,Spielzeug > Lernspielzeug,0,,,barcode_missing
ea75ec18-8ebd-4623-8b72-bdc796af7bfb,SKU-1536365981,Unbekannt Backform Einsatz Schwarz Silikon NEU Airfryer 2er Set Haushalt,72,Unbekannt,"Haushalt & Wohnen > Küche, Kochen & Genießen > Küchengeräte > Fritteusen & Heißluftfritteusen Zubehör",0,,,barcode_missing|category_id_missing
f2028097-7287-47f8-b694-d663960758ec,SKU-2204782559,Eternity Commerce LTD Magnetspielzeug Pixel-Stil 150 Teile ab 3 Jahre 2024-1,76,Eternity Commerce LTD,Spielzeug > Baukästen & Konstruktion > Magnetspielzeug,0,,,barcode_missing|category_id_missing
f20fc23c-f6dc-476a-9070-d943caec409f,SKU-3481827893,"Rolife Miniatur-Bausatz TGB06, Gartenhaus Book Nook, 176 Teile, 203x110x241mm",77,Rolife,Modellbau > Modellbausätze,1,,,
f7a5bb4a-9e13-4a67-8065-996f9a809f26,SKU-0107097519,Sontheimer Nockenschalter S06H 32A 690V 9kW | Herstellernummer 10008352,71,Sontheimer,Modellbau > RC-Modellbau > RC Modellbau Teile & Zubehör > Fernsteuerung & Elektronik,0,,,barcode_missing
f8fc404d-90b9-408f-a0a5-53038fdbd793,SKU-7447779999,ONLINE Calli.Brush Lettering & Aquareell Set 'Das Leben ist Schön' DIN A5,73,ONLINE,Basteln & Handarbeiten > Malen & Zeichnen > Kalligrafie & Lettering > Kalligrafie-Sets,1,,,category_id_missing
fad41e15-2900-414a-b739-2ed02d4394fe,SKU-9297459968,febi bilstein Waschwasserpumpe 26259 für Mercedes-Benz (OE 2048660221),70,febi bilstein,Auto & Motorrad: Teile > Spezielle Fahrzeug-Teile > Wohnmobil- & Wohnwagenteile & Zubehör > Wasser- & Sanitärsysteme > Wasserpumpen,1,,,