SKU,Title,Abteilung,Anlass,Besonderheiten,Erscheinungsjahr,EU-Schuhgröße,Farbe,Futtermaterial,Gewebeart,Herstellernummer,Herstellungsjahr,Innensohlenmaterial,Jahreszeit,Laufsohlenmaterial,Marke,Maßeinheit,Modell,Obermaterial,Produktart,Produktlinie,Schuhweite,Stil,Thema,UK-Schuhgröße,US-Schuhgröße,Verschluss
SKU-2391228513,adidas Handball Spezial W Damen Sneaker Hellgrau / Hellblau Retro NEU OVP Gr. 38,Damen,Sport,,,38,Grau,,,,,,,,adidas,,adidas Handball,Unbekannt,,adidas Handball,W,Sneaker,Klassisch,,3,
SKU-9146759920,adidas Samba LT W Damen Sneaker Schwarz Weiß Leder Retro NEU OVP Gr. 44,Unisex Erwachsene,,,,44,Weiß,Leder,,,,Leder,,Leder,adidas,,adidas Samba,Leder,,adidas Samba,W,Sneaker,,10,"11,5",Schnürung
SKU-9804667250,adidas Samba OG J Damen Sneaker Cloud White / Collegiate Green NEU OVP Gr. 38,Damen,Sport,,,38 2/3,Grün,Leder,,,,Leder,,Leder,adidas,,adidas Samba,Leder,,adidas Samba,,Sneaker,Sport,2,3,
SKU-0989494543,adidas SL 72 OG W Damen Sneaker Semi Pink / Red Glow Pink NEU OVP Gr. 38,Damen,,,,38 2/3,Semi Pink/Red Glow Pink,,,,,,,,adidas,,adidas SL,Unbekannt,,adidas SL,W,Sneaker,,7,7,
SKU-0110888325,ARKK Copenhagen Visuklass Leather Damen Sneaker White Pacific NEU OVP Gr. 37,Damen,,Komfort,,37,Weiß,Leder,,,,Leder,,Leder,ARKK Copenhagen,,,Leder,,,,Sneaker,,6,6,
SKU-8742112863,New Balance IZ740WM Kinder-Sneaker Silber NEU OVP Gr. 26,Kinder,,Komfort,,26,Silber,,Mesh,,,,,,New Balance,,New Balance,Mesh,,,,Sneaker,,,,
SKU-3992211748,"Nike Defy All Day Damen Sneaker Weiß, Schwarz, Rot Gr. 39 (DJ1196-101)",Damen,,Komfort,,39,Weiß,Leder,,,,Leder,,Leder,Nike,,,Leder,,,,Sneaker,,6,6,Schnürung
SKU-9988960743,Pepe Jeans London W Albal Damen Sneaker Elegant Gold / Beige NEU OVP Gr. 40,Damen,,,,40,Beige,Synthetik,,,,Synthetik,,Synthetik,Pepe Jeans,,,Synthetik,,,W,Sneaker,London,,,Schnürung
SKU-3368481451,Puma Clyde Palais Artisan Unisex Sneaker Chocotart-Frosted Ivory NEU OVP Gr. 38,Unisex,,,,"38,5",Braun,,,,,,,,PUMA,,PUMA Clyde,Unbekannt,,,,Sneaker,,"5,5","6,5",
SKU-6673544963,Puma Court Classico Damen Sneaker für Komfort - Weiß / Navy Leder NEU OVP Gr. 38,Damen,,,,38,Weiß,Leder,,,,Leder,,Leder,PUMA,,,Leder,,,,Sneaker,,,,
SKU-8462375603,Puma Smash V2 L Damen Sneaker für Komfort - Schwarz / Weiß NEU OVP Gr. 40,Damen,,Komfort,2023,40,Schwarz,,,365208 02,2023,Gummi,,Gummi,PUMA,L,PUMA Smash,Gummi,Sportschuh,PUMA Smash,,Sneaker,,,,Schnürung
,,,,,,,,,,,,,,,,,,,,,,,,,,
,,,,,,,,,,,,,,,,,,,,,,,,,,
,,,,,,,,,,,,,,,,,,,,,,,,,,
SKU,Title,Anschlüsse,Anzahl der Kanäle,Besonderheiten,Betriebssystem,Bildschirmgröße,Einbaugröße,Fahrzeugmarke,Fahrzeugmodell,Farbe,Hersteller,Herstellergarantie,Herstellernummer,Maßeinheit,Modell,Wiedergabeformate,,,,,,,,,,
SKU-2097206690,1DIN AUTORADIO MIT BLUETOOTH FREISPRECHEINRICHTUNG AUX USB SD MP3 Fernbedienung,"Mini USB,Speicherkarte,AUX",4 Kanal,"Bluetooth,RDS,Fernbedienung,AUX Eingang",,,1 DIN,Universal,Universal,Schwarz,General,,,,JSD 520,MP3,,,,,,,,,,
SKU-3933851468,BLAUPUNKT Autoradio VALENCIA 200 DAB+ BT BP2208M0007720 4x40W 1-DIN Schwarz,"AUX,USB",4 Kanal,"RDS,Abnehmbares Bedienteil,Bluetooth,AM/FM Radio,DAB,Eingebauter Equalizer,AUX Eingang,ID3tag",,,1 DIN,Universal,Universal,Schwarz,Blaupunkt,,VALENCIA-200-DAB-BT,,Blaupunkt Valencia 200 DAB BT,"MP3,WMA",,,,,,,,,,
SKU-4603086544,"URVOLAX Wireless Apple Carplay Android Auto, 7 Zoll HD IPS Tragbares Touchscreen",Mini USB,,"Bluetooth,Touchscreen",Android,10 in,,Universal,Universal,Schwarz,Apple,,UR73C,,UR73C,"MP3,WAV",,,,,,,,,,
,,,,,,,,,,,,,,,,,,,,,,,,,,
,,,,,,,,,,,,,,,,,,,,,,,,,,
,,,,,,,,,,,,,,,,,,,,,,,,,,
SKU,Title,Anzahl der Seiten,Autor,Breite,Buchreihe,Buchtitel,Erscheinungsjahr,Format,Genre,Gewicht,Höhe,Illustrator,Länge,Literarische Gattung,Originalsprache,Produktart,Sprache,Thematik,Verlag,,,,,,,
SKU-5638382329,Angela Merkel - Freiheit: Erinnerungen 1954 – 2021 | Gebundene Ausgabe |,736,Angela Merkel,,,Freiheit: Erinnerungen 1954 – 2021,,Hardcover,Politik & Gesellschaft,,,,,Sachbuch,Deutsch,Sachbuch,Deutsch,Autobiografie,Kiepenheuer & Witsch,,,,,,,
SKU-9876441475,Disney Kinderbuch: Es war einmal ein Schneemann. Freundschaft & Fantasie,,Disney,,Die Eiskönigin,Es war einmal ein Schneemann,,Gebundene Ausgabe,Geschichte,300 g,24 cm,,22 cm,,Deutsch,Bilderbuch,Deutsch,Disney,Grupo Nelson,,,,,,,
SKU-1566313678,"Heike Faller: Hundert, Was du im Leben lernen wirst. Zeitlose Lebensweisheiten",208,Heike Faller / Valerio Vidali,20 cm,,Hundert: Was du im Leben lernen wirst,2018,Gebundene Ausgabe,"Verstand, Körper & Geist","692 g,693 g",20 cm,Valerio Vidali,20 cm,,Deutsch,Bilderbuch,Deutsch,,Kein & Aber,,,,,,,
SKU-9289261489,Isabel Abedi: Lola Löwenherz – Fesselnde Abenteuer für junge Leser | 2007 |,283,Isabel Abedi,15 cm,Lola,Lola Löwenherz,2007,Gebundene Ausgabe,Abenteuer,465 g,15 cm,Dagmar Henze,15 cm,,Deutsch,,Deutsch,Eltern-Kind-Beziehung,"Loewe,Loewe Verlag Gmbh",,,,,,,
SKU-4743695203,"molino Bilderbuch Hannelore: Zauberhaftes Zirkusabenteuer, fördert Fantasie",,Frieder Stöckle,,,Hannelore: Zauberhaftes Zirkusabenteuer,,Gebundene Ausgabe,"Abenteuer,Kinder- & Jugendliteratur",200 g,25 cm,,20 cm,Belletristik,Deutsch,Bilderbuch,Deutsch,Freundschaft,,,,,,,,
SKU-5729537867,Oetinger Kinderbuch Madita: Weihnachtsferien für magische Vorlesestunden,,Astrid Lindgren,,,"Wie gut, daß es Weihnachtsferien gibt, sagte Madita.",,Gebundene Ausgabe,Kinder- & Jugendliteratur,300 g,26 cm,Ilon Wikland,21 cm,Belletristik,Deutsch,Bilderbuch,Deutsch,Freundschaft,,,,,,,,
SKU-2841208491,Olivia Huth: Hilfst du mir? Dann teilen wir! Freundschaft & Teilen ab 3 Jahren,32,Olivia Huth,23 cm,,Hilfst du mir? Dann teilen wir!,2020,Gebundene Ausgabe,Geschichte,438 g,23 cm,,23 cm,,Deutsch,Bilderbuch,Deutsch,Freundschaft,Südpol Verlag Gmbh,,,,,,,
SKU-8483173682,Reader's Digest Sachbuch: Weltgeschichte verstehen – Fundiertes Wissen,,Unbekannt,,,Weltgeschichte: Alles was man wissen muss.,Unbekannt,Gebundene Ausgabe,Sachbuch,1000 g,30 cm,,21 cm,Sachbuch,Deutsch,Sachbuch,Deutsch,Amerikanische Geschichte,Reader's Digest Association,,,,,,,
SKU-1040274599,SCM Bilderbuch: Mut & Freundschaft ab 3 Jahren – Stärkt soziale Kompetenzen,40,Kerstin Toepel,22 cm,,"Vom Kleinen Waschbären, der Sich Traute, Mutig zu Sein",2021,Gebundene Ausgabe,Abenteuer,493 g,22 cm,,22 cm,,Deutsch,Bilderbuch,Deutsch,Freundschaft,"Scm R. Brockhaus,Scm Brockhaus, R.",,,,,,,
,,,,,,,,,,,,,,,,,,,,,,,,,,
,,,,,,,,,,,,,,,,,,,,,,,,,,
,,,,,,,,,,,,,,,,,,,,,,,,,,
SKU,Title,Besonderheiten,Farbe,Hersteller,Herstellernummer,Im Lieferumfang enthalten,Material,OE/OEM Referenznummer(n),Oldtimer-Teil,Produktart,Tuning- & Styling-Teil,Universelle Kompatibilität,,,,,,,,,,,,,,
SKU-6705970836,BOOST TOWN Hyundai Kona N Offene Ansaugung mit ABE | Rot | Nicht für I30N,ABE,Rot,Boost Town,1507000192029,"Montagesatz, Ansaugung Kit",Kunststoff,hyundai-kona-n-ansaugung,Nein,Ladeluftrohr Ansaugrohr Kit,Ja,Nein,,,,,,,,,,,,,,
,,,,,,,,,,,,,,,,,,,,,,,,,,
,,,,,,,,,,,,,,,,,,,,,,,,,,
SKU,Title,Bremsscheibenart,Einbauposition,Hersteller,Herstellernummer,Im Lieferumfang enthalten,Lochkreis,Material,Oberflächenbeschaffenheit,OE/OEM Referenznummer(n),Oldtimer-Teil,Produktart,Tuning- & Styling-Teil,Universelle Kompatibilität,Weight,,,,,,,,,,,
SKU-4873494474,2x TRW DF4982 Bremsscheibe für HONDA DF4982 hinten Bremsscheibe Bremsanlage,Belüftet,Hinten,TRW,DF4982,,"114,3",Stahl,,,,Bremsscheibe,Nein,Nein,3,,,,,,,,,,,
SKU-7591395419,"ATE Bremsscheibe 24.0125-0184.1 für Audi, 314mm Durchmesser, 25mm Dicke",Belüftet,Vorne,ATE,24.0125-0184.1,Bremsbelagsatz,,,Rostvorbeugend,,Nein,Bremsscheibe,Nein,Nein,1,,,,,,,,,,,
SKU-8902752253,"ATE Bremsscheibe 24.0128-0248.1 für Hyundai Kia, 321mm Durchmesser, 28mm Dicke",Belüftet,Vorne,ATE,24.0128-0248.1,Bremsbelagsatz,112,,,0588 + 0569,,Bremsscheibe,Nein,Nein,1 kg,,,,,,,,,,,
SKU-4616386559,"ATE Bremsscheiben Set 24.0112-0178.1 für Audi, 300mm Durchmesser, 12mm Dicke",Belüftet,Hinten,31 Incorporated,24.0112-0178.1,Befestigung,,Grauguss,,,,Bremsscheibe,Nein,Nein,1,,,,,,,,,,,
SKU-3016364513,VAICO 2x Bremsscheibe voll hinten für Ford Kuga I Galaxy WA6 Land Rover Range,Belüftet,Vorne,Vaico,V25-40006,Befestigung,,,,,Nein,Bremsscheibe,Nein,Nein,1 kg,,,,,,,,,,,