sheet,title,brand,mpn,ean,photos,recommended_aspects_count,title_keywords_count,item_number,sku
Damenschuhe>Sneaker,"Nike Defy All Day Damen Sneaker Weiß, Schwarz, Rot Gr. 39 (DJ1196-101)",Nike,Keine Angabe,Keine Angabe,7,5,12,389340512224,SKU-3992211748
Damenschuhe>Sneaker,Puma Court Classico Damen Sneaker für Komfort - Weiß / Navy Leder NEU OVP Gr. 38,PUMA,Keine Angabe,Keine Angabe,6,3,14,389340513939,SKU-6673544963
Damenschuhe>Sneaker,adidas Handball Spezial W Damen Sneaker Hellgrau / Hellblau Retro NEU OVP Gr. 38,adidas,Keine Angabe,Keine Angabe,6,5,13,389340501672,SKU-2391228513
Damenschuhe>Sneaker,adidas Samba OG J Kinder Sneaker weiß/grün mit Gum-Sohle Größe 38 2/3,adidas,Keine Angabe,Keine Angabe,6,2,12,389340506153,SKU-9804667250
Damenschuhe>Sneaker,adidas SL 72 OG W Damen Sneaker Semi Pink / Red Glow Pink NEU OVP Gr. 38,adidas,Keine Angabe,Keine Angabe,5,6,16,389340507627,SKU-0989494543
Damenschuhe>Sneaker,Pepe Jeans London W Albal Damen Sneaker Elegant Gold / Beige NEU OVP Gr. 40,Pepe Jeans,Keine Angabe,Keine Angabe,5,3,14,389340515322,SKU-9988960743
Damenschuhe>Sneaker,ARKK Copenhagen Visuklass Leather Damen Sneaker White Pacific NEU OVP Gr. 37,ARKK Copenhagen,Keine Angabe,Keine Angabe,6,5,12,389340540974,SKU-0110888325
Damenschuhe>Sneaker,adidas Samba LT W Damen Sneaker Schwarz Weiß Leder Retro NEU OVP Gr. 44,adidas,Keine Angabe,Keine Angabe,4,7,14,389340510620,SKU-9146759920
Damenschuhe>Sneaker,New Balance IZ740WM Kinder-Sneaker Silber NEU OVP Gr. 26,New Balance,Keine Angabe,Keine Angabe,6,3,9,389340493118,SKU-8742112863
Damenschuhe>Sneaker,Puma Clyde Palais Artisan Unisex Sneaker Chocotart-Frosted Ivory NEU OVP Gr. 38,PUMA,Keine Angabe,Keine Angabe,5,5,12,389340502546,SKU-3368481451
Damenschuhe>Sneaker,New Balance Damen Sneaker 9060 – Eleganter Komfort & Stil in Rosa/Beige,New Balance,✔,0197967813450,6,2,10,389459781170,SKU-2384804976
Sonstige,ATE Bremsbeläge 13.0460-7195.2 ECE R90 mit Prüfzeichen E90R-02A1163/0750 602880,Keine Angabe,Keine Angabe,Keine Angabe,6,1,9,389419930446,SKU-5619085780
Sonstige,"EURO DRIVELINE Antriebswelle W135 - Präzisionsgefertigt, extrem belastbar",Keine Angabe,✔,4251175821556,6,1,7,389419932030,SKU-2902386366
Sonstige,"Android Autoradio 6S9701P, HD Touchscreen, GPS, DSP",Keine Angabe,✔,4260555381719,4,1,7,389419858793,SKU-3982672342
Sonstige,Piaggio Keilriemen 102C-510 für Beverly X10 MP3 350 Roller Schwarz Gummi,Keine Angabe,Keine Angabe,Keine Angabe,7,1,11,389421779874,SKU-1423771699
Sonstige,Tesla Sonnenschutz Panorama-Glasdach Schwarz Mesh-Gewebe für Innenraum NEU,Keine Angabe,Keine Angabe,4011283370618,5,Keine Angabe,8,389459696468,SKU-7200941317
Sonstige,"ELUTO Autositzbezug Set Universal, 5-teilig, Kunstleder, Herst.-Nr. 946921699",Keine Angabe,✔,3129179786922,5,1,8,389459659221,SKU-5120624450
Sonstige,EMUK Anhängerspiegel 2-Punkt-Bügel Aluminium für Renault Kadjar Espace Scénic,Keine Angabe,Keine Angabe,4034144003036,7,Keine Angabe,9,389459676634,SKU-3097738026
Sonstige,febi bilstein Waschwasserpumpe 26259 für Mercedes-Benz (OE 2048660221),Keine Angabe,Keine Angabe,Keine Angabe,2,Keine Angabe,8,389463747604,SKU-9297459968
Sonstige,HOLA KIT Reifenreparaturset für schnelle & sichere Pannenbehebung unterwegs,Keine Angabe,Keine Angabe,Keine Angabe,5,Keine Angabe,8,389463860789,SKU-9968230318
Herrenschuhe>Sneaker,Mountain Guide Cuando Herren Outdoor-Sportschuh navy/khaki – wasserdicht & rutsc,Mountain Guide,Keine Angabe,Keine Angabe,5,2,8,389340497052,SKU-5017039989
Herrenschuhe>Sneaker,ASICS EX89 Herren Sneaker White/White aus Wildleder mit Gum-Sohle Größe 41.5,ASICS,Keine Angabe,Keine Angabe,6,2,11,389340521046,SKU-7234186083
Herrenschuhe>Sneaker,Tommy Hilfiger Essential Runner Metallics Sneaker Ancient White Größe 40 Neu mit,Tommy Hilfiger,Keine Angabe,Keine Angabe,6,2,12,389340517032,SKU-6307001376
Herrenschuhe>Sneaker,"Skechers Street UNO – Stand on Air Herren Sneaker, weiß, Air-Cooled Memory Foam",SKECHERS,Keine Angabe,Keine Angabe,5,1,12,389340491342,SKU-3132130051
Herrenschuhe>Sneaker,"Altra Escalante 4 Herren Laufschuhe Black/White – Größe EU 48 (UK 12, US 13)",Altra,Keine Angabe,Keine Angabe,6,1,13,389340499307,SKU-2638568297
Herrenschuhe>Sneaker,PUMA Road Rider SD Unisex Sneaker vivid blue/vapor gray Größe 38,Upgrade4cars,Keine Angabe,Keine Angabe,5,2,11,389375922439,SKU-5722168408
Herrenschuhe>Sneaker,Polo Ralph Lauren Kinder Sneaker Theron V: Zeitloser Stil & Komfort,Polo Ralph Lauren,Keine Angabe,196382334601,6,1,10,389377299848,SKU-7680238839
Herrenschuhe>Sneaker,Adidas Campus 00s Sneaker Gr. 42.5 – Ikonischer Retro-Stil für höchsten Komfort,adidas,Keine Angabe,4066748539567,5,5,11,389380519554,SKU-0114729665
Bettlaken,Villa Grinario Jersey-Spannbettuch 100/200 Rot,Villa Grinario,Keine Angabe,Keine Angabe,3,3,5,389323406448,SKU-8133187753
Bettlaken,Villa Grinario Spannbettlaken – Fester Sitz & weiche Baumwolle,Villa Grinario,✔,Keine Angabe,5,4,7,389323863529,SKU-6928779778
Bettlaken,Villa Grinario Spannbettlaken weich atmungsaktiv 100x200 grau,Villa Grinario,Keine Angabe,Keine Angabe,4,3,7,389323857207,SKU-1230781227
Bettlaken,Villa Grinario Spannbettlaken Jersey atmungsaktiv 100x200 cm,Villa Grinario,Keine Angabe,Keine Angabe,5,3,7,389323864148,SKU-8640590578
Bettlaken,Villa Grinario Jersey-Spannbettuch 100/200 Ecru,AWG,Keine Angabe,2060004998275,4,3,5,389323413874,SKU-0310087435
Bettlaken,Villa Grinario Jersey-Spannbettuch 100/200 Blau,Villa Grinario,✔,Keine Angabe,4,4,5,389323854357,SKU-4204090012
Bettlaken,Beautex Jersey Spannbettlaken 90x200cm Dunkelbraun für Boxspringbetten,Beautex,Keine Angabe,4058473411560,4,5,7,389400319723,SKU-3210037840
Motoröl,LIQUI MOLY Motoröl 10W-40 Mineralisch 4L für Motorrad 4-Takt Motoren MPN 3046,Liqui Moly,✔,1004200304684,5,4,12,389459664152,SKU-4955195373
Motoröl,LIQUI MOLY Motoröl 3740 NEU TOP TEC 4300 5W-30 1L MPN ACEA C2/C3 API Benzin,Liqui Moly,✔,4100420037405,4,3,15,389459685769,SKU-0694979094
Motoröl,Shell Helix Ultra ECT C3 5W-30 Motoröl 1L für Diesel & Otto Motoren NEU,Shell,550042844,5011987005952,5,5,13,389459700070,SKU-9425624573
Motoröl,"LIQUI MOLY Motoröl TOP TEC 4300 5W-30 5L für Benzin Diesel Motoren, MPN 3741 NEU",Liqui Moly,3741,4060584501207,6,3,15,389459770524,SKU-7902875633
Motoröl,MOTUL Motoröl 8100 X-clean+ SAE 5W-30 Vollsynthetisch 1L ACEA C3 für DPF/Kat NEU,MOTUL,✔,3374650257716,6,4,13,389459667916,SKU-2267173123
Motoröl,LIQUI MOLY Hypoid Getriebeöl GL4/5 SAE 75W-90 1L für Schalt- & Achsgetriebe,Liqui Moly,✔,4069702001179,5,4,11,389459691364,SKU-1306047599
Tonerkassetten,Canon Toner 718 Schwarz Original für gestochen scharfe Laserdrucke,Canon,2662B002,4056104244037,6,5,9,389371528018,SKU-6099130668
Tonerkassetten,Lasertoner B423K Schwarz für Brother Drucker - Hohe Seitenleistung,SAD,✔,8718891015547,2,5,8,389380534068,SKU-2388529978
Tonerkassetten,B423K Toner für Brother – Gestochen scharfe & kostengünstige Drucke,JOIDWAY,Keine Angabe,8718891115599,5,4,8,389380523670,SKU-5091393302
Tonerkassetten,"Canon 057H Tonerkartusche Schwarz – 10.000 Seiten, Profi-Qualität",Canon,✔,4549292136302,6,7,7,389380604534,SKU-7892887285
Tonerkassetten,"Canon Tonerkartusche 716 Schwarz, MPN 1980B002, Laser-Drucktechnologie",Canon,✔,4960999610955,4,7,7,389419918126,SKU-4090290612
Tonerkassetten,Kompatibel Brother Tonerpatrone B423M Schwarz,Kompatibel,✔,8718891015578,3,6,5,389423575944,SKU-7948301538
Möbelschutzhüllen,acamp Sonnenschirm Schutzhülle: Premium Ganzjahresschutz bis 400cm,Acamp,Keine Angabe,4013556577120,5,4,7,389396710178,SKU-7700165856
Möbelschutzhüllen,acamp Schutzhülle Cappa für Ampelschirme – Ganzjahresschutz bis 300cm,Acamp,✔,4013556577144,5,4,8,389396710538,SKU-0139597304
Möbelschutzhüllen,acamp Hängesessel Schutzhülle: Ganzjähriger Premium Wetterschutz Ø110x200cm,Acamp,Keine Angabe,4013556577007,5,2,7,389396709905,SKU-5410787453
Möbelschutzhüllen,acamp Schutzhülle Cappa für ovale Tische - Wasserdicht & UV-beständig,Acamp,✔,4013556577076,4,5,8,389396710025,SKU-2724878095
Möbelschutzhüllen,acamp Strandkorb Schutzhülle Cappa – Optimaler Ganzjahresschutz,Acamp,Keine Angabe,4013556592796,4,1,6,389396710781,SKU-5928571392
Bettwäsche,Lawrence Grey Home Satin Bettwäsche-Set für luxuriösen Schlafkomfort,Lawrence Grey Home,✔,Keine Angabe,4,5,8,389400320011,SKU-8382768165
Bettwäsche,ESPRIT Bettwäsche-Set CHILL Streifen Blau 155x220 cm Baumwolle Renforcé OEKO-TEX,Keine Angabe,✔,4005414511612,6,5,10,389459773614,SKU-4715041854
Bettwäsche,SCHIESSER Musselin Bettwäsche-Set Unisex Braun 135x200/80x80 cm Baumwolle Neu,Keine Angabe,Keine Angabe,4251806427775,6,4,9,389459770112,SKU-8942698934
Bettwäsche,good morning Flanell Bettwäsche BERNARDUS Kariert Sand 155x220cm Baumwolle NEU,Keine Angabe,Keine Angabe,8717285233178,6,3,10,389459768185,SKU-5764056320
Bettwäsche,ESPRIT Bettwäsche-Set CHILL Streifen Blau 155x220 cm Baumwolle Renforcé OEKO-TEX,Esprit,✔,4005414511612,6,4,10,389461539283,SKU-4715041854
Bücher,Olivia Huth: Hilfst du mir? Dann teilen wir! Freundschaft & Teilen ab 3 Jahren,Keine Angabe,Keine Angabe,Keine Angabe,2,7,13,389371848014,SKU-2841208491
Bücher,SCM Bilderbuch: Mut & Freundschaft ab 3 Jahren – Stärkt soziale Kompetenzen,Keine Angabe,Keine Angabe,Keine Angabe,2,7,10,389371843142,SKU-1040274599
Bücher,"Heike Faller: Hundert, Was du im Leben lernen wirst. Zeitlose Lebensweisheiten",Keine Angabe,Keine Angabe,Keine Angabe,4,7,11,389371842924,SKU-1566313678
Bücher,"molino Bilderbuch Hannelore: Zauberhaftes Zirkusabenteuer, fördert Fantasie",Keine Angabe,Keine Angabe,Keine Angabe,4,6,7,389382281612,SKU-4743695203
Bücher,Reader's Digest Sachbuch: Weltgeschichte verstehen – Fundiertes Wissen,Keine Angabe,Keine Angabe,Keine Angabe,5,9,7,389382284387,SKU-8483173682
Bremsscheiben,2x TRW DF4982 Bremsscheibe für HONDA DF4982 hinten Bremsscheibe Bremsanlage,Keine Angabe,✔,3322937952748,5,4,10,389419845195,SKU-4873494474
Bremsscheiben,VAICO 2x Bremsscheibe voll hinten für Ford Kuga I Galaxy WA6 Land Rover Range,Keine Angabe,✔,4046001447266,1,5,14,389419887506,SKU-3016364513
Bremsscheiben,"ATE Bremsscheiben Set 24.0112-0178.1 für Audi, 300mm Durchmesser, 12mm Dicke",Keine Angabe,Keine Angabe,Keine Angabe,5,4,10,389419831374,SKU-4616386559
Bremsscheiben,"ATE Bremsscheibe 24.0128-0248.1 für Hyundai Kia, 321mm Durchmesser, 28mm Dicke",Keine Angabe,Keine Angabe,Keine Angabe,7,5,10,389421775142,SKU-8902752253
Bremsscheiben,TEXTAR Bremsscheibe 92056600 für Mercedes-Benz S-Klasse (W140) 320x30mm NEU,Keine Angabe,✔,4019722112706,9,2,9,389459695907,SKU-3606468262
Bremsscheiben,"TRW Bremsscheibe DF4866S für Audi Modelle, Schwarz lackiert, Premium Qualität,",Keine Angabe,✔,31080024102010,7,3,10,389459677505,SKU-2941051529
