root,leaf,group_count,max_parent_similarity,category_id,breadcrumb,parent_context
Kleidung & Accessoires,Poloshirts,6,0.833,6488313,Kleidung & Accessoires > Herren > Hemden & Oberteile > Poloshirts,Kleidung & Accessoires > Herren > Hemden & Oberteile
Kleidung & Accessoires,Poloshirts,6,0.833,6407532,Kleidung & Accessoires > Herren > Herrenmode > Shirts & Hemden > Poloshirts,Kleidung & Accessoires > Herren > Herrenmode > Shirts & Hemden
Kleidung & Accessoires,Poloshirts,6,0.833,6488215,Kleidung & Accessoires > Herren > Poloshirts,Kleidung & Accessoires > Herren
Kleidung & Accessoires,Poloshirts,6,0.833,6488218,Kleidung & Accessoires > Herren-T-Shirts & Hemden > Poloshirts,Kleidung & Accessoires > Herren-T-Shirts & Hemden
Kleidung & Accessoires,Poloshirts,6,0.833,6488317,Kleidung & Accessoires > Herrenmode > Shirts & Hemden > Poloshirts,Kleidung & Accessoires > Herrenmode > Shirts & Hemden
Kleidung & Accessoires,Poloshirts,6,0.833,6488442,Kleidung & Accessoires > Shirts > Poloshirts,Kleidung & Accessoires > Shirts
Kleidung & Accessoires,Hosen,6,0.667,6488224,Kleidung & Accessoires > Damenbekleidung > Hosen,Kleidung & Accessoires > Damenbekleidung
Kleidung & Accessoires,Hosen,6,0.667,6406949,Kleidung & Accessoires > Damenmode > Hosen,Kleidung & Accessoires > Damenmode
Kleidung & Accessoires,Hosen,6,0.667,6488214,Kleidung & Accessoires > Herren > Hosen,Kleidung & Accessoires > Herren
Kleidung & Accessoires,Hosen,6,0.667,6406955,Kleidung & Accessoires > Herrenmode > Hosen,Kleidung & Accessoires > Herrenmode
Kleidung & Accessoires,Hosen,6,0.667,6488168,Kleidung & Accessoires > Hosen,Kleidung & Accessoires
Kleidung & Accessoires,Hosen,6,0.667,6488220,Kleidung & Accessoires > Kinder > Hosen,Kleidung & Accessoires > Kinder
Kleidung & Accessoires,Unterwäsche,5,0.75,6407296,Kleidung & Accessoires > Damen > Unterwäsche,Kleidung & Accessoires > Damen
Kleidung & Accessoires,Unterwäsche,5,0.75,6407528,Kleidung & Accessoires > Damenmode > Unterwäsche & Nachtwäsche > Unterwäsche,Kleidung & Accessoires > Damenmode > Unterwäsche & Nachtwäsche
Kleidung & Accessoires,Unterwäsche,5,0.75,6407311,Kleidung & Accessoires > Herren > Herrenmode > Unterwäsche,Kleidung & Accessoires > Herren > Herrenmode
Kleidung & Accessoires,Unterwäsche,5,0.75,6407317,Kleidung & Accessoires > Herren > Unterwäsche,Kleidung & Accessoires > Herren
Kleidung & Accessoires,Unterwäsche,5,0.75,6407322,Kleidung & Accessoires > Herrenmode > Unterwäsche,Kleidung & Accessoires > Herrenmode
Kleidung & Accessoires,Jacken & Mäntel,4,0.667,6407302,Kleidung & Accessoires > Damenmode > Jacken & Mäntel,Kleidung & Accessoires > Damenmode
Kleidung & Accessoires,Jacken & Mäntel,4,0.667,6488305,Kleidung & Accessoires > Herren > Jacken & Mäntel,Kleidung & Accessoires > Herren
Kleidung & Accessoires,Jacken & Mäntel,4,0.667,6488366,Kleidung & Accessoires > Herrenmode > Jacken & Mäntel,Kleidung & Accessoires > Herrenmode
Kleidung & Accessoires,Jacken & Mäntel,4,0.667,6488170,Kleidung & Accessoires > Jacken & Mäntel,Kleidung & Accessoires
Kleidung & Accessoires,Leggings,4,0.6,6467277,Kleidung & Accessoires > Damen > Damenmode > Leggings,Kleidung & Accessoires > Damen > Damenmode
Kleidung & Accessoires,Leggings,4,0.6,6488370,Kleidung & Accessoires > Damenbekleidung > Leggings,Kleidung & Accessoires > Damenbekleidung
Kleidung & Accessoires,Leggings,4,0.6,6418460,Kleidung & Accessoires > Damenmode > Hosen & Leggings > Leggings,Kleidung & Accessoires > Damenmode > Hosen & Leggings
Kleidung & Accessoires,Leggings,4,0.6,6488394,Kleidung & Accessoires > Hosen > Leggings,Kleidung & Accessoires > Hosen
Kleidung & Accessoires,Cargohosen,3,0.75,6488299,Kleidung & Accessoires > Herren > Hosen > Cargohosen,Kleidung & Accessoires > Herren > Hosen
Kleidung & Accessoires,Cargohosen,3,0.75,6407321,Kleidung & Accessoires > Herrenmode > Hosen > Cargohosen,Kleidung & Accessoires > Herrenmode > Hosen
Kleidung & Accessoires,Cargohosen,3,0.75,6488219,Kleidung & Accessoires > Hosen > Cargohosen,Kleidung & Accessoires > Hosen
Kleidung & Accessoires,Kostüme,3,0.75,6407325,Kleidung & Accessoires > Kostüme & Verkleidungen > Kostüme,Kleidung & Accessoires > Kostüme & Verkleidungen
Kleidung & Accessoires,Kostüme,3,0.75,6407542,Kleidung & Accessoires > Spezielle Anlässe > Kostüme & Verkleidungen > Kostüme,Kleidung & Accessoires > Spezielle Anlässe > Kostüme & Verkleidungen
Kleidung & Accessoires,Kostüme,3,0.75,6488407,Kleidung & Accessoires > Verkleidungen > Kostüme,Kleidung & Accessoires > Verkleidungen
Kleidung & Accessoires,Boxershorts,3,0.6,6407318,Kleidung & Accessoires > Herren > Unterwäsche > Boxershorts,Kleidung & Accessoires > Herren > Unterwäsche
Kleidung & Accessoires,Boxershorts,3,0.6,6407323,Kleidung & Accessoires > Herrenmode > Unterwäsche > Boxershorts,Kleidung & Accessoires > Herrenmode > Unterwäsche
Kleidung & Accessoires,Boxershorts,3,0.6,6488443,Kleidung & Accessoires > Unterwäsche & Dessous > Unterhosen > Boxershorts,Kleidung & Accessoires > Unterwäsche & Dessous > Unterhosen
Kleidung & Accessoires,Mäntel,3,0.571,6407299,"Kleidung & Accessoires > Damenbekleidung > Jacken, Mäntel & Westen > Mäntel","Kleidung & Accessoires > Damenbekleidung > Jacken, Mäntel & Westen"
Kleidung & Accessoires,Mäntel,3,0.571,6488173,Kleidung & Accessoires > Damenbekleidung > Mäntel,Kleidung & Accessoires > Damenbekleidung
Kleidung & Accessoires,Mäntel,3,0.571,6488307,Kleidung & Accessoires > Herren > Jacken & Mäntel > Mäntel,Kleidung & Accessoires > Herren > Jacken & Mäntel
Kleidung & Accessoires,Jeans,3,0.5,6406947,Kleidung & Accessoires > Damenbekleidung > Jeans,Kleidung & Accessoires > Damenbekleidung
Kleidung & Accessoires,Jeans,3,0.5,6406956,Kleidung & Accessoires > Herrenmode > Jeans,Kleidung & Accessoires > Herrenmode
Kleidung & Accessoires,Jeans,3,0.5,6488364,Kleidung & Accessoires > Hosen > Jeans,Kleidung & Accessoires > Hosen
Kleidung & Accessoires,T-Shirts,3,0.5,6407533,Kleidung & Accessoires > Herren > Herrenmode > Shirts & Hemden > T-Shirts,Kleidung & Accessoires > Herren > Herrenmode > Shirts & Hemden
Kleidung & Accessoires,T-Shirts,3,0.5,6406957,Kleidung & Accessoires > Herrenmode > T-Shirts,Kleidung & Accessoires > Herrenmode
Kleidung & Accessoires,T-Shirts,3,0.5,6488405,Kleidung & Accessoires > Shirts > T-Shirts,Kleidung & Accessoires > Shirts
Sport,Bekleidung,3,0.25,6407421,Sport > Camping & Outdoor > Bekleidung,Sport > Camping & Outdoor
Sport,Bekleidung,3,0.25,6407555,Sport > Fitness & Jogging > Bekleidung,Sport > Fitness & Jogging
Sport,Bekleidung,3,0.25,6407487,Sport > Wintersport > Bekleidung,Sport > Wintersport
Kleidung & Accessoires,Shirts & Hemden,2,0.75,6407530,Kleidung & Accessoires > Herren > Herrenmode > Shirts & Hemden,Kleidung & Accessoires > Herren > Herrenmode
Kleidung & Accessoires,Shirts & Hemden,2,0.75,6488315,Kleidung & Accessoires > Herrenmode > Shirts & Hemden,Kleidung & Accessoires > Herrenmode
Kleidung & Accessoires,Damen-Accessoires,2,0.667,6407525,Kleidung & Accessoires > Damen > Damen-Accessoires,Kleidung & Accessoires > Damen
Kleidung & Accessoires,Damen-Accessoires,2,0.667,6418474,Kleidung & Accessoires > Damen-Accessoires,Kleidung & Accessoires
Kleidung & Accessoires,Damenmode,2,0.667,6467276,Kleidung & Accessoires > Damen > Damenmode,Kleidung & Accessoires > Damen
Kleidung & Accessoires,Damenmode,2,0.667,6406948,Kleidung & Accessoires > Damenmode,Kleidung & Accessoires
Garten & Terrasse,Grillzubehör,2,0.667,6407234,"Garten & Terrasse > Grills, Heizstrahler & Picknick > Grillzubehör","Garten & Terrasse > Grills, Heizstrahler & Picknick"
Garten & Terrasse,Grillzubehör,2,0.667,6406863,"Garten & Terrasse > Grills, Heizstrahler & Picknickzubehör > Grillzubehör","Garten & Terrasse > Grills, Heizstrahler & Picknickzubehör"
Kleidung & Accessoires,Hemden,2,0.667,6488167,Kleidung & Accessoires > Hemden,Kleidung & Accessoires
Kleidung & Accessoires,Hemden,2,0.667,6407319,Kleidung & Accessoires > Herrenmode > Hemden,Kleidung & Accessoires > Herrenmode
Kleidung & Accessoires,Herren-Accessoires,2,0.667,6407307,Kleidung & Accessoires > Herren > Herren-Accessoires,Kleidung & Accessoires > Herren
Kleidung & Accessoires,Herren-Accessoires,2,0.667,6406952,Kleidung & Accessoires > Herren-Accessoires,Kleidung & Accessoires
Kleidung & Accessoires,Herrenmode,2,0.667,6406951,Kleidung & Accessoires > Herren > Herrenmode,Kleidung & Accessoires > Herren
Kleidung & Accessoires,Herrenmode,2,0.667,6406954,Kleidung & Accessoires > Herrenmode,Kleidung & Accessoires
Beauty & Gesundheit,Körperpflege,2,0.667,6407181,Beauty & Gesundheit > Hautpflege > Körperpflege,Beauty & Gesundheit > Hautpflege
Beauty & Gesundheit,Körperpflege,2,0.667,6406660,Beauty & Gesundheit > Körperpflege,Beauty & Gesundheit
Kleidung & Accessoires,Daunenjacken,2,0.6,6407303,Kleidung & Accessoires > Damenmode > Jacken & Mäntel > Daunenjacken,Kleidung & Accessoires > Damenmode > Jacken & Mäntel
Kleidung & Accessoires,Daunenjacken,2,0.6,6488469,Kleidung & Accessoires > Jacken > Daunenjacken,Kleidung & Accessoires > Jacken
Kleidung & Accessoires,Jeansjacken,2,0.6,6488368,Kleidung & Accessoires > Herrenmode > Jacken & Mäntel > Jeansjacken,Kleidung & Accessoires > Herrenmode > Jacken & Mäntel
Kleidung & Accessoires,Jeansjacken,2,0.6,6488388,Kleidung & Accessoires > Jacken > Jeansjacken,Kleidung & Accessoires > Jacken
Kleidung & Accessoires,Langarmshirts,2,0.6,6488471,Kleidung & Accessoires > Herrenmode > Shirts & Hemden > Langarmshirts,Kleidung & Accessoires > Herrenmode > Shirts & Hemden
Kleidung & Accessoires,Langarmshirts,2,0.6,6488445,Kleidung & Accessoires > Shirts > Langarmshirts,Kleidung & Accessoires > Shirts
Heimwerker,Waschtischarmaturen,2,0.6,6407272,Heimwerker > Bad & Küche > Armaturen > Waschtischarmaturen,Heimwerker > Bad & Küche > Armaturen
Heimwerker,Waschtischarmaturen,2,0.6,6407276,Heimwerker > Bad & Küche > Badarmaturen > Waschtischarmaturen,Heimwerker > Bad & Küche > Badarmaturen
Haus & Garten,Duschschläuche,2,0.571,6407521,Haus & Garten > Bad & Küche > Bad > Duschen & Duschzubehör > Duschschläuche,Haus & Garten > Bad & Küche > Bad > Duschen & Duschzubehör
Haus & Garten,Duschschläuche,2,0.571,6407250,Haus & Garten > Badezimmer > Duschen & Duschzubehör > Duschschläuche,Haus & Garten > Badezimmer > Duschen & Duschzubehör
Kleidung & Accessoires,BHs,2,0.5,6407305,Kleidung & Accessoires > Damenmode > Unterwäsche & Nachtwäsche > BHs,Kleidung & Accessoires > Damenmode > Unterwäsche & Nachtwäsche
Kleidung & Accessoires,BHs,2,0.5,6488458,Kleidung & Accessoires > Unterwäsche & Dessous > BHs,Kleidung & Accessoires > Unterwäsche & Dessous
Kleidung & Accessoires,Blazer,2,0.5,6488456,Kleidung & Accessoires > Businesskleidungen > Blazer,Kleidung & Accessoires > Businesskleidungen
Kleidung & Accessoires,Blazer,2,0.5,6488172,Kleidung & Accessoires > Damenbekleidung > Blazer,Kleidung & Accessoires > Damenbekleidung
Küche & Haushalt,Gläser,2,0.5,6406965,Küche & Haushalt > Geschirr & Besteck > Gläser,Küche & Haushalt > Geschirr & Besteck
Küche & Haushalt,Gläser,2,0.5,6406968,Küche & Haushalt > Gläser,Küche & Haushalt
Kleidung & Accessoires,Gürtel,2,0.5,6418475,Kleidung & Accessoires > Damen-Accessoires > Gürtel,Kleidung & Accessoires > Damen-Accessoires
Kleidung & Accessoires,Gürtel,2,0.5,6406953,Kleidung & Accessoires > Herren-Accessoires > Gürtel,Kleidung & Accessoires > Herren-Accessoires
Kleidung & Accessoires,Kostüme & Verkleidungen,2,0.5,6407324,Kleidung & Accessoires > Kostüme & Verkleidungen,Kleidung & Accessoires
Kleidung & Accessoires,Kostüme & Verkleidungen,2,0.5,6407541,Kleidung & Accessoires > Spezielle Anlässe > Kostüme & Verkleidungen,Kleidung & Accessoires > Spezielle Anlässe
Kleidung & Accessoires,Unterwäsche & Nachtwäsche,2,0.5,6488296,Kleidung & Accessoires > Damen > Unterwäsche & Nachtwäsche,Kleidung & Accessoires > Damen
Kleidung & Accessoires,Unterwäsche & Nachtwäsche,2,0.5,6407304,Kleidung & Accessoires > Damenmode > Unterwäsche & Nachtwäsche,Kleidung & Accessoires > Damenmode
Kleidung & Accessoires,Slips,2,0.429,6488294,Kleidung & Accessoires > Damenmode > Unterwäsche & Nachtwäsche > Slips,Kleidung & Accessoires > Damenmode > Unterwäsche & Nachtwäsche
Kleidung & Accessoires,Slips,2,0.429,6488435,Kleidung & Accessoires > Unterwäsche & Dessous > Unterhosen > Slips,Kleidung & Accessoires > Unterwäsche & Dessous > Unterhosen
Haus & Garten,Duschen & Duschzubehör,2,0.4,6407520,Haus & Garten > Bad & Küche > Bad > Duschen & Duschzubehör,Haus & Garten > Bad & Küche > Bad
Haus & Garten,Duschen & Duschzubehör,2,0.4,6407249,Haus & Garten > Badezimmer > Duschen & Duschzubehör,Haus & Garten > Badezimmer
Baby & Kind,Kinderwagen & Zubehör,2,0.4,6467462,Baby & Kind > Babyartikel > Kinderwagen & Babytragen > Kinderwagen & Zubehör,Baby & Kind > Babyartikel > Kinderwagen & Babytragen
Baby & Kind,Kinderwagen & Zubehör,2,0.4,6488165,Baby & Kind > Kinderwagen & Zubehör,Baby & Kind
Kleidung & Accessoires,Pullover,2,0.4,6407301,Kleidung & Accessoires > Damenbekleidung > Pullover & Strickjacken > Pullover,Kleidung & Accessoires > Damenbekleidung > Pullover & Strickjacken
Kleidung & Accessoires,Pullover,2,0.4,6488432,Kleidung & Accessoires > Pullover,Kleidung & Accessoires
Kleidung & Accessoires,Sneaker,2,0.333,6407294,Kleidung & Accessoires > Damen > Damenschuhe > Sneaker,Kleidung & Accessoires > Damen > Damenschuhe
Kleidung & Accessoires,Sneaker,2,0.333,6407315,Kleidung & Accessoires > Herren > Herrenschuhe > Sneaker,Kleidung & Accessoires > Herren > Herrenschuhe
Kleidung & Accessoires,Geldbörsen & Etuis,2,0.286,6407308,Kleidung & Accessoires > Herren > Herren-Accessoires > Geldbörsen & Etuis,Kleidung & Accessoires > Herren > Herren-Accessoires
Kleidung & Accessoires,Geldbörsen & Etuis,2,0.286,6407546,Kleidung & Accessoires > Spezielle Anlässe > Vintage-Mode > Vintage-Accessoires > Geldbörsen & Etuis,Kleidung & Accessoires > Spezielle Anlässe > Vintage-Mode > Vintage-Accessoires
Kleidung & Accessoires,Pullover & Strickjacken,2,0.25,6407300,Kleidung & Accessoires > Damenbekleidung > Pullover & Strickjacken,Kleidung & Accessoires > Damenbekleidung
Kleidung & Accessoires,Pullover & Strickjacken,2,0.25,6407549,Kleidung & Accessoires > Spezielle Anlässe > Vintage-Mode > Vintage-Mode für Herren > Pullover & Strickjacken,Kleidung & Accessoires > Spezielle Anlässe > Vintage-Mode > Vintage-Mode für Herren
Sport,Rucksäcke,2,0.2,6407436,Sport > Camping & Outdoor > Rucksäcke,Sport > Camping & Outdoor
Sport,Rucksäcke,2,0.2,6407080,Sport > Sporttaschen & Rucksäcke > Rucksäcke,Sport > Sporttaschen & Rucksäcke
Sport,Sonstige,2,0.167,6407478,Sport > Weitere Ballsportarten > Tennis > Sonstige,Sport > Weitere Ballsportarten > Tennis
Sport,Sonstige,2,0.167,6407485,Sport > Weiterer Wassersport > Kitesurfen > Sonstige,Sport > Weiterer Wassersport > Kitesurfen
Auto & Motorrad,Außenspiegel,2,0.143,6488236,Auto & Motorrad > Auto-Ersatz- & -Reparaturteile > Karosserie & Exterieur > Außenspiegel,Auto & Motorrad > Auto-Ersatz- & -Reparaturteile > Karosserie & Exterieur
Auto & Motorrad,Außenspiegel,2,0.143,6488328,"Auto & Motorrad > Autoteile & Zubehör > Karosserie-, Anbauteile & Zubehör > Außenspiegel & Teile > Außenspiegel","Auto & Motorrad > Autoteile & Zubehör > Karosserie-, Anbauteile & Zubehör > Außenspiegel & Teile"
Auto & Motorrad,Batterien,2,0,6488252,Auto & Motorrad > Autoteile & Zubehör > Autoelektrik > Batterien,Auto & Motorrad > Autoteile & Zubehör > Autoelektrik
Auto & Motorrad,Batterien,2,0,6488275,Auto & Motorrad > Motorrad- & Rollerteile & -zubehör > Elektrik & Zündungen > Batterien,Auto & Motorrad > Motorrad- & Rollerteile & -zubehör > Elektrik & Zündungen
Auto & Motorrad,Getriebe & Antriebstechnik,2,0,6488260,Auto & Motorrad > Autoteile & Zubehör > Getriebe & Antriebstechnik,Auto & Motorrad > Autoteile & Zubehör
Auto & Motorrad,Getriebe & Antriebstechnik,2,0,6488344,Auto & Motorrad > Motorrad- & Rollerteile & -zubehör > Getriebe & Antriebstechnik,Auto & Motorrad > Motorrad- & Rollerteile & -zubehör
Auto & Motorrad,Luft- & Kraftstoffversorgung,2,0,6488264,Auto & Motorrad > Autoteile & Zubehör > Luft- & Kraftstoffversorgung,Auto & Motorrad > Autoteile & Zubehör
Auto & Motorrad,Luft- & Kraftstoffversorgung,2,0,6470666,"Auto & Motorrad > KFZ-Ersatzteile > Antrieb, Motoren & Getriebe > Luft- & Kraftstoffversorgung","Auto & Motorrad > KFZ-Ersatzteile > Antrieb, Motoren & Getriebe"
Auto & Motorrad,Motoröle,2,0,6407098,Auto & Motorrad > KFZ-Pflege & -Wartung > Motorreinigung & -pflege > Motoröle,Auto & Motorrad > KFZ-Pflege & -Wartung > Motorreinigung & -pflege
Auto & Motorrad,Motoröle,2,0,6406745,Auto & Motorrad > Öle & Flüssigkeiten > Motoröle,Auto & Motorrad > Öle & Flüssigkeiten
Auto & Motorrad,Verkleidungen & Rahmen,2,0,6488350,"Auto & Motorrad > Quad-, SSV- & UTV-Teile & -Zubehör > Verkleidungen & Rahmen","Auto & Motorrad > Quad-, SSV- & UTV-Teile & -Zubehör"
Auto & Motorrad,Verkleidungen & Rahmen,2,0,6488228,Auto & Motorrad > Verkleidungen & Rahmen,Auto & Motorrad
