ID,Name,Kategorie,EAN,SKU,Bestand,Preis,Location,
449821041,Villa Grinario Jersey-Spannbettuch 100/200 Rot,Spannbettlaken,–,SKU-8133187753,2,14.99 EUR,XGA0201C,
449821071,"lululemon The Workout Mat 6mm – rutschfeste Trainings- & Yogamatte, 180 x 66 cm",Yogamatte / Trainingsmatte,144351296,SKU-0172791378,1,98.00 EUR,XGA0202C,
449821110,d-c-fix Energiespar Fensterfolie 90x200cm für optimales Raumklima,Fensterfolien,4007386251480,SKU-9627368343,18,29.99 EUR,XGA0203C,
449821152,Topeak Ratchet Rocket Essential Fahrradwerkzeugset für präzise Reparaturen,Werkzeuge & Tools,4710069708958,SKU-3588671475,1,29.99 EUR,XGA0102C,
449821192,Ninja Plancha-Grillplatte XL – schonendes Garen empfindlicher Speisen,Grillzubehör,–,SKU-7499091535,0,29.99 EUR,–,
449821228,RAVENOL Sägekettenöl S-85 5 l,Sägekettenöl,4014835742154,SKU-9073986145,3,29.95 EUR,XGA0101C,
449821266,Topeak Weatherproof DynaWedge Strap Mount - Large (0.6 L),Satteltasche / Fahrrad-Zubehör,4710069709269,SKU-4996518676,6,25.95 EUR,XGA0102C,
449821333,tillvex Poolschlauch 38mm für klares Poolwasser und effiziente Zirkulation,Schläuche,4260613494504,SKU-4930006198,1,24.79 EUR,XGA0203B,
449821382,Universal Tablet-Bodenständer mit Schwenkarm & Höhenverstellung für alle Tablets,Halter,–,SKU-9603350817,0,20.98 EUR,–,
449821438,"Topeak Bento Pack, Oberrohrtasche 0,85 L (TC2333B)",Fahrradtasche / Oberrohrtasche,–,SKU-0651722148,4,19.99 EUR,XGA0102C,
449821480,"TAN.TOMI Rolltop Rucksack – Flexibel, wasserabweisend & Laptopfach",Rucksäcke & Taschen,4255700108594,SKU-4820097368,19,19.99 EUR,XQGA0101A,
449821521,Blumtal Doppelrollo Klemmfix Lila 85x155cm,Accessoires,4251897512916,SKU-6558668236,2,19.99 EUR,XGA0202D,
449821560,"MSV Handtuchhalter 3-stufig Schwarz, bohrfrei & platzsparend",Badzubehör & -textilien,3700703935148,SKU-9834509499,1,0.00 EUR,XGA0202B,
449821605,Pistolenkoffer mit Schaumstoffeinlage “GLOCK”,Werkzeugkoffer,–,SKU-4561934561,0,15.90 EUR,–,
449821653,Homerella Badewanneneinlage rutschfest sicherer Stand 88x39 cm,Badewannen,–,SKU-5687802687,25,17.99 EUR,XGA0102C,
449821704,Villa Grinario Jersey-Spannbettlaken – Faltenfreier Sitz & optimaler Schlafkomfort,"Bettwaren, -wäsche & Matratzen",2060004998275,SKU-0310087435,3,14.99 EUR,XGA0201C,
449821746,"LEONARDO Swing Krug – Wasserkaraffe aus Glas – 1,2 L",Karaffen & Dekanter,–,SKU-6614383452,0,15.95 EUR,–,
449821792,NEOLYMP Yogamatte 183×61 cm Lime,Yogamatten,4260623660043,SKU-7627745924,0,14.99 EUR,–,
449821837,Villa Grinario Jersey-Spannbettuch 100×200 cm Blau,Bettlaken,–,SKU-4204090012,3,14.99 EUR,XGA0201C,
449821878,Villa Grinario Jersey-Spannbettlaken 100×200 Grau Kiesel,Bettlaken,–,SKU-1230781227,2,14.99 EUR,XGA0201C,
449821915,"WOLTU Sitzhocker mit Stauraum, faltbar, dunkelgrau",Sitzmöbel,–,SKU-6847456474,1,17.95 EUR,XGA0202D,
449821953,bremermann Nudelmaschine Manuell,Haushalt & Küche,4057993570030,SKU-9787450821,1,25.99 EUR,XGA0101C,
449821992,Villa Grinario Spannbettlaken – Fester Sitz & weiche Baumwolle,Bettwäsche,–,SKU-6928779778,1,14.99 EUR,XGA0201C,
449822031,Villa Grinario Jersey-Spannbettlaken 100×200 cm Grün,Bettlaken,–,SKU-8640590578,1,14.99 EUR,XGA0201C,
449822072,Terry Regenschutz Small – Fahrradsattel wasserdicht schützen,Fahrradzubehör,4260012351552,SKU-6603765179,1,7.90 EUR,XGA0102C,—
449822125,Terry Fahrradsattel Exera Gel Herren,Fahrrad,4260477074874,SKU-0785869755,1,75.90 EUR,XGA0102C,
449822177,Philips LED Hallenleuchte 200 W 35 000 lm,Hallenleuchte,8720707001286,SKU-5799111421,3,64.90 EUR,XGA0201E,
449822230,Nidec Sankyo Motorisierter Kartenleser,Automaten,–,SKU-3149269291,1,299.00 EUR,XGA0204B,
449822267,WMF Topf-Set Provence Plus,Gastronomie-Kochgeschirr & Zubehör,4000530650139,SKU-4349960147,0,107.49 EUR,–,
449822362,"FIREFIX Ofenrohr DN 180, 1000 mm, Schwarz",Heimwerker,4017537302565,SKU-6830410442,1,31.90 EUR,XGA0102D,
449822440,Topeak JoeBlow Urban EX Standpumpe,Fahrradzubehör,4710069708088,SKU-7237772440,1,43.85 EUR,XGA0104B,
449822551,IKEA Pendelleuchte mit blendfreiem Licht,Pendel,–,SKU-8310896573,1,104.05 EUR,XGA0201C,
449822625,Handpan – warmer Klang für Meditation & Yoga,Schlaginstrumente,–,SKU-4212491486,0,179.00 EUR,–,
449822721,PROGARDEN Gartenbank wetterfest 2-Sitzer,Gartenbank,–,SKU-2609353370,0,39.99 EUR,–,
449822798,Bellabino Kinderregal Towy Mobil,Kinder,–,SKU-2638580995,1,44.99 EUR,XGA0203E,
449822902,UBRAVOO Kindersitzerhöhung Booster,Kindersitze,–,SKU-0362404564,1,35.99 EUR,XGA0101C,
449822976,Tesvor S7 Pro AES Saug- & Wischroboter,Roboter,6973104880356,SKU-0619911931,0,127.00 EUR,–,
449823072,"BBQ-Toro Gusseisen Wok Ø35,5 cm",Kochen & Backen,4260532291215,SKU-4990478200,0,39.95 EUR,–,
449823156,GUSSKÖNIG Dutch Oven 9 L,Dutch Oven / Feuertopf,4270003118781,SKU-1887574140,0,92.99 EUR,–,
449823262,LLIVEKIT Dual-Zone Heißluftfritteuse 9 L,Heißluftfritteuse,20001500,SKU-3093460977,1,109.99 EUR,XGA0202A,
449823357,Woltu Standregal Weiß,Regale & Aufbewahrung,4063425163489,SKU-3226209432,0,36.99 EUR,–,
449823462,Classic Flyer Hörnerschlitten Davos 110 cm,Schlitten & Bobs,4011739058220,SKU-5633394973,1,89.90 EUR,XGA0204E,
449823557,ADVENTURE Pop-Up Strandmuschel UV 50+,Strandmuscheln,–,SKU-5795572847,1,34.99 EUR,XGA0202B,
449823623,Walser Perma Protect Hagelschutzplane S,Autoabdeckung,1778309730,SKU-2633108165,1,92.95 EUR,XGA0201E,
449823701,Lululemon Yogamatte – Maximaler Halt,Yogamatten,153151148,SKU-4433223955,0,98.00 EUR,–,
449823796,Walser Hagelschutzplane Gr. M,Hagelschutzplane,9001778309747,SKU-9142845763,2,92.95 EUR,XGA0201E,
449823903,Beliani Beistelltisch CAORIA Terrazzo,Möbel & Wohnen,–,SKU-2965430996,1,79.99 EUR,XGA0204D,
449823978,House Nordic Servierwagen Rollwagen,Servierwagen,5713917008889,SKU-9671499764,1,81.99 EUR,XGA0202E,
449824000,Blivrig LED Strahler 300W IP66,LED Strahler,–,SKU-4017783375,2,47.99 EUR,XGA0202D,
449824067,YOLEO Kinderroller 931 mit LED-Rädern,Roller,–,SKU-9820031170,0,39.99 EUR,–,
449824146,Ninja Standmixer 2-in-1 BN750EU,Standmixer,622356240550,SKU-9031958971,0,119.00 EUR,–,
449824232,QKIDS Tretroller Kinder faltbar,Roller,5900495862228,SKU-8747609895,1,49.99 EUR,XGA0101E,
449824370,Aqua Marina SUP Board Breeze Set,Ausrüstung,–,SKU-8605082485,3,224.00 EUR,XGA0104A,
449824580,FUVSHU UV-Matratzenstaubsauger BT-Y02,Staubsauger,–,SKU-8151275535,1,53.24 EUR,XGA0203B,
449824682,Trotec Standventilator TVE 16 S,Haushaltsartikel,4052138013946,SKU-8004480244,1,35.69 EUR,XGA0203E,
449824776,Ninja Foodi MAX Dual Zone AF451EU,Heißluftfritteusen,622356258388,SKU-6544112261,0,144.99 EUR,–,
449824939,IPOZON Stunt-Scooter,Roller,–,SKU-5462953053,0,74.99 EUR,–,
449825163,LEQISMART A11 E-Scooter 20 km/h,E-Scooter,968149516786,SKU-4541440236,0,278.00 EUR,–,
449825443,Tineco Floor One S5 Akku-Hartbodenreiniger,Akku-Hartbodenreiniger,6972200196132,SKU-3046032177,1,239.00 EUR,XGA0202E,
449825783,Brandson Standventilator leise & oszillierend,Elektrische Ventilatoren,4061474039602,SKU-2789683373,1,69.95 EUR,XGA0203E,
449826140,Brandson Tischventilator 30 cm,Stand- & Tischventilatoren,4062861006757,SKU-2621538468,1,29.99 EUR,XGA0202E,
454979099,CampFeuer Campingliege mit Sonnendach,Liegen,4067673005776,SKU-1937479862,1,59.95 EUR,XGA0104E,
458452967,Polo Ralph Lauren Kinder Sneaker Theron V,Sneaker,196382334601,SKU-7680238839,1,50.15 EUR,XGA0302B,
458452983,Cretacolor Pastellkreiden Hart Braun 12er,Pastell,9002592484122,SKU-8035511646,1,22.90 EUR,XGA0204D,
458453008,Paul Green Damen Schnürschuhe,Damenschuhe,10095498867,SKU-8857013241,1,159.90 EUR,XGA0302A,
458453019,Altra Laufschuh Herren Escalante Racer 2,Fitness- & Laufschuhe,197642799963,SKU-5740515403,1,114.90 EUR,XGA0301B,
458453020,New Balance Damen Sneaker 9060 Rosa/Beige,Sneaker,197967813450,SKU-2384804976,0,159.95 EUR,–,
458453023,Skechers Herren Sneaker Street UNO,Sneaker,198739801378,SKU-3132130051,1,58.95 EUR,XGA0301B,
458453024,SETEX Matratzenschoner Noppen 140×200 cm,Matratzenschoner & Auflagen,4038473870772,SKU-8317603092,1,29.99 EUR,XGA0201C,
458453025,Derby Rasierklingen Premium Professional,Herren Rasierklingen,8690885205328,SKU-9428729031,13,169.00 EUR,XGA0104D,
458453027,B423K Toner für Brother,Toner,8718891115599,SKU-5091393302,1,16.40 EUR,XGA0101B,
458453032,Canon Toner 718 Schwarz Original,Toner,4960999628639,SKU-6099130668,2,99.90 EUR,XGA0101B,
458453033,Skechers Golfschuhe Damen GO GOLF MAX-FAIRWAY 3,Golfschuhe,195969554562,SKU-3095199472,1,59.95 EUR,XGA0301B,
458453039,lionelo Laufgitter Willow,Laufgitter,5903771709217,SKU-4264334297,0,74.99 EUR,–,
458453056,Divasya Yoga Yogamatte Profi-Grip,Yoga & Pilates,4262403770898,SKU-4008377248,1,98.00 EUR,XGA0202C,
458453067,Hermès Terre d’Hermès EDT 100ml,Beauty & Gesundheit,3346130009603,SKU-3818412905,4,69.49 EUR,XGA0304C,
458453071,Wera Bit-Satz 61-tlg. Torx,Bit-Sätze,4013288165657,SKU-2566552410,0,23.82 EUR,–,
458453073,CENTA-STAR Bettdecke Royal Classic,Bettdecken,4001969182901,SKU-6586579725,4,299.00 EUR,XGA0301D,
458453376,Leonardo Schalen-Set 5-tlg. Glas,Schalen,4002541666529,SKU-5740939127,1,19.95 EUR,XGA0202C,
458454058,VIDEX Garden Winterschutzhaus PALM-PROTECT,Garten & Terrasse,4007114298916,SKU-2636479706,0,88.99 EUR,–,
458455660,LICO Hallenschuhe Boulder V Kinder,Schuhe,4019335589544,SKU-8245288059,1,22.99 EUR,XGA0302B,
458455688,PLANAM Kinder Outdoorhose NORIT,Bekleidung,4030913982243,SKU-8919591829,1,24.50 EUR,XSGA0103A,
458455710,VCM Aufsatzwaschbecken Keramik,Waschbecken,4051814369841,SKU-6537574821,1,64.99 EUR,XGA0204B,
458456175,Seltmann Weiden Kaffeeservice Lido 18-tlg.,Kochen & Genießen,4052212121253,SKU-2384085318,1,89.00 EUR,XGA0203B,
458456261,Puma Damen Sneaker Smash v2 L,Damenschuhe,4059505053796,SKU-8462375603,1,32.57 EUR,XGA0302A,
458456447,Birkenstock Arizona Herren,Sandalen,4061418025265,SKU-7151143475,1,79.90 EUR,XGA0301B,
458456580,Marco Tozzi Damen Pumps Vegan Gr. 37,Damenschuhe,4064232428991,SKU-7290912165,1,39.99 EUR,XGA0302B,
458456583,adidas Campus 00s Sneaker,Sneaker,4066748539567,SKU-0114729665,1,75.00 EUR,XGA0302A,
458456584,adidas Kinder Sneaker VS Switch 3 CF C,Sneaker,4066755796946,SKU-1419839651,1,29.99 EUR,XGA0301B,
458456585,adidas Damen Sneaker Samba LT W,Damenschuhe,4067888237931,SKU-9146759920,1,70.00 EUR,XGA0302A,
458456586,adidas Herren Sneaker NY 90,Sneaker,4067897661963,SKU-4660262942,1,54.00 EUR,XGA0302A,
458456587,adidas Damen Sneaker SL 72 OG W,Sneaker,4067904005667,SKU-0989494543,1,89.90 EUR,XGA0302A,
458456589,adidas Handball Spezial W Damen,Sneaker,4067904336044,SKU-2391228513,1,91.19 EUR,XGA0302A,
458456590,adidas Samba OG J Kinder,Schuhe,4067904610731,SKU-9804667250,1,79.90 EUR,XGA0302A,
458456592,PUMA Sneaker Road Rider SD,Sneaker,4067983276613,SKU-5722168408,1,66.99 EUR,XGA0302A,
458456593,Puma Court Classico Sneaker,Sneaker,4067983746314,SKU-6673544963,1,54.99 EUR,XGA0302A,
458456653,Glossyautoparts Nockenwelle,Nockenwellen,4071003351342,SKU-2611077541,1,79.99 EUR,XGA0102B,
458456918,Casey Stehleuchte Modern,Stehleuchten,4099983384487,SKU-8380347833,1,329.00 EUR,XGA0103D,
458457459,Police WALDO Leder-Geldbörse Herren,Geldbörsen & Etuis,4260566841011,SKU-0698797502,1,34.95 EUR,XSGA0103B,
458459208,Hodalump Herren Geldbörse RFID,Geldbörsen & Etuis,4260325431309,SKU-2561166298,99,39.95 EUR,XSGA0103B,
458460263,GREELUE Aufbewahrungskörbe 3er Set,Aufbewahrung,4262409580118,SKU-3190070125,0,10.99 EUR,–,
458460825,ASICS EX89 Sneaker Gr. 41.5,Sneaker,4550457733175,SKU-7234186083,1,65.00 EUR,XGA0302B,
458460887,ASICS EX89 Sneaker Gr. 42,Sneaker,4550457733144,SKU-0808524453,0,69.90 EUR,–,
458461774,MSI Mainboard PRO B650M-P,Mainboards,4711377100953,SKU-5869700759,1,111.40 EUR,XGA0103B,
458462471,JURID Bremsbelagsatz – Maximale Sicherheit,Bremsbeläge,3306437238014,SKU-0411747828,1,43.96 EUR,XGA0102B,
458463095,Mountain Guide Herren Wanderschuh Cuando,Wanderschuhe,5054142498336,SKU-5017039989,1,69.95 EUR,XGA0302B,
458463796,Lacoste Sneaker T-Clip Set 224 2 SMA,Sneaker,5059862390069,SKU-4391085581,0,69.00 EUR,–,
458464475,DESKTRONIC Kabelmanagement Set,Kabel,5060826162363,SKU-8835594725,1,26.63 EUR,XGA0103B,
458465245,ARKK Copenhagen Visuklass Leather Sneaker,Sneaker,5712929568831,SKU-0110888325,1,84.00 EUR,XGA0302B,
458466308,Engelbert Strauss Bundhose e.s. motion 2020 Winter,Schutzkleidung,5907455902611,SKU-7961309823,1,89.13 EUR,XSGA0103A,
458466968,Bad-Hochschrank Weiß,Badschrank,6941123909198,SKU-5032047149,1,39.99 EUR,XGA0204C,
458467745,Shelly Smart Switch mit Leistungsmessung,Schalter,3800235261590,SKU-1066852367,0,13.99 EUR,–,
458467756,LEONARDO SWING Trinkgläser Set bunt,Geschirr & Besteck,4002541707024,SKU-4304000683,1,7.50 EUR,XGA0202C,
458468043,HP 305 Original Tintenpatronen Doppelpack,Tintenpatronen,195161166969,SKU-9431798499,0,24.99 EUR,–,
458468329,Hawkers Sonnenbrille Romaj,Sonnenbrillen,8436579110321,SKU-2114384722,1,32.95 EUR,XSGA0103B,
458468368,CMP Kinder Schneestiefel Rae WP,Stiefel,8056381903395,SKU-7543211550,1,47.87 EUR,XGA0301B,
458468605,Desigual Damen Sweatshirt AZRIEL,Sweatshirts & Kapuzenpullover,8445110446065,SKU-8112287411,1,79.95 EUR,XSGA0103A,
458468907,Pepe Jeans Damen Sneaker London W Albal,Sneaker,8445866051810,SKU-9988960743,1,94.99 EUR,XGA0301B,
458468908,Altra Escalante 4 Herren Laufschuh,Laufschuhe,197642799444,SKU-2638568297,1,129.95 EUR,XGA0301B,
458469209,GardenGrill Gas Plancha Challenger III,Luft- & Kraftstoffversorgung,8712024095246,SKU-0982370040,1,119.00 EUR,XGA0103E,
458469510,Lasertoner B423K Schwarz für Brother,Drucker,8718891015547,SKU-2388529978,1,15.20 EUR,XGA0101B,
458469804,Brother B423M Kompatibel Toner Schwarz,"Tinte, Toner & Papier",8718891015578,SKU-7948301538,2,45.99 EUR,XGA0101B,
458470093,Tommy Hilfiger Damen Sneaker Essential Runner,Sneaker,8720637479520,SKU-6307001376,1,75.33 EUR,XGA0301B,
458470102,Cretacolor Harte Graupastelle 12er,Pastell,9002592485129,SKU-2151943751,1,27.92 EUR,XGA0204D,
458470397,Jolly Bleistifte HB 12er Set,Büro & Schreibwaren,9014400001384,SKU-6315915149,35,4.69 EUR,XGA0303A,
458470408,Jolly Superwaxies Aqua Wachsmalstifte,Basteln & Kreativität,9014400035983,SKU-9454243198,7,9.55 EUR,XGA0204D,
458470419,Jolly Füllhalter Superinky Start,Füllhalter & Schreibgeräte,9014400100650,SKU-0403766178,2,11.99 EUR,XGA0204D,
458470423,Jolly Doppelfasermaler Superstars Duo,Basteln & Kreativität,9014400103538,SKU-4069701323,15,17.47 EUR,XGA0204D,
458470425,Jolly Superstars One Fasermaler 12 Farben,Filzstifte,9014400105341,SKU-5658638116,6,7.38 EUR,XGA0204D,
458470427,Jolly Graphit Bleistifte Kinderfest,Schreibwaren,9014400105389,SKU-4679981655,0,6.77 EUR,–,
458470428,Jolly Schulpinsel-Set 6-teilig,Malen & Zeichnen,9014400281687,SKU-5320447988,6,13.29 EUR,XGA0204D,
458470429,JOLLY Tempera Malkasten 14 Farben,Malen & Zeichnen,9014400293437,SKU-6965414859,9,9.90 EUR,XGA0204D,
458470733,Kitchen Sink Einbauspüle Edelstahl,Küche,42033111000765,SKU-7270723982,1,49.99 EUR,XGA0102E,
458472538,Kein & Aber Bilderbuch „Hundert“,Kinder- & Jugendliteratur,9783036957814,SKU-1566313678,1,19.95 EUR,XGA0303C,
458473855,SCM Bilderbuch: Mut & Freundschaft ab 3 Jahren,Kinder- & Jugendliteratur,9783417288889,SKU-1040274599,1,14.95 EUR,XSGA0103A,
458474714,Loewe Kinderbuch Lola Löwenherz,Kinder- & Jugendliteratur,9783785556740,SKU-9289261489,10,5.95 EUR,XGA0303B,
458475277,Oetinger Kinderbuch Madita: Weihnachtsferien,Kinder- & Jugendliteratur,9783789141256,SKU-5729537867,1,4.89 EUR,XGA0303B,
458475940,Disney Kinderbuch: Olaf-Geschichte,Kinderbuch,9783845118116,SKU-9876441475,1,5.99 EUR,XSGA0103A,
458476579,Südpol Verlag Bilderbuch: Freundschaft & Teilen,Bücher,9783965940628,SKU-2841208491,1,14.00 EUR,XSGA0103A,
458477182,JURID Bremsbelagsatz – Optimale Bremsleistung,Bremsbeläge,3306437248600,SKU-3086033338,1,64.77 EUR,XGA0102B,
458477722,db-tronic Raspberry Pi 5 Starter-Set 8GB RAM,–,613192999,SKU-7721659409,0,145.90 EUR,–,
458478956,Fashion Herren Flanellhemd kariert,Freizeithemden,–,SKU-4919757592,1,35.99 EUR,XSGA0103A,
458479465,Upgrade4cars X2 Sitzauflagen Universal,Sitzauflagen,301729237,SKU-3475457190,24,23.60 EUR,XGA0302D,
458494137,JOLLY Füllfederhalter Superinky Start,Füllfederhalter,9014400100650,SKU-9552245537,1,10.90 EUR,XGA0204D,
458496970,Garmin HRM-Dual Herzfrequenzmesser,Herzfrequenzmesser,753759223137,SKU-8689351772,0,59.99 EUR,–,
458497701,NEXTCOVER Faltschloss ART-zertifiziert,Fahrradschlösser,8720648699382,SKU-6427883146,1,39.99 EUR,XSGA0103B,
458503880,TATONKA Handle Mug 600 Campingbecher,Tassen & Becher,4013236948097,SKU-8779940575,1,12.99 EUR,XSGA0103B,
458506064,UnionSine Externe Festplatte 500GB,"Computer, Tablets & Netzwerk",353212066339,SKU-5127373339,1,30.99 EUR,XGA0304B,
458512998,Rohema Drumsticks Premium Holz,Schlaginstrumente,–,SKU-7998641824,2,0.00 EUR,XGA0202C,
458513307,Wera Maul-Ringschlüssel 6003 Joker 6mm,Schraubenschlüssel,4013288218780,SKU-1618101796,1,6.89 EUR,XGA0202C,
458514311,Success Courier Pumpensteuerung DSK-1,Pumpensteuerungen,6431619024,SKU-3963918245,2,45.00 EUR,XGA0101B,
458515360,Jolly Kreidehalter Set,Schulbedarf,9014400124540,SKU-9035689627,2,9.15 EUR,XGA0204D,
458515696,Cretacolor Farbstifte 250er Set,Farbstifte & Zeichenkohle,9014400193201,SKU-5943400007,1,109.99 EUR,XGA0102B,
458516052,Reader’s Digest Sachbuch Weltgeschichte,Sachbuch,9783956195242,SKU-8483173682,1,39.99 EUR,XSGA0103A,
458516641,Biologika Sachbuch Organ Atlas,Sachbuch,9786158181617,SKU-5582443660,1,99.90 EUR,XGA0303C,
458518756,Angela Merkel – Freiheit (signiert),Sachbuch,9783462005134,SKU-5638382329,2,42.00 EUR,XGA0303C,
458519090,Canon Toner 057H Schwarz,Toner,4549292136302,SKU-7892887285,2,128.98 EUR,XGA0101B,
458974880,Engelbert Strauss Herren T-Shirt Anthrazit,Bekleidung,–,SKU-1789286937,1,10.59 EUR,XSGA0103A,
458974924,Lacoste Herren Hoodie SH9623 Gr. M,Hoodie,3666394875564,SKU-0611814591,1,98.00 EUR,XSGA0103A,
458974939,MJCM SARL Sana Tango Chacita Damen Tanzschuhe,Handschuhe & Fäustlinge,–,SKU-9933881904,1,34.90 EUR,XGA0301B,
458974941,molino Bilderbuch Hannelore,Bücher & Zeitschriften,9783982023113,SKU-4743695203,1,17.50 EUR,XGA0303B,
458974947,New Balance 515 ML515AGR Herren Sneaker,Sportschuhe,197967919923,SKU-8197874459,0,135.00 EUR,–,
458974953,New Balance IZ740WM Kinder Sneaker,Kinderschuhe & -boots,–,SKU-8742112863,1,59.99 EUR,XGA0301B,
458974959,Nike Defy All Day Damen Sportschuh,Schuhe,9523709033415,SKU-3992211748,1,49.99 EUR,XGA0301B,
458974961,Nike Zoom Vapor 12 CLY Herren Clay EU 48.5,Sportschuhe,19760256779314,SKU-3213392901,1,109.95 EUR,XGA0302B,
458974976,Puma Damen Sneaker Clyde Palais Artisan,Sneaker,4067983135699,SKU-3368481451,1,119.90 EUR,XGA0302A,
458974981,Puma Herren Golfschuhe Fusion Crush Sport,Schuhe,4099685332441,SKU-9436640030,1,62.00 EUR,XGA0302A,
458975006,Tamaris Slingpumps M2940642 schwarz Gr. 41,Damenschuhe,–,SKU-7800997883,1,39.51 EUR,XGA0301B,
458975013,TPE Yoga Yogamatte Grün,Yogamatten,–,SKU-6148008788,1,29.90 EUR,XGA0202C,
458975017,UGG Tazz Damen Hausschuhe Sand EU 40,Hausschuhe,197634001401,SKU-8064565799,0,129.99 EUR,–,
459736332,Hansgrohe Waschtischarmatur Vernis Blend 100,Bad & Küche,4059625316207,SKU-3734657776,0,61.89 EUR,–,
459737337,Einhell Akku-Bohrschrauber TC-CD 18/35 Li Solo,Elektrowerkzeuge,4006825642452,SKU-0522930788,0,29.99 EUR,–,
459794734,WMF Elektrische Mühle Ceramill,Salz- & Pfeffermühlen,4000530685841,SKU-2152217706,1,64.99 EUR,XGA0102B,
459966535,Mackie HM-4 Kopfhörerverstärker,Verstärker,663961054064,SKU-3622017850,0,32.00 EUR,–,
459967606,McDavid Kniebandage 421 Gr. S,Freizeit,29369421134,SKU-2417212434,1,55.00 EUR,XQGA0101A,
459968749,reviMED Revi Tens TENS-Gerät,Medizinische Geräte,6971763600575,SKU-5946216503,0,69.95 EUR,–,
460089163,Apple Magic Mouse 2,"Tastaturen, Mäuse & Pointing",1657579165751,SKU-0000524938,1,39.00 EUR,XSGA0103B,
462089181,Coffee Cup Automatischer Rührbecher USB,Küchenhelfer,9331521033415,SKU-0871959830,0,15.93 EUR,–,
462089960,wolfcraft Eckzwingen-Set ES 22,Werkzeuge,2230510001022,SKU-0974179694,2,8.65 EUR,XSGA0103B,
462090779,Shure SM58-LCE Gesangsmikrofon,Pro-Audio Equipment,42406071826,SKU-1153910217,1,105.00 EUR,XGA0102C,
462091600,Kaweco Füllfederhalter Set GLOW Yellow,Büro & Schreibwaren,4250278616342,SKU-1181918814,1,33.94 EUR,XSGA0103A,
462092417,Wera Fahrrad Werkzeug-Set 6,Werkzeug,4013288220592,SKU-1612836881,1,89.50 EUR,XGA0103B,
462106216,Derma Pen Germany Microneedling Pen,Beauty & Gesundheit,4065464002256,SKU-2019125675,1,129.00 EUR,XGA0102B,
462106849,Wella Professionals Shampoo empfindliche Kopfhaut,Haarpflege,4064666043425,SKU-1782951292,6,10.95 EUR,XGA0103C,
462109943,HLI Schubladenschienen Vollauszug,Schubladenschienen,6440891157249,SKU-2123165909,6,48.99 EUR,XGA0102D,
462110860,ZWILLING TWIN CHEF Universalmesser 130 mm,Küchenmesser,4009839270970,SKU-1825816304,1,39.95 EUR,XGA0102C,
462138578,ERZEKRIM Ferritkern Set 40-tlg.,Teile,7445038719723,SKU-2804135383,1,26.33 EUR,XGA0102B,
462181513,Longking Selbstklebefliesen Küche & Bad,Fliesen,4915224685061,SKU-4541378818,2,19.99 EUR,XGA0103C,
462181816,HOLMENKOL Oxydstein Ski & Snowboard,Pflege,4014701024414,SKU-3783198734,1,9.99 EUR,XSGA0103B,
462182183,Sony WH-CH720N Over-Ear Kopfhörer,Kopfhörer,7760105020849,SKU-8249181407,1,64.90 EUR,XGA0103B,
462237005,SW-Stahl Ring-Maulschlüssel 38 mm,Schraubenschlüssel,4033592047524,SKU-5780092798,1,22.37 EUR,XGA0102C,
462237006,LOBERON Kräuterschere Magnoux,Gartengeräte,4251887649042,SKU-5037405516,1,12.90 EUR,XGA0102C,
462239023,Cretacolor Artino Zeichenset 10-tlg.,Zubehör,9002592400207,SKU-5392843955,2,25.40 EUR,XGA0204D,
462239039,Tefal Ingenio Induktions-Pfannenset,Töpfe & Pfannen,3168430357914,SKU-5814356347,0,127.94 EUR,–,
462239147,Shure MV6 USB Gaming Mikrofon,Mikrofone,42406863353,SKU-5427858806,1,159.00 EUR,XGA0103B,
462241974,Stahlia Teleskopschienen Vollauszug,Schubladenschienen,4251307247216,SKU-5842899450,1,6.72 EUR,XGA0102B,
462242170,Samsung 870 QVO 1TB SSD,Solid State Drives (SSD),8806090396038,SKU-5598085433,0,124.95 EUR,–,
462245531,GoveeLife Smart Thermo-Hygrometer H5100,Sensoren,6974100521360,SKU-6346907299,1,9.49 EUR,XSGA0103B,
462245701,RHINOWALK Transporttasche 26 Zoll Faltfahrrad,Fahrradzubehör,–,SKU-5674295862,1,99.99 EUR,XGA0103C,
463190152,WMF Kinderbesteck Knuddel 4-tlg.,Kinderbesteck,4000530351531,SKU-0058749943,1,24.99 EUR,XGA0102B,
463191244,STALESET Handtuchhalter Schwarz Matt,Handtuchhalter,20210522000074,SKU-0152828115,1,16.71 EUR,XGA0102C,
463235479,Malossi Multivar 2000 Variator,Getriebe,4250362479310,SKU-0236764953,1,270.10 EUR,XGA0102B,
464035688,Christian Ulbricht Wichtel Figur,Dekoration,4016711018766,SKU-0874304411,0,175.50 EUR,–,
464298782,acamp Hängesessel Schutzhülle Ø110×200 cm,Gartenmöbel,4013556577007,SKU-5410787453,2,59.95 EUR,XQGA0101A,
464298793,acamp Schutzhülle Cappa ovale Tische,Garten & Terrasse,4013556577076,SKU-2724878095,2,39.95 EUR,XQGA0101A,
464298807,acamp Sonnenschirm Schutzhülle bis 400 cm,Sonnenschirmzubehör,4013556577120,SKU-7700165856,11,14.95 EUR,XGA0302E,
464298809,acamp Schutzhülle Cappa Ampelschirm,Sonnenschirmzubehör,4013556577144,SKU-0139597304,4,22.95 EUR,XGA0302E,
464298810,acamp Strandkorb Schutzhülle Cappa,Gartenmöbel,4013556592796,SKU-5928571392,4,59.99 EUR,XGA0302E,
464302815,Latex Handschuhe 10 Stück,Handschuhe,6922738000364,SKU-9041995991,5,29.90 EUR,XGA0302C,
464303135,Latex Handschuhe 6 Stück,Reinigungshandschuhe,6954850111741,SKU-0735099796,21,17.99 EUR,XGA0302C,
464488486,CORSAIR RM1000x Netzteil 1000W,Elektronik & Computer,840006667636,SKU-7473377331,1,201.94 EUR,XGA0103B,
465027644,DUO Collection Chefsessel Tiago XXL,Stühle,4260590714022,SKU-1483282001,0,239.00 EUR,–,
465027960,FITGRIFF Gewichthebergürtel,Gewichthebergürtel,155403040304,SKU-4802639881,1,34.95 EUR,XGA0102B,
465038138,KOENIC Zitruspresse,Entsafter & Saftpressen,4049011166479,SKU-1961998362,1,29.00 EUR,XGA0103B,
465066047,Steambow Bodkinpfeile AR-Serie 6er,Bogenschießen,91120092210987,SKU-3566484007,1,23.98 EUR,XSGA0103A,
465069064,evoTrek Loop Fahrradabschleppsystem,Fahrradanhänger,4270004188707,SKU-4949389854,1,19.99 EUR,XSGA0103B,
465074749,SEEK DISCOMFORT SPARK Kartenspiel,Kartenspiele,196852765508,SKU-4358173575,1,20.00 EUR,XSGA0103B,
465085060,QinnFSIYANG E-Scooter F6,Elektroroller-Zubehör,–,SKU-4846525236,1,238.00 EUR,XGA0101A,
465085102,Lexar DDR4 SO-DIMM 8GB 3200 MHz,"Computer, Tablets & Netzwerk",4895217904977,SKU-4434702791,1,51.67 EUR,XSGA0103B,
465085103,ABUS Iven Chain 7210/110,Fahrrad,4003318877841,SKU-3047799035,1,55.95 EUR,XGA0102B,
465085198,ABUS IVERA Steel-O-Flex 7200,Schlösser,4003318551383,SKU-9335260557,1,44.99 EUR,XGA0102B,
465090922,WALSER Hagelschutzplane Perma Protect S,Auto & Motorrad,9001778309730,SKU-2633108165,1,96.95 EUR,XGA0201E,
465094422,MANN-FILTER Ölfilter HU 720/3 x,Motoren & Motorenteile,4011558327507,SKU-2690684566,1,14.48 EUR,XSGA0103B,
465097958,Beautex Jersey Spannbettlaken 90×200,Bettwäsche,4058473411560,SKU-3210037840,1,13.99 EUR,XGA0201C,
465097988,ROCKBROS Minipumpe Fahrradpumpe,Fahrradteile & -komponenten,6931915757670,SKU-4118229261,1,10.99 EUR,XSGA0103A,
465098523,Dexcom G7 Blutzuckermessgerät,Medizinische Geräte,386270002273,SKU-9912977908,1,148.00 EUR,XGA0101B,
465100094,"Gusskönig Dutch Oven Set 4,5 L",Kochgeschirr,4262448172770,SKU-4488972962,1,84.99 EUR,XGA0201E,
465100160,SONAX Scheinwerfer Aufbereitungsset,Auto & Motorrad,4064700023765,SKU-4607569519,0,49.56 EUR,–,
465103281,Philips OneBlade 360 Ersatzklingen,Herren Rasierklingen,8710103997177,SKU-6369067650,1,40.90 EUR,XSGA0103B,
465103318,DIGITAL REVOLUTION LC422 Gelb,Tintenpatronen,4050297119295,SKU-7245071607,1,15.45 EUR,XSGA0103A,
465103326,Primewire Antennenkabel 15 m,Antennen,4061474124438,SKU-7350795017,1,16.90 EUR,XGA0102B,
465103746,Siemens Entkalkungstabletten 2in1 EQ,Kaffeevollautomaten,4242003870525,SKU-5701110636,0,7.49 EUR,–,
465105281,ONVAYA Verkehrsspiegel 70°,Business & Industrie,4053757472206,SKU-8843412443,1,44.95 EUR,XGA0203B,
465105299,Knirps Taschenschirm AS.050 Navy,Regenschirme,9003034391442,SKU-9564743151,1,29.54 EUR,XSGA0103A,
465105467,KNIPEX Zangenschlüssel 200 mm,Handwerkzeuge,4003773087571,SKU-8236064906,1,20.83 EUR,XSGA0103A,
465107989,Heidelberger Bettwaren Bettdecke Grönland,Bettdecken,4063217299953,SKU-4885995332,1,64.95 EUR,XGA0204A,
465107999,BRITA Wasserfilter-Kartusche P1000,Wasserfilter-Kartuschen,4006387029807,SKU-5978798764,1,44.90 EUR,XGA0201C,
465108003,GEDORE Nusssteckleiste Federstahl,Steckschlüssel,4010886516256,SKU-0963183292,1,5.70 EUR,XGA0202D,
465110466,ToMax TM-LC-223Y Gelb,Tintenpatronen,11805620,SKU-3442148631,1,4.99 EUR,XGA0304A,
465111088,Thule Rucksack Darkest Blue,Rucksäcke & Taschen,85854258548,SKU-1844691476,1,144.45 EUR,XGA0201B,
465111098,Levoit Luftbefeuchter Classic 160,Klimaanlagen & Heizgeräte,810123671069,SKU-1890172110,1,54.69 EUR,XGA0301C,
465111103,Magic: The Gathering Commander Deck Zombies,Sammelkartenspiele / TCG,195166279855,SKU-0922374624,1,34.99 EUR,XGA0202D,
465112797,APS Glas Trinkflasche 1 L,Trinkflaschen,4004133669093,SKU-0200958470,1,5.77 EUR,XGA0202D,
465112806,EURO PART Ablaufschlauch 1.5 m,Haushaltsgeräte,4016417025303,SKU-3586300359,6,12.90 EUR,XGA0303D,
465217812,Walex Porta-Pak Max Fäkalientank-Deo,Camping & Outdoor,–,SKU-1848228084,9,112.81 EUR,XGA0104C,
465217822,Sabeatex Nackenstützkissen,Kopfkissen,633585070122,SKU-8203474346,14,41.90 EUR,XGA0101E,
465217929,Hoover Wasserzulaufschlauch Original,Waschmaschinen- & Trocknerteile,4045516002427,SKU-3178068699,43,7.49 EUR,XGA0104C,
465272140,MFLAX Außenspiegelflagge Deutschland,Zubehör,4009384341071,SKU-2859032659,24,9.49 EUR,XGA0204C,
465272155,europet bernina Trinkbrunnen,Haustierbedarf,4047059413104,SKU-6068074259,1,49.99 EUR,XGA0201B,
465272159,Vileda Wäscheständer King UNimate,Wäscheständer,4023103244009,SKU-9885764249,0,33.74 EUR,–,
465273410,Würth Klingenschaber,Handwerkzeuge,4053479285122,SKU-0534200636,1,11.50 EUR,XGA0304A,
465273421,Lawrence Grey Home Satin Bettwäsche,Bettwäsche,4069092282370,SKU-8382768165,1,38.87 EUR,XGA0201C,
465274650,Near Dark Metallpfeife Screen Prince,Zubehör,4250153617556,SKU-4649569251,1,15.99 EUR,XGA0304A,
465274659,adeo Verlag Kunstkarten-Set Blumen,Karten,4250454729170,SKU-1784585629,1,20.00 EUR,XGA0202D,
465274669,AZANO DESIGNS Katzentreppe 3er Set,Treppen,4262405220148,SKU-2431535372,1,39.00 EUR,XGA0301D,
465275945,Little Witch Nobeta Switch Day One Edition,Konsolen,5060941713129,SKU-1031821522,1,31.84 EUR,XGA0202D,
465275951,Eurofirany Verdunkelungsvorhang Logan,Accessoires,5900811829102,SKU-8404970287,1,14.90 EUR,XGA0201C,
465277230,SodaStream Glaskaraffe 0.7 L,Flaschen,7290006780805,SKU-9905416565,0,12.24 EUR,–,
465277231,SodaStream Crystal 3.0 Wassersprudler,Trinkwassersprudler,7290116742380,SKU-0225495136,1,99.99 EUR,XGA0301D,
465277232,Weleda Tagescreme Anti-Aging,Gesichtspflegegeräte,7611916163227,SKU-1703368789,1,15.79 EUR,XGA0304A,
465278478,LEGAMI MILANO Federmäppchen Kawaii,Schulbedarf,8052694010041,SKU-2801069572,0,11.95 EUR,–,
465278485,Victron Energy Batterieschalter 275A,Elektrik & Zündung,8719076052258,SKU-9132277490,1,35.39 EUR,XGA0304A,
465280616,Cloudpillo Kissen,Kissen,8720828172452,SKU-3692000771,1,55.96 EUR,XGA0201B,
465280624,CECIPA Küchenarmatur Schwarz,Küchenarmaturen,9132580602006,SKU-8036579486,1,39.99 EUR,XGA0204B,
465280625,Fries GmbH Fan Schal,Fanartikel,4009384458304,SKU-4401248629,17,7.99 EUR,XGA0202D,
465281863,Tatonka Campingtopf 4 L Edelstahl,Zubehör,4013236393873,SKU-7209250640,1,46.68 EUR,XGA0104C,
465283074,PAUDIN Santokumesser N5,Küchenmesser,–,SKU-9317337160,1,23.99 EUR,XGA0203B,
465283082,HOLA KIT Reifenreparaturset,Reifenreparatur,–,SKU-9968230318,1,8.99 EUR,XGA0102B,
465283094,Pelikan Farbband Gr. 156 C,Büro & Schreibwaren,1001551550102,SKU-8367978772,3,10.67 EUR,XGA0304B,
465284299,CCLIFE Lambdasonden-Steckschlüssel-Satz,Auto & Motorrad: Teile,4251249417357,SKU-9979752242,1,13.50 EUR,XGA0102B,
462239023,Brevillier’s CRETACOLOR Artino Zeichenset – 10-tlg.,Zubehör,9002592400207,SKU-5392843955,2,25.40 EUR,XGA0204D,
462239039,Tefal Ingenio Induktions-Pfannenset,Töpfe & Pfannen,3168430357914,SKU-5814356347,0,127.94 EUR,–,
462092417,Wera Fahrrad Werkzeug-Set 6,Werkzeug,4013288220592,SKU-1612836881,1,89.50 EUR,XGA0103B,