SKU,DocId,Titel,Brand,Produktart,CurrentCategoryId,CurrentBreadcrumb,CurrentRoot,TargetCategoryBreadcrumb,TargetCategoryId,Notes
SKU-0945605804,4040074122754,MEYLE ATF DCG II Getriebeöl 277026 für Doppelkupplungsgetriebe DCT NEU,MEYLE,Getriebeöl,,"Auto & Motorrad: Teile > Öle, Flüssigkeiten & Additive > Getriebeöle",Auto & Motorrad: Teile,,,category_id_missing
SKU-5748131128,ad08f46f-d233-4c4f-b5c5-bc803ce5018e,FRANKBERG Querlenkersatz CA03211Z-FC für PKW Fahrwerk Stabilität Austausch Neu,FRANKBERG,Querlenkersatz,,Auto & Motorrad: Teile > Auto-Ersatz- & -Reparaturteile > Federung & Lenkung > Querlenker & Teile,Auto & Motorrad: Teile,,,category_id_missing
SKU-9078406333,4040074137246,"MEYLE Filter-Satz 112 330 0003/S für Audi, Seat, Skoda, VW 1.6/2.0 TDI Neu",MEYLE,Filter-Satz,,Auto & Motorrad: Teile > Auto-Ersatz- & -Reparaturteile > Filter > Filter-Sets,Auto & Motorrad: Teile,,,category_id_missing
SKU-3938831828,81715585302754,PandaEar Silikon Baby Esslernset 2er Set Teller Becher Besteck Beige Taupe,PandaEar,Esslernset,,Baby & Kind > Essen & Trinken > Geschirr & Besteck > Esslernbesteck,Baby & Kind,,,category_id_missing
SKU-7447779999,f8fc404d-90b9-408f-a0a5-53038fdbd793,ONLINE Calli.Brush Lettering & Aquareell Set 'Das Leben ist Schön' DIN A5,ONLINE,Kalligrafie-Set,,Basteln & Handarbeiten > Malen & Zeichnen > Kalligrafie & Lettering > Kalligrafie-Sets,Basteln & Handarbeiten,,,category_id_missing
SKU-9003235487,6957303824717,"UGREEN Vertikaler Laptop Ständer LP258 Aluminium für Notebooks bis 15,6 Zoll",UGREEN,Vertikaler Laptop Ständer,,"Computer, Tablets & Netzwerk > Laptop- & Desktop-Zubehör > Laptop-Ständer & -Halter","Computer, Tablets & Netzwerk",,,category_id_missing
SKU-7333529126,8717475102703,TYC Außenspiegel Rechts beheizbar Ford Transit VI (ab 2013) 310-0237 Schwarz,TYC,Außenspiegel,,Fahrzeugteile > Karosserie & Exterieur > Spiegel & Zubehör > Außenspiegel,Fahrzeugteile,,,category_id_missing
SKU-3350934915,b82f2e03-f4e9-4cef-8984-364a6a8cfc8e,"Kibek Gartenstecker Molveno 2201290005 Mattschwarz Metall, Kunststoff Neu",Kibek,Gartenstecker,,Garten & Freizeit > Gartenbeleuchtung > Solarleuchten,Garten & Freizeit,,,category_id_missing
SKU-1536365981,ea75ec18-8ebd-4623-8b72-bdc796af7bfb,Unbekannt Backform Einsatz Schwarz Silikon NEU Airfryer 2er Set Haushalt,Unbekannt,Backform Einsatz,,"Haushalt & Wohnen > Küche, Kochen & Genießen > Küchengeräte > Fritteusen & Heißluftfritteusen Zubehör",Haushalt & Wohnen,,,category_id_missing
SKU-5446097686,2312388888888,"kecoolke Ultraschallreiniger KZ-F3, 3.0L, 120W Ultraschall, 150W Heizung Silber",kecoolke,Ultraschallreiniger,,Haushalt & Wohnen > Reinigung > Ultraschallreiniger,Haushalt & Wohnen,,,category_id_missing
SKU-6469360404,9e35f9b4-5df8-4db7-9dd7-31e4491488ef,Leevitex Jersey Spannbettlaken Gelb 90-100x200-220cm Baumwolle OEKO-TEX Neu,Leevitex,Spannbettlaken,,Heimtextilien > Bettwäsche & Bettwaren > Spannbettlaken,Heimtextilien,,,category_id_missing
SKU-6543182729,8088208802015,H&M HOME Spannbettlaken 140x200 cm Beige Baumwolle Recycelt Fadendichte 144,H&M HOME,Spannbettlaken,,Heimtextilien > Bettwäsche & Bettlaken > Spannbettlaken,Heimtextilien,,,category_id_missing
SKU-5764056320,81717285233178,good morning Flanell Bettwäsche BERNARDUS Kariert Sand 155x220cm Baumwolle,good morning,Bettwäsche-Set,,Heimtextilien & Bettwaren > Bettwäsche,Heimtextilien & Bettwaren,,,category_id_missing
SKU-3050715048,247e01a5-fa99-4b01-be0a-fefbe97a145d,"HASKYY Vielzahn Steckschlüsselsatz XZN CVN-16, 1/2 Zoll, 16-tlg (8-24mm)",HASKYY,Steckschlüsselsatz,,Heimwerker > Handwerkzeuge > Werkzeugsets,Heimwerker,,,category_id_missing
SKU-4973901806,4063541990120,HUGO BOSS Zestart Herren Sweatjacke Beige Gr. 4XL Langarm Reißverschluss,HUGO BOSS,Sweatjacke,,Herrenbekleidung > Sweatshirts & Hoodies,Herrenbekleidung,,,category_id_missing
SKU-8798489036,8719115000028,Calvin Klein Herren Low Rise Trunks Baumwoll-Stretch Mehrfarbig Gr. L U2664-4KU,Calvin Klein,Boxershorts,,Herrenmode > Unterwäsche > Boxershorts,Herrenmode,,,category_id_missing
SKU-6587967689,45005591930000,Calvin Klein Herren Trunks 3er Pack Baumwoll-Stretch Classic Fit Low Rise Gr. L,Calvin Klein,Trunks,,Kleidung & Accessoires > Herrenmode > Unterwäsche > Boxershorts & Trunks,Kleidung & Accessoires,,,category_id_missing
SKU-0716100821,c02f6527-8651-429c-8022-31eb90f6aaaa,"SOMAN Integralhelm A154956/202401/03705 NEU Pink, Schwarz, Lila Gr. S -Zubehör",SOMAN,Integralhelm,,Motorrad-Teile & -Zubehör > Helme & Kopfbedeckungen > Helme,Motorrad-Teile & -Zubehör,,,category_id_missing
SKU-2204782559,f2028097-7287-47f8-b694-d663960758ec,Eternity Commerce LTD Magnetspielzeug Pixel-Stil 150 Teile ab 3 Jahre 2024-1,Eternity Commerce LTD,Magnetspielzeug,,Spielzeug > Baukästen & Konstruktion > Magnetspielzeug,Spielzeug,,,category_id_missing
SKU-9014992269,61cb13b8-ef09-4959-821e-c2d63fcd8038,Anqiyou Fahrrad Rücklicht AQY-0117 LED 400 mAh Akku Universal für Radsport NEU,Anqiyou,Rücklicht,,Sport > Radsport > Fahrradteile & -komponenten > Beleuchtung > Rücklichter,Sport,,,category_id_missing
SKU-3756924465,48fe16c6-bdc6-42f6-862e-fc9eb4962c93,FEDOUR Heizstab HP-608 50W mit Temperaturregler für Süß- & Meerwasser 20-34°C,FEDOUR,Heizstab,,Tierbedarf > Aquaristik > Aquarienheizungen,Tierbedarf,,,category_id_missing
SKU-7225351886,00442039661193,"COZII Hundepool X001Y0BTE9 Blau Gr. 120x30cm PVC, PP NEU Faltbar Tierbedarf",COZII,Hundepool,,Tierbedarf > Hunde > Betten & Möbel > Hundepools,Tierbedarf,,,category_id_missing
SKU-7753504850,30c418b6-000b-47e9-8252-3478b4693cda,PerformaNat Calcium Bolus für Milchkühe | Milchfieber-Prophylaxe | 8x110g | Neu,PerformaNat,Calcium Bolus,,Tierbedarf > Nutztiere > Rinderzubehör > Futterergänzungsmittel,Tierbedarf,,,category_id_missing
SKU-1316800430,8004815313234,"Fiamma Level Up Auffahrkeile 3-stufig rutschfest 5,0t für Wohnmobil Wohnwagen",Fiamma,Nivellierkeil,,Wohnmobil- & Wohnwagenzubehör > Nivellierkeile,Wohnmobil- & Wohnwagenzubehör,,,category_id_missing
SKU-4519918204,5010996282880,Hasbro Marvel X-Men Wolverine Actionfigur Marvel Legends Marvel's Nemesis BAF,Hasbro,Actionfigur,,Actionfigur,Actionfigur,,,category_id_missing|category_text_not_breadcrumb
SKU-7417485934,5055350248140,FOX Edges Kwik Change Pop-Up Gewichte für Karpfenangeln VS-XL Blei NEU CAC518,FOX,Pop-Up Gewichte,,Angeln,Angeln,,,category_id_missing|category_text_not_breadcrumb
SKU-3097738026,4034144003036,EMUK Anhängerspiegel 2-Punkt-Bügel Aluminium für Renault Kadjar Espace Scénic,EMUK,Anhängerspiegel,,Anhängerspiegel,Anhängerspiegel,,,category_id_missing|category_text_not_breadcrumb
SKU-6074840029,4040074266946,"MEYLE Gelenksatz Antriebswelle 100 498 0057, radseitig, ABS-Ring, Schwarz",MEYLE,Gelenksatz,,Antriebswellen & Gelenke,Antriebswellen & Gelenke,,,category_id_missing|category_text_not_breadcrumb
SKU-4603086544,20240129000072,URVOLAX CarPlay Display UR73C 10.26 Zoll NEU Schwarz Drahtloses Auto-Monitore,URVOLAX,CarPlay Display,,Auto-Monitore,Auto-Monitore,,,category_id_missing|category_text_not_breadcrumb
SKU-7200941317,76a7cc4f-9aa4-4149-ad6b-9cc4ef1dc1df,Tesla Sonnenschutz Panorama-Glasdach Schwarz Mesh-Gewebe für Innenraum NEU,Tesla,Sonnenschutz,,Autozubehör,Autozubehör,,,category_id_missing|category_text_not_breadcrumb
SKU-2969022222,849e919f-0898-4df7-8fbb-e141c351cba4,DUNSOO Badteppich rutschfest Wasserabsorbierend Mikrofaser Grau 70x120cm Neu,DUNSOO,Badteppich,,Badematten & Badteppiche,Badematten & Badteppiche,,,category_id_missing|category_text_not_breadcrumb
SKU-8684520981,59151383083624,home24 Beistelltisch MANCHESTER 31x63x63 cm NEU Robustes Design Vielseitig,home24,Beistelltisch,,Beistelltische,Beistelltische,,,category_id_missing|category_text_not_breadcrumb
SKU-4715041854,4005414511612,ESPRIT Bettwäsche-Set CHILL Streifen Blau 155x220 cm Baumwolle Renforcé OEKO-TEX,ESPRIT,Bettwäsche-Set,,Bettwäsche,Bettwäsche,,,category_id_missing|category_text_not_breadcrumb
SKU-8942698934,4251806427775,SCHIESSER Musselin Bettwäsche-Set Unisex Braun 135x200/80x80 cm Baumwolle Neu,SCHIESSER,Bettwäsche-Set,,Bettwäsche,Bettwäsche,,,category_id_missing|category_text_not_breadcrumb
SKU-1466301102,5713487061277,Spring Copenhagen Dekofigur Spot Rehkitz Holz braun handgefertigt von Chresten,Spring Copenhagen,Dekofigur,,Dekofigur,Dekofigur,,,category_id_missing|category_text_not_breadcrumb
SKU-3782469631,5713487061253,Spring Copenhagen Dekofigur Spirit Eichenholz Neu Natur 19x8.3x13cm Chresten,Spring Copenhagen,Dekofigur,,Dekofigur,Dekofigur,,,category_id_missing|category_text_not_breadcrumb
SKU-1803692252,4078500055604,"GARDENA Akku- & Ladegerät-Set 18V 2.5 Ah Starter-Kit PBA 18V/45 Neu, OVP besch.",GARDENA,Akku- & Ladegerät-Set,,Gartengeräte Zubehör,Gartengeräte Zubehör,,,category_id_missing|category_text_not_breadcrumb
SKU-8805500495,8712013813820,Bo-Camp Melamin Geschirrset Mix & Match Blau 16-tlg. 4 Pers. Ø 25.8cm Neu,Bo-Camp,Geschirrset,,Geschirr-Sets,Geschirr-Sets,,,category_id_missing|category_text_not_breadcrumb
SKU-7226847075,4260532290669,"BBQ-Toro Gusseisen Grillpfanne 3,5L für Herd Backofen Grill 42,5x27cm NEU",BBQ-Toro,Grillpfanne,,Grillpfanne,Grillpfanne,,,category_id_missing|category_text_not_breadcrumb
SKU-2064038107,14f93c3a-6902-4da3-8a00-991a13958570,FNTCASE Schutzhülle für Apple iPhone 16 Pro Grau Stoßfest MagSafe-kompatibel NEU,FNTCASE,Schutzhülle,,Handyhüllen,Handyhüllen,,,category_id_missing|category_text_not_breadcrumb
SKU-1747542074,4063544208888,BOSS Herren T-Shirt 3er Pack Classic Crew Neck Regular Fit Bio-Baumwolle Gr. M,BOSS,T-Shirt,,Herren T-Shirts,Herren T-Shirts,,,category_id_missing|category_text_not_breadcrumb
SKU-1892441877,4006094887004,"PEBARO Holzbausatz Ritterburg Burgen & Schlösser für Kinder ab 6 Jahre, 61",PEBARO,Holzbausatz,,Holzbausatz,Holzbausatz,,,category_id_missing|category_text_not_breadcrumb
SKU-3704607179,4013594537810,Goki Murmelbahn Klangkaskade Holzspielzeug Soundeffekte ab 3 Jahre Neu,Goki,Murmelbahn,,Holzspielzeug,Holzspielzeug,,,category_id_missing|category_text_not_breadcrumb
SKU-4252129103,54c1a366-798b-42bf-9014-95729468c623,"purehelp Schuhüberzieher PH-SC-SET100, 500 Stück, Einheitsgröße, Blau, CPE",purehelp,Schuhüberzieher,,Hygieneartikel,Hygieneartikel,,,category_id_missing|category_text_not_breadcrumb
SKU-2522561568,3558380099390,Asmodee Dobble Disney Edition Kartenspiel 2-8 Spieler ab 6 Jahren Deutsch Neu,Asmodee,Kartenspiel,,Kartenspiel,Kartenspiel,,,category_id_missing|category_text_not_breadcrumb
SKU-8921872481,5715335047020,Liewood Pete Drum Kindertrommel Buchenholz MDF Faune Green/Dove Blue Mix ab 12,Liewood,Kindertrommel,,Kinderspielzeug,Kinderspielzeug,,,category_id_missing|category_text_not_breadcrumb
SKU-6216530722,6941057422886,INTEX Luftmatratze Dura-Beam Plus Deluxe Pillow Rest AP620D Grau Vinyl NEU,INTEX,Luftmatratze,,Luftmatratze,Luftmatratze,,,category_id_missing|category_text_not_breadcrumb
SKU-2966583160,4906958001464,YUASA Motorradbatterie passgenau für YTZ10S NEU AGM 12V 9.1Ah 190A CCA,YUASA,Motorradbatterie,,Motorradbatterie,Motorradbatterie,,,category_id_missing|category_text_not_breadcrumb
SKU-9713309170,4260443571086,Best Netzwerkdose LAND001 RJ45 2-fach für Cat5e/Cat6 Aufputz/Unterputz Neu,Best,Netzwerkdose,,Netzwerkdosen,Netzwerkdosen,,,category_id_missing|category_text_not_breadcrumb
SKU-7909541265,4262472110243,Grana Home Bratpfanne Classic Line 24 cm Antihaft Edelstahl Schwarz Neu,Grana Home,Bratpfanne,,Pfanne,Pfanne,,,category_id_missing|category_text_not_breadcrumb
SKU-0135090467,4262427090057,purahelp Warnwesten Set 4x XL Erwachsene + 1x Kind EN ISO 20471 Gelb PH-WW-SET+1,purahelp,Warnwesten Set,,Sicherheit & Pannenhilfe,Sicherheit & Pannenhilfe,,,category_id_missing|category_text_not_breadcrumb
SKU-3023625088,1011190149611,"Hochwertiges 15-tlg Gewindereparaturset M14x1,5 Werkzeugsatz für Reparaturen",Unbekannt,Gewindereparaturset,,Unkategorisiert,Unkategorisiert,,,category_id_missing|category_text_not_breadcrumb
SKU-2633108165,SKU-2633108165,WALSER Hagelschutzplane Perma Protect S | Ultimativer Schutz vor Hagel & Ästen,WALSER,Hagelschutzplane,9800,Auto & Motorrad: Fahrzeuge,Auto & Motorrad: Fahrzeuge,,,category_too_broad|category_text_not_breadcrumb
SKU-4607569519,SKU-4607569519,SONAX Scheinwerfer AufbereitungsSet 04057410 NEU Klare Sicht Sicherheit,SONAX,Scheinwerfer AufbereitungsSet,9800,Auto & Motorrad: Fahrzeuge,Auto & Motorrad: Fahrzeuge,,,category_too_broad|category_text_not_breadcrumb
SKU-9142845763,SKU-9142845763,WALSER Hagelschutzplane Perma Protect M – Premium Schutz vor Hagel & Wetter,WALSER,Hagelschutzplane,9800,Auto & Motorrad: Fahrzeuge,Auto & Motorrad: Fahrzeuge,,,category_too_broad|category_text_not_breadcrumb
SKU-1746174206,5901532626087,Polcar Außenspiegel 3238522E 735480887 Kunststoff Fiat Ducato (2006-2011),Polcar,Außenspiegel,131090,Auto & Motorrad: Teile,Auto & Motorrad: Teile,,,category_too_broad|category_text_not_breadcrumb
SKU-5868736484,3322937241712,TRW Bremsbelagsatz GDB1330 87 Hinterachse NEU Gr. 87 WVA 20960 Ford Skoda,TRW,Bremsbelagsatz,131090,Auto & Motorrad: Teile,Auto & Motorrad: Teile,,,category_too_broad|category_text_not_breadcrumb
SKU-5896801162,3662775243128,KYOTO Motorradbatterie GTX5L-BS SLA 12V 4Ah Wartungsfrei für Motorrad Schwarz,KYOTO,Motorradbatterie,131090,Auto & Motorrad: Teile,Auto & Motorrad: Teile,,,category_too_broad|category_text_not_breadcrumb
SKU-2151943751,SKU-2151943751,Cretacolor Harte Pastellkreiden Grautöne NEU Öl- und wachsfrei Graupastelle,Cretacolor,Harte Pastellkreiden,14339,Bastel- & Künstlerbedarf,Bastel- & Künstlerbedarf,,,category_too_broad|category_text_not_breadcrumb
SKU-2019125675,SKU-2019125675,"Derma Pen Germany Microneedling Pen für straffere, revitalisierte Haut",Derma Pen Germany,,26395,Beauty & Gesundheit,Beauty & Gesundheit,,,category_too_broad|category_text_not_breadcrumb
SKU-2841208491,SKU-2841208491,Olivia Huth: Hilfst du mir? Dann teilen wir! Freundschaft & Teilen ab 3 Jahren,Südpol Verlag Gmbh,Bilderbuch,267,Bücher & Zeitschriften,Bücher & Zeitschriften,,,category_too_broad|category_text_not_breadcrumb
SKU-4743695203,SKU-4743695203,molino Frieder Stöckle – Hannelore: Zauberhaftes Zirkusabenteuer Hardcover NEU,molino,Bilderbuch,267,Bücher & Zeitschriften,Bücher & Zeitschriften,,,category_too_broad|category_text_not_breadcrumb
SKU-8367978772,SKU-8367978772,Pelikan Büro & Schreibwaren 519637 NEU Farbband Gr. 156 Correctable präzise,Pelikan,,9815,Büro & Schreibwaren,Büro & Schreibwaren,,,category_too_broad|category_text_not_breadcrumb
SKU-8843412443,SKU-8843412443,ONVAYA Verkehrsspiegel Schwarz Kunststoff NEU Gr. 31.2 cm 70 Weitwinkel,ONVAYA,Verkehrsspiegel,12576,Business & Industrie,Business & Industrie,,,category_too_broad|category_text_not_breadcrumb
SKU-4434702791,SKU-4434702791,"Lexar Computer, Tablets & Netzwerk LD4AS008G-B3200ASST LD4AS008G-B3200ASST NEU",Lexar,,58058,"Computer, Tablets & Netzwerk","Computer, Tablets & Netzwerk",,,category_too_broad|category_text_not_breadcrumb
SKU-2636479706,SKU-2636479706,VIDEX Garden Winterschutzhaus PALM-PROTECT: Optimaler Frostschutz für Pflanzen,,Winterschutz Frost-Schutzhaus,159912,Garten & Terrasse,Garten & Terrasse,,,category_too_broad|category_text_not_breadcrumb
SKU-2724878095,4013556577076,acamp Schutzhülle 57707 Anthrazit Polyestergewebe NEU Gr. 160 cm Cappa,acamp,Schutzhülle,159912,Garten & Terrasse,Garten & Terrasse,,,category_too_broad|category_text_not_breadcrumb
SKU-3586300359,4016417025303,EURO PART Ablaufschlauch 1.5m - Flexible Verlängerung für Wasch- & Spülmaschinen,EURO PART,Ablaufschlauch,20710,Haushaltsgeräte,Haushaltsgeräte,,,category_too_broad|category_text_not_breadcrumb
SKU-4017783375,SKU-4017783375,Blivrig LED Strahler DQTGD01300W Schwarz Aluminium NEU Fluter IP66 Extrem,Blivrig,LED Strahler,3187,Heimwerker,Heimwerker,,,category_too_broad|category_text_not_breadcrumb
SKU-6830410442,SKU-6830410442,"FIREFIX Ofenrohr DN 180, 1000mm, Senotherm Schwarz für sichere Abführung",,Ofenrohr,3187,Heimwerker,Heimwerker,,,category_too_broad|category_text_not_breadcrumb
SKU-8857013241,SKU-8857013241,Paul Green Schnürschuhe Damen Schwarz Lackleder NEU 2688-00x Zeitlose Eleganz,Paul Green,Schnürschuhe,11450,Kleidung & Accessoires,Kleidung & Accessoires,,,category_too_broad|category_text_not_breadcrumb
SKU-2965430996,SKU-2965430996,Beliani Beistelltisch CAORIA: Eleganter Terrazzo-Blickfang für Innen & Außen,Beliani,Beistelltisch,11700,Möbel & Wohnen,Möbel & Wohnen,,,category_too_broad|category_text_not_breadcrumb
SKU-5329605855,57380a89-b13c-470c-8167-aa51b43eb78e,"Ernie Ball E-Gitarrensaiten Regular Slinky 3221 - Saitenstärke 10-46, 3er-Pack",Ernie Ball,E-Gitarrensaiten,619,Musikinstrumente,Musikinstrumente,,,category_too_broad|category_text_not_breadcrumb
SKU-9272258811,5702017153599,"LEGO Duplo 10965 Badespaß: Schwimmender Tierzug für Kleinkinder ab 1,5 Jahren",LEGO,Badespielzeug,220,Spielzeug,Spielzeug,,,category_too_broad|category_text_not_breadcrumb
