SKU,DocId,Titel,Brand,Produktart,CurrentCategoryId,CurrentBreadcrumb,CurrentRoot,Suggested1Id,Suggested1Breadcrumb,Suggested1Hit,Suggested2Id,Suggested2Breadcrumb,Suggested2Hit,Suggested3Id,Suggested3Breadcrumb,Suggested3Hit,TargetCategoryBreadcrumb,TargetCategoryId,Notes
SKU-1164276787,2024010542503,VEVOR Kompressor Kühlbox 55L -20°C 12V 24V 230V Auto Camping CF55-V2,VEVOR,Kompressor Kühlbox,,Auto & Motorrad > Wohnmobil- & Caravan-Teile & Zubehör > Kühlboxen & Kühlschränke,Auto & Motorrad,180152,Auto & Motorrad: Teile > Werkzeuge > Pumpen & Kompressoren,2,43986,Auto & Motorrad: Teile > Werkzeuge > Druckluftkompressoren,2,133202,Auto & Motorrad: Teile > Auto-Tuning & -Styling > Luftversorgung > Kompressoren,2,,,missing_or_broad
SKU-2748406604,4008177077142,Castrol Motoröl P0186F9-00 5W NEU,Castrol,Motoröl,,Auto & Motorrad > KFZ-Pflege & -Wartung > Motorreinigung & -pflege > Motoröle,Auto & Motorrad,179496,"Auto & Motorrad: Teile > Öl, Pflege- & Schmiermittel > Motoröl",1,,,,,,,,,missing_or_broad
SKU-8650951585,4260527480433,Lyvanas Eiskratzer mit Besen mit maximalem Lackschutz,Lyvanas,Eiskratzer mit Besen,,Auto & Motorrad > Autopf,Auto & Motorrad,118864,Garten & Terrasse > Hand-Gartengeräte & Zubehör > Rechen & Fächerbesen,1,261771,Sport > Weitere Wintersportarten > Curling & Eisstockschießen > Besen & Stöcke,1,259341,Möbel & Wohnen > Haushalt > Putzgeräte > Besen- & Bodenwischer-Zubehör,1,,,missing_or_broad
SKU-0614291176,4036021579191,MANNOL Motoröl 7919 0W 5L NEU,MANNOL,Motoröl,,"Auto & Motorrad: Teile > Öle, Schmier- & Betriebsstoffe > Motoröl",Auto & Motorrad: Teile,179496,"Auto & Motorrad: Teile > Öl, Pflege- & Schmiermittel > Motoröl",1,,,,,,,,,missing_or_broad
SKU-7396058360,4026947097541,BGS technic Motor-Einstellwerkzeug Satz 9754 2.8L 3.6L Silber Blau NEU,BGS technic,Motor-Einstellwerkzeug Satz,,Auto & Motorrad: Teile > Werkzeuge & Werkstattbedarf > Motorwerkzeuge & -geräte > Motor-Einstellwerkzeuge,Auto & Motorrad: Teile,179527,Auto & Motorrad: Teile > Werkzeuge > Handwerkzeuge > Nusssätze,2,262336,"Modellbau > Modellbausätze > Werkzeuge, Zubehör & Motoren > Farben",2,262333,"Modellbau > Modellbausätze > Werkzeuge, Zubehör & Motoren > Motoren",2,,,missing_or_broad
SKU-9400450055,0402019292922,ALKAR Außenspiegel 9202922 Fiat Citroën Peugeot Rechts elektrisch NEU,ALKAR,Außenspiegel,,Auto & Motorrad: Teile > Auto-Ersatz- & -Reparaturteile > Karosserie & Exterieur > Außenspiegel,Auto & Motorrad: Teile,9843,Auto & Motorrad: Fahrzeuge > Automobile > Fiat,1,124139,Spielzeug > Elektrisches Spielzeug > Sudoku,1,2662,Spielzeug > Elektrisches Spielzeug > Roboter,1,,,missing_or_broad
SKU-9129624671,00872299043330,Thule Gepäckträger Chariot Cargo Rack 2 20201512 Schwarz NEU 3kg Traglast,Thule,Gepäckträger,,Baby > Kinderwagen & Zubehör > Kinderwagen-Zubehör,Baby,177836,Sport > Radsport > Fahrradzubehör > Gepäckträger,1,258503,Feinschmecker > Lebensmittel > Cracker & Knäckebrot,1,69965,"TV, Video & Audio > DJ-Equipment > Cases, Racks & Taschen",1,,,missing_or_broad
SKU-2126872416,4063846033713,CYBEX Kindersitz Anoris T i-Size 115cm Deep Black-black NEU,CYBEX,Kindersitz,,Baby & Kind > Kindersitze & Zubehör > Kindersitze,Baby & Kind,25664,Baby > Auto-Kindersitze & Zubehör > Zubehör,1,2987,Baby > Auto-Kindersitze & Zubehör > Sonstige,1,157673,Baby > Zwillinge > Auto-Kindersitze,1,,,missing_or_broad
SKU-4766228789,4011097775111,Hansgrohe Duschthermostat 13156000 296mm Metall Chrom NEU,Hansgrohe,Duschthermostat,,Bad & Sanitär > Armaturen > Duscharmaturen > Duschthermostate,Bad & Sanitär,183183,Bastel- & Künstlerbedarf > Bastelmaterialien > Bastelpapier > Bastel- & Metallicfolie,1,179434,Auto & Motorrad: Teile > Werkzeuge > Autolackierbedarf > Spezielle Lacke & Beschichtung > Thermochromische Lacke,1,,,,,,missing_or_broad
SKU-5700317364,34bb265f-a1ad-4850-a2ec-71bf44c1ad68,Hansgrohe Waschtischmischer 71558000 Messing Chrom NEU,Hansgrohe,Waschtischmischer,,Badarmaturen >,Badarmaturen,179434,Auto & Motorrad: Teile > Werkzeuge > Autolackierbedarf > Spezielle Lacke & Beschichtung > Thermochromische Lacke,1,,,,,,,,,missing_or_broad
SKU-4191907503,4005046205217,UPMANN Revisionsklappe 20521 150x200mm Weiß NEU,UPMANN,Revisionsklappe,,Baumarkt > Bauelemente > Revision,Baumarkt,113913,Beauty & Gesundheit > Mund- & Zahnpflege > Zahnweiß,1,179811,Sport > Fitness & Jogging > Bekleidung > Schweißbänder,1,81625,Sport > Weitere Ballsportarten > Tennis > Schweißbänder,1,,,missing_or_broad
SKU-7569423484,18023030150200,EUROPLAST Revisionsklappe Metall 180x230mm Weiß NEU,EUROPLAST,Revisionsklappe,,Baumarkt > Bauelemente & Treppen > Revisionsklappen,Baumarkt,113913,Beauty & Gesundheit > Mund- & Zahnpflege > Zahnweiß,1,179811,Sport > Fitness & Jogging > Bekleidung > Schweißbänder,1,81625,Sport > Weitere Ballsportarten > Tennis > Schweißbänder,1,,,missing_or_broad
SKU-8192040791,3573994006336,Dexeryl Pflegecreme 18747739 Babys Kinder Erwachsene 500g NEU,Dexeryl,Pflegecreme,,Beauty & Gesundheit > Hautpflege > Körperpflege > Körpercremes & -lotionen,Beauty & Gesundheit,260018,Kleidung & Accessoires > Babys,1,171146,Kleidung & Accessoires > Kinder,1,25945,Spielzeug > Kinderbadespaß > Bälle,1,,,missing_or_broad
SKU-2733489996,4064886306904,Jack Wolfskin Outdoorjacke Gr. 3xL Herren Black Olive NEU,Jack Wolfskin,Outdoorjacke,,Bekleidung > Jacken,Bekleidung,59353,Sport > Fitness & Jogging > Bekleidung > Herren > Jacken & Westen,2,181358,Sport > Camping & Outdoor > Bekleidung > Herren > Jacken & Westen,2,185702,Kleidung & Accessoires > Herren > Herrenmode > Fitnessmode > Sportjacken,2,,,missing_or_broad
SKU-3476455542,2493370000004,NINTH HALL Sweatshirt Gr. M Unisex Baumwollmischung NEU,NINTH HALL,Sweatshirt,,Bekleidung > Herren > Sweatshirts & Hoodies,Bekleidung,155200,Kleidung & Accessoires > Kinder > Unisex für Kinder > Unisex-Mode > Kapuzenpullover & Sweatshirts,2,260986,Kleidung & Accessoires > Kinder > Unisex für Kinder > Unisex-Mode > Fitnessmode > Sport-Kapuzenpullover & -Sweatshirts,2,176985,Musik > Schallplatten,1,,,missing_or_broad
SKU-5526640633,3613379433101,Element Hemden Gr. L Herren Beige NEU,Element,,,Bekleidung > Hemden,Bekleidung,181361,Sport > Camping & Outdoor > Bekleidung > Herren > Hemden,2,185100,Kleidung & Accessoires > Herren > Herrenmode > Shirts & Hemden,2,80967,Kleidung & Accessoires > Herren > Herrenmode > Trachtenmode > Hemden,2,,,missing_or_broad
SKU-6634800828,295c4789-b314-43ba-a18c-274b6ac422ef,Tommy Hilfiger Pullover Gr.xL Herren Baumwolle Kaschmir Dunkelblau NEU,Tommy Hilfiger,Pullover,,Bekleidung > Pullover & Strickwaren,Bekleidung,261502,Sport > Golf > Golfbekleidung > Herren-Golfbekleidung > Pullover,2,11484,Kleidung & Accessoires > Herren > Herrenmode > Pullover & Strick,2,59392,Sport > Fitness & Jogging > Bekleidung > Herren > Sweatshirts & Kapuzenpullover,2,,,missing_or_broad
SKU-7255766247,0198303486543,Abercrombie Fitch T-Shirt Gr. L Herren 100% Baumwolle Mehrfarbig NEU,Abercrombie & Fitch,T-Shirt,,Bekleidung > T-Shirts,Bekleidung,185100,Kleidung & Accessoires > Herren > Herrenmode > Shirts & Hemden,2,15687,Kleidung & Accessoires > Herren > Herrenmode > Shirts & Hemden > T-Shirts,2,181138,Sport > Golf > Golfbekleidung > Herren-Golfbekleidung > Shirts & Tops,2,,,missing_or_broad
SKU-7707703650,4007066272026,SCHIESSER Pyjama Short Gr. M Damen 100% Baumwolle Dunkelblau NEU,SCHIESSER,Pyjama Short,,Bekleidung > Herren > Unterwäsche & Nachtwäsche > Schlafanzüge & Pyjamas,Bekleidung,181150,Sport > Golf > Golfbekleidung > Damen-Golfbekleidung > Shorts,2,11555,Kleidung & Accessoires > Damen > Damenmode > Shorts & Bermudas,2,59307,Sport > Fitness & Jogging > Bekleidung > Damen > Shorts & Radlerhosen,2,,,missing_or_broad
SKU-8073301246,1852315181124,BRUT Clothing REWORK® BARBOUR V5 N° 084 Gr. XL,BRUT Clothing,Jacke,,Bekleidung > Jacken & Mäntel,Bekleidung,16053,Sport > Tauchen > Jackets,1,100147,Sport > Fußball > Bekleidung > Jacken,1,13354,Sport > Bootsport > Bekleidung > Jacken,1,,,missing_or_broad
SKU-3455080661,4007060000236,SCHIESSER Taillenslip Gr. 40 Damen 100% Baumwolle Weiß NEU,SCHIESSER,Taillenslip,,Bekleidung & Accessoires > Damenmode > Unterwäsche & Nachtwäsche > Slips,Bekleidung & Accessoires,260010,Kleidung & Accessoires > Damen,1,11848,Beauty & Gesundheit > Parfums > Damen,1,15724,Kleidung & Accessoires > Damen > Damenmode,1,,,missing_or_broad
SKU-0704619212,25004695020111,Silicon Power SSD SP256GBSS3A55S25 256GB 7mm sata NEU,Silicon Power,SSD,,"Computer, Tablets & Netzwerk > Laufwerke, Speichermedien & Rohlinge > Interne SSDs","Computer, Tablets & Netzwerk",177842,Sport > Radsport > Fahrradelektronik > Power Meters,1,159955,Musikinstrumente > Pro-Audio Equipment > Power Conditioner,1,67262,"Computer, Tablets & Netzwerk > Heimnetzwerke & Zubehör > PowerLAN-Netzwerke",1,,,missing_or_broad
SKU-5749801311,4063544824545,HUGO Blazer Damen Elastan 5% Polyester 64% Viskose 31 NEU,HUGO,Blazer,,Damenbekleidung > Blazer,Damenbekleidung,260010,Kleidung & Accessoires > Damen,1,11848,Beauty & Gesundheit > Parfums > Damen,1,15724,Kleidung & Accessoires > Damen > Damenmode,1,,,missing_or_broad
SKU-0563915773,4061504016139,PENTHOUSE String Open Secret Damen Gr. L/xL Polyamid Schwarz NEU,PENTHOUSE,String,,Damenunterwäsche > String,Damenunterwäsche,63854,"Kleidung & Accessoires > Damen > Damenmode > Unterwäsche > Slips, Strings & Panties",2,179317,"Kleidung & Accessoires > Spezielle Anlässe > Erotik > Damenunterwäsche > Slips, Strings & Pants",2,182054,"Kleidung & Accessoires > Spezielle Anlässe > Vintage-Mode > Vintage-Mode für Damen > Unterwäsche > Slips, Strings & Pants",2,,,missing_or_broad
SKU-8205373469,4061504006000,Penthouse String Ouvert Hot Getaway Damen Gr. L/xL Schwarz NEU,Penthouse,String Ouvert,,Damenunterwäsche > Strings &,Damenunterwäsche,63854,"Kleidung & Accessoires > Damen > Damenmode > Unterwäsche > Slips, Strings & Panties",2,179317,"Kleidung & Accessoires > Spezielle Anlässe > Erotik > Damenunterwäsche > Slips, Strings & Pants",2,182054,"Kleidung & Accessoires > Spezielle Anlässe > Vintage-Mode > Vintage-Mode für Damen > Unterwäsche > Slips, Strings & Pants",2,,,missing_or_broad
SKU-1708759606,4007065867636,SCHIESSER Bustier 174926 Damen Gr. 42 95% Bio-Baumwolle 5% Elasthan Schwarz,SCHIESSER,Bustier,,Damenwäsche & Nachtwäsche > BHs & Bustiers,Damenwäsche & Nachtwäsche,11522,Kleidung & Accessoires > Damen > Damenmode > Unterwäsche > Korsagen & Bustiers,2,260010,Kleidung & Accessoires > Damen,1,11848,Beauty & Gesundheit > Parfums > Damen,1,,,missing_or_broad
SKU-1198160025,4251665310447,AMORELIE Mini-Vibrator Joy Shine 2.1-3.3cm Damen Silikon ABS 3.3cm Grün,AMORELIE,Mini-Vibrator,,Erotikartikel > Vibratoren,Erotikartikel,260010,Kleidung & Accessoires > Damen,1,11848,Beauty & Gesundheit > Parfums > Damen,1,38708,Auto & Motorrad: Fahrzeuge > Automobile > Mini,1,,,missing_or_broad
SKU-0997953441,2021181818184,SKS Germany Fahrrad Kompakt-Werkzeug TOM 18 NEU,SKS Germany,Fahrrad Kompakt-Werkzeug,,Fahrradzubehör > Fahrrad,Fahrradzubehör,177846,Sport > Radsport > Fahrradreparatur & Werkzeug > Werkzeug,2,177848,Sport > Radsport > Fahrradreparatur & Werkzeug > Sonstige,2,177845,Sport > Radsport > Fahrradreparatur & Werkzeug > Flickzeug,2,,,missing_or_broad
SKU-4762036663,1d5b4c7f-5b0b-42ac-a3a4-1ff4ce852794,intelamp Solarleuchte YL005-16A LED Außenleuchte Bewegungsmelder Garten Neu,intelamp,Solarleuchte,,Garten > Solarleuchten,Garten,25863,Garten & Terrasse > Möbel,1,159913,Garten & Terrasse > Sonstige,1,29521,Garten & Terrasse > Bewässern,1,,,missing_or_broad
SKU-5660339205,48093417-f9ef-497f-96a7-e17838a5280f,Enders Holzkohlegrill Mason XL Schwarz Stahl NEU großer Grillfläche Ablagen,Enders,Holzkohlegrill,,Garten > Grills > Holzkohlegrill,Garten,31529,"Computer, Tablets & Netzwerk > Notebook- & Desktop-Zubehör > Diebstahlschutz",1,29985,Foto & Camcorder > Analoge Fotografie > Fotolabor > Vergrößerungsgeräte,1,179819,Sport > Fitness & Jogging > Krafttraining & Gewichte > Hantelablagen & -ständer,1,,,missing_or_broad
SKU-2424861616,43422328612861,RAGNARÖK Gartenmöbel Set S42 Polyrattan NEU Lounge Schwarz inkl. Polster,RAGNARÖK,Gartenmöbel Set,,Garten & Terrasse > Gartenmöbel-Sets,Garten & Terrasse,139849,Garten & Terrasse > Möbel > Loungemöbel & Sitzgruppen,1,33717,Auto & Motorrad: Teile > Autoteile & Zubehör > Beleuchtung > Blinkleuchten,1,20542,Garten & Terrasse > Bewässern > Bewässerungssysteme > Regner & Sprinkler,1,,,missing_or_broad
SKU-3855746092,4055333068964,PARKSIDE Benzin-Rucksack-Kombigerät PBRK 700 A1 1.5kW (2 PS Grün NEU,PARKSIDE,Benzin-Rucksack-Kombigerät,,Garten & Terrasse > Gartengeräte > Motor- & Elektrogeräte > Multifunktionsgeräte,Garten & Terrasse,181378,Sport > Camping & Outdoor > Rucksäcke,1,16081,Reisen > Reisekoffer & -taschen > Rucksäcke,1,26154,Sport > Sporttaschen & Rucksäcke > Sonstige,1,,,missing_or_broad
SKU-5134751391,20221705000003,Intelamp Solar-Außenleuchte Wandmontage 1200 LM MotionSensor Schwarz NEU,Intelamp,Solar-Straßenleuchte,,Garten & Terrasse > Beleuchtung > Solarleuchten,Garten & Terrasse,259283,Heimwerker > Erneuerbare Energie > Solarenergie,1,31772,Beauty & Gesundheit > Sonnenschutz & Solarium,1,31774,Beauty & Gesundheit > Sonnenschutz & Solarium > Sonnenschutz,1,,,missing_or_broad
SKU-7357361636,3f55c3c8-0603-4563-be53-8591b104d26e,ROHO Sitzkissenbezug 61373208013 5cm Schwarz NEU,ROHO,Sitzkissenbezug,,Gesundheit & Schönheit > Mobilität & Alltagshilfen > Rollstuhl-Zubehör > Rollstuhl-Sitzkissen,Gesundheit & Schönheit,36774,Büro & Schreibwaren > Bürotechnik > Kopiergeräte > Analogkopierer (Schwarz-Weiß),1,104431,Büro & Schreibwaren > Bürotechnik > Kopiergeräte > Digitalkopierer (Schwarz-Weiß),1,177903,Sport > Weitere Sportarten > Jagen & Schützensport > Schießstand- & Schützensportausrüstung > Schwarzpulver-Zubehör,1,,,missing_or_broad
SKU-5493501888,4011097314037,Hansgrohe Duschschlauch 28276000 160cm Kunststoff 1.60m Chrom NEU,Hansgrohe,Duschschlauch,,Haus & Garten > Badezimmer > Duschen & Duschzubehör > Duschschläuche,Haus & Garten,147153,"Heimwerker > Bad & Küche > Bad > Duschen, Badewannen & Teile > Duschschläuche",1,183186,Bastel- & Künstlerbedarf > Bastelmaterialien > Organisation & Aufbewahrung > Kunststoffboxen,1,179434,Auto & Motorrad: Teile > Werkzeuge > Autolackierbedarf > Spezielle Lacke & Beschichtung > Thermochromische Lacke,1,,,missing_or_broad
SKU-7745371992,4011097314013,Hansgrohe Brauseschlauch 28272000 125cm Kunststoff Chrom NEU,Hansgrohe,Brauseschlauch,,Haus & Garten > Bad & Küche > Bad > Duschen & Duschzubehör > Duschschläuche,Haus & Garten,183186,Bastel- & Künstlerbedarf > Bastelmaterialien > Organisation & Aufbewahrung > Kunststoffboxen,1,179434,Auto & Motorrad: Teile > Werkzeuge > Autolackierbedarf > Spezielle Lacke & Beschichtung > Thermochromische Lacke,1,,,,,,missing_or_broad
SKU-8243336834,4250518576153,VENDOME Matratzenauflagen Topper 21053 200 Gelschaum 90x200cm 7.5cm NEU,VENDOME,,,Haus & Garten > Möbel > Betten & Matratzen > Matratzenauflagen & Topper,Haus & Garten,175751,"Möbel & Wohnen > Bettwaren, -wäsche & Matratzen > Matratzenauflagen & -Topper",2,36022,Möbel & Wohnen > Dekoration > Deko-Accessoires > Türstopper,1,183260,Bastel- & Künstlerbedarf > Nähen > Verschlüsse > Kordelstopper,1,,,missing_or_broad
SKU-3831935492,4067522073659,CLEANMaxx Polster- Teppichreiniger Doppeltank-System Selbstreinigungsfunktion Easy-Fill Schwarz,CLEANMaxx,Polster- & Teppichreiniger,,Haushalt > Reinigungsgeräte,Haushalt,83044,Sport > Funsport > Gotcha > Air-Systeme & Zubehör > Remotes & Filling Stations,2,179975,Sport > Angelsport > Kleines Angelzubehör > Systeme,1,87125,Sport > Camping & Outdoor > Rucksäcke > Trinksysteme,1,,,missing_or_broad
SKU-4846246443,0250237001502,Quooker CO2-Zylinder Set mit 4 Kartuschen Metall 425g 60L Silber NEU,Quooker,CO2-Zylinder,,"Haushalt > Küche, Kochen & Genießen > Küchengeräte > Sodastream & Wassersprudler Zubehör",Haushalt,33617,Auto & Motorrad: Teile > Autoteile & Zubehör > Motoren & Motorenteile > Zylinderköpfe,1,168798,Heimwerker > Werkzeuge > Handwerkzeuge > Silikon- & Kartuschenpressen,1,180404,Auto & Motorrad: Teile > Auto-Tuning & -Styling > Sport-Getriebe > Kupplungszylinder,1,,,missing_or_broad
SKU-8229761001,3339082c-5066-4322-a318-4b8732a19d83,VEVOR Kompressor Kühlbox 615mm 20 Liter NEU,VEVOR,Kompressor Kühlbox,,Haushalt > Kleine Küchengeräte > Kühlboxen & Mini-Kühlschränke,Haushalt,97093,Modellbau > Auto- & Verkehrsmodelle > Literatur & Kataloge,1,180152,Auto & Motorrad: Teile > Werkzeuge > Pumpen & Kompressoren,1,184653,Heimwerker > Werkzeuge > Druckluftgeräte & Kompressoren > Sonstige,1,,,missing_or_broad
SKU-1736818518,0652ed9b-7af0-4390-809b-ab3ae8a75fdd,Philips Heißluftfritteuse Essential 6.2 Liter 2000 Watt 6.2L 2000W Schwarz,Philips,Heißluftfritteuse,,Haushaltsgeräte > Kleine Küchengeräte > Fritteusen,Haushaltsgeräte,182112,Beauty & Gesundheit > Hautpflege > Wattestäbchen,1,10298,Uhren & Schmuck > Herrenschmuck > Krawattennadeln,1,97093,Modellbau > Auto- & Verkehrsmodelle > Literatur & Kataloge,1,,,missing_or_broad
SKU-8945251431,5025155058336,Dyson Reinigungsset 971440-01 Schwarz NEU,Dyson,Reinigungsset,,Haushaltsgeräte > Staubsauger & Zubehör > Staubsaugerzubehör,Haushaltsgeräte,36774,Büro & Schreibwaren > Bürotechnik > Kopiergeräte > Analogkopierer (Schwarz-Weiß),1,104431,Büro & Schreibwaren > Bürotechnik > Kopiergeräte > Digitalkopierer (Schwarz-Weiß),1,184610,"TV, Video & Audio > TV- & Heim-Audio-Zubehör > Audio-/Video-Medien Reinigung > A/V-Reinigungssets",1,,,missing_or_broad
SKU-5940997361,4059625401927,Hansgrohe Waschtischarmatur 72559000 Messing Chrom NEU,Hansgrohe,Waschtischarmatur,,Heimwerker > Bad & Küche > Armaturen > Waschtischarmaturen,Heimwerker,179434,Auto & Motorrad: Teile > Werkzeuge > Autolackierbedarf > Spezielle Lacke & Beschichtung > Thermochromische Lacke,1,,,,,,,,,missing_or_broad
SKU-6617431534,2640f8be-81e3-4d78-b73c-14f234d26721,WUZECK Flex-Solarmodul 100W 19.8V Monokristallines Silizium NEU,WUZECK,Solarmodul,,Heimwerker > Elektroinstallation > Solarenergie > Solarmodule,Heimwerker,41981,Heimwerker > Erneuerbare Energie > Solarenergie > Solarmodule,1,11720,Foto & Camcorder > Photographica > Alte Kameras > Spiegelreflexkameras,1,42239,"Heimwerker > Schwimmbecken, Saunen & Außenwhirlpools > Schwimmbeckenbedarf > Schwimmbeckenheizungen & Solarmodule",1,,,missing_or_broad
SKU-7824016126,2d3f8a0d-2c5f-4852-a241-8281d55e418a,LADYHOW Handseilzug 1215 Stahl Metallisch/Schwarz NEU,LADYHOW,Handseilzug,,Heimwerker > Werkzeuge > Handwerkzeuge > Seilzüge & Winden,Heimwerker,31529,"Computer, Tablets & Netzwerk > Notebook- & Desktop-Zubehör > Diebstahlschutz",1,78651,Büro & Schreibwaren > Büromöbel > Schränke & Regale > Garderoben- & Stahlspinde,1,104328,Büro & Schreibwaren > Bürotechnik > EDV-Zubehör > PC- & Laptop-Diebstahlschutz,1,,,missing_or_broad
SKU-2312450352,4067266427367,TT. BAGATT Leder Stiefeletten Damen EU 36 Cognac Echtleder NEU,TT. BAGATT,,,Kleidung & Accessoires > Damenschuhe > Stiefel & Stiefeletten,Kleidung & Accessoires,53557,Kleidung & Accessoires > Damen > Damenschuhe > Stiefel & Stiefeletten,2,260010,Kleidung & Accessoires > Damen,1,11848,Beauty & Gesundheit > Parfums > Damen,1,,,missing_or_broad
SKU-3010724612,4063543580763,HUGO BOSS Jeans Gr. 36/32 Herren Schwarz NEU,HUGO BOSS,Jeans,,Kleidung & Accessoires > Herrenmode > Jeans,Kleidung & Accessoires,11483,Kleidung & Accessoires > Herren > Herrenmode > Jeans,2,175773,Kleidung & Accessoires > Spezielle Anlässe > Vintage-Mode > Vintage-Mode für Herren > Jeans,2,260012,Kleidung & Accessoires > Herren,1,,,missing_or_broad
SKU-3067192877,4067266427381,TT. BAGATT Stiefel Stiefeletten D11-AGX33-1100 Damen Leder NEU,TT. BAGATT,,,Kleidung & Accessoires > Damenschuhe > Stiefel & Stiefeletten,Kleidung & Accessoires,53557,Kleidung & Accessoires > Damen > Damenschuhe > Stiefel & Stiefeletten,3,100253,Sport > Reit- & Fahrsport > Reitstiefel & Zubehör > Reitstiefeletten,2,260010,Kleidung & Accessoires > Damen,1,,,missing_or_broad
SKU-3867423041,36f71981-e45d-478a-a80d-4e665f0e3352,Unbekannt BH Damen Synthetikmischung Hautfarben NEU,Unbekannt,BH,,Kleidung & Accessoires > Damenmode > Unterwäsche & Nachtwäsche > BHs,Kleidung & Accessoires,260010,Kleidung & Accessoires > Damen,1,11848,Beauty & Gesundheit > Parfums > Damen,1,15724,Kleidung & Accessoires > Damen > Damenmode,1,,,missing_or_broad
SKU-4026350484,1795362000001,Patagonia T-Shirt Gr. 24 Herren Recycelte Baumwolle Recyceltes Polyester,Patagonia,T-Shirt,,Kleidung & Accessoires > Herrenmode > T-Shirts,Kleidung & Accessoires,185100,Kleidung & Accessoires > Herren > Herrenmode > Shirts & Hemden,2,15687,Kleidung & Accessoires > Herren > Herrenmode > Shirts & Hemden > T-Shirts,2,181138,Sport > Golf > Golfbekleidung > Herren-Golfbekleidung > Shirts & Tops,2,,,missing_or_broad
SKU-5133324860,24196924186507,Patagonia Freizeithemd Gr. L Herren Bio-Baumwolle Salamandergrün NEU,Patagonia,Freizeithemd,,Kleidung & Accessoires > Herrenmode > Hemden > Freizeithemden,Kleidung & Accessoires,57990,Kleidung & Accessoires > Herren > Herrenmode > Shirts & Hemden > Freizeithemden & Shirts,2,175770,Kleidung & Accessoires > Spezielle Anlässe > Vintage-Mode > Vintage-Mode für Herren > Freizeithemden & Shirts,2,260012,Kleidung & Accessoires > Herren,1,,,missing_or_broad
SKU-5359727068,4067266427398,TT. BAGATT Stiefel Stiefeletten D11-AGX33-1100 Leder NEU,TT. BAGATT,,,Kleidung & Accessoires > Damenschuhe > Stiefel & Stiefeletten,Kleidung & Accessoires,100253,Sport > Reit- & Fahrsport > Reitstiefel & Zubehör > Reitstiefeletten,2,53557,Kleidung & Accessoires > Damen > Damenschuhe > Stiefel & Stiefeletten,2,28131,Bastel- & Künstlerbedarf > Lederbearbeitung,1,,,missing_or_broad
SKU-6154185094,4062493735872,Khujo Wintermantel Gr.xxL Erwachsene light moss green NEU,Khujo,Wintermantel,,"Kleidung & Accessoires > Damenbekleidung > Jacken, Mäntel & Westen > Mäntel",Kleidung & Accessoires,26333,Sport > Weitere Sportarten > Dart > Flights,1,22150,Spielzeug > Spiele > Nur für Erwachsene,1,82596,Beauty & Gesundheit > Make-up > Teint > Bronzer & Highlighter,1,,,missing_or_broad
SKU-8701402003,4067266427374,TT. BAGATT Leder Stiefeletten Damen EU 37 Cognac Echtleder NEU,TT. BAGATT,Stiefelette,,Kleidung & Accessoires > Damenschuhe > Stiefel & Stiefeletten,Kleidung & Accessoires,53557,Kleidung & Accessoires > Damen > Damenschuhe > Stiefel & Stiefeletten,3,100253,Sport > Reit- & Fahrsport > Reitstiefel & Zubehör > Reitstiefeletten,2,260010,Kleidung & Accessoires > Damen,1,,,missing_or_broad
SKU-8802720534,4067266427404,TT. BAGATT Stiefel Stiefeletten Gr. 40 Damen D11-AGx33-1100 Leder NEU,TT. BAGATT,,,Kleidung & Accessoires > Damenschuhe > Stiefel & Stiefeletten,Kleidung & Accessoires,53557,Kleidung & Accessoires > Damen > Damenschuhe > Stiefel & Stiefeletten,3,100253,Sport > Reit- & Fahrsport > Reitstiefel & Zubehör > Reitstiefeletten,2,260010,Kleidung & Accessoires > Damen,1,,,missing_or_broad
SKU-8932764822,395730b7-67d0-4880-a770-f85086b71052,Blue Tomato Sweatshirt Gr. L Herren Baumwolle Schwarz NEU,Blue Tomato,Sweatshirt,,Kleidung & Accessoires > Herrenmode > Pullover & Strickwaren > Sweatshirts,Kleidung & Accessoires,59392,Sport > Fitness & Jogging > Bekleidung > Herren > Sweatshirts & Kapuzenpullover,2,155183,Kleidung & Accessoires > Herren > Herrenmode > Fitnessmode > Sport-Kapuzenpullover & -Sweatshirts,2,260012,Kleidung & Accessoires > Herren,1,,,missing_or_broad
SKU-9824375922,4066551928015,Lawrence Grey Daunenjacke Gr. 34 Damen 100% Polyamid Schwarz NEU,Lawrence Grey,Daunenjacke,,Kleidung & Accessoires > Damenmode > Jacken & Mäntel > Daunenjacken,Kleidung & Accessoires,260010,Kleidung & Accessoires > Damen,1,11848,Beauty & Gesundheit > Parfums > Damen,1,15724,Kleidung & Accessoires > Damen > Damenmode,1,,,missing_or_broad
SKU-5144694690,4001807905976,Stratic Trolley Light 39cm 37L Unisex Gr. S Nylon 55cm Mint NEU,Stratic,Trolley,,Koffer & Gepäck > Koffer,Koffer & Gepäck,112661,Beauty & Gesundheit > Parfums > Unisex,1,26333,Sport > Weitere Sportarten > Dart > Flights,1,106460,Sport > Weitere Ballsportarten > Badminton,1,,,missing_or_broad
SKU-3877364215,3219110502725,DELSEY PARIS Trolley Koffer 00 3861820 19 8R 71cm Unisex Himbeere NEU,DELSEY PARIS,Trolley Koffer,,Koffer & Reisegepäck > Koffer,Koffer & Reisegepäck,11236,Reisen > Reisekoffer & -taschen > Reisekoffer & Trolleys,2,127600,"Büro & Schreibwaren > Koffer, Taschen & Accessoires > Pilotenkoffer & Trolleys",2,112661,Beauty & Gesundheit > Parfums > Unisex,1,,,missing_or_broad
SKU-1468228360,4917616740531,SPOOK TACULAR CREATIONS Kostüm Kinder Grau NEU,SPOOK TACULAR CREATIONS,Kostüm,,Kostüme & Verkleidungen > Kinderkostüme,Kostüme & Verkleidungen,90635,Kleidung & Accessoires > Spezielle Anlässe > Kostüme & Verkleidungen > Kostüme > Baby- & Kleinkinderkostüme,2,171146,Kleidung & Accessoires > Kinder,1,52352,Haustierbedarf > Hunde > Kostüme,1,,,missing_or_broad
SKU-8223313532,5020570328828,Smiffys Clown Kostüm Set Gr. M Damen Mehrfarbig NEU,Smiffys,Clown Kostüm Set,,Kostüme & Verkleidungen > Damen-Kostüme,Kostüme & Verkleidungen,179321,Kleidung & Accessoires > Spezielle Anlässe > Erotik > Kostüme für Damen,2,53369,Kleidung & Accessoires > Spezielle Anlässe > Kostüme & Verkleidungen > Kostüme > Damenkostüme,2,260010,Kleidung & Accessoires > Damen,1,,,missing_or_broad
SKU-0789448642,1bdce1f7-aa59-4b85-a9a8-3488141ae012,Kalahari Wassergläser Set 2195173 8.5cm Glas 300ml Mehrfarbig NEU,Kalahari,Wassergläser Set,,Küche & Haushalt > Geschirr & Besteck > Gläser,Küche & Haushalt,178894,"TV, Video & Audio > Smart Glasses",1,162044,Foto & Camcorder > Teleskope & Ferngläser > Sonstige,1,28179,Foto & Camcorder > Teleskope & Ferngläser,1,,,missing_or_broad
SKU-2879742273,4025457166471,kela Heißer Stein 16647 24cm 24x16cm NEU,kela,Heißer Stein,,Küche & Haushalt > Kochgeschirr,Küche & Haushalt,67661,Beauty & Gesundheit > Massage > Massagesteine,1,149102,Haustierbedarf > Reptilien > Heizung > Heizsteine,1,10285,Uhren & Schmuck > Lose Diamanten & Edelsteine > Zirkonia,1,,,missing_or_broad
SKU-5207774112,4260281755686,Lana Waschbeckenunterschrank B014082/001528 Weiß Holzwerkstoff NEU Gr. 66 cm,Lana,Waschbeckenunterschrank,,Möbel > Badmöbel > Waschbeckenunterschränke,Möbel,113913,Beauty & Gesundheit > Mund- & Zahnpflege > Zahnweiß,1,180970,Heimwerker > Baustoffe & Holz > Holz & Holzwerkstoffe > Bauholz,1,179811,Sport > Fitness & Jogging > Bekleidung > Schweißbänder,1,,,missing_or_broad
SKU-4883385910,2f144eb7-126a-43ac-90cc-c6dbf899a7d6,ZARA HOME Couchtisch 9273/072/700/99 46x70x60cm Erwachsene Mangoholz Braun,ZARA HOME,Couchtisch,,Möbel & Wohnen > Tische > Couchtische,Möbel & Wohnen,22150,Spielzeug > Spiele > Nur für Erwachsene,1,31773,Beauty & Gesundheit > Sonnenschutz & Solarium > Selbstbräuner,1,185044,Möbel & Wohnen > Beleuchtung > Smart Home-Beleuchtungen,1,,,missing_or_broad
SKU-7538503265,00174600185032,COM40 Limited sp Ersatz-Sitzkissen C22/S02 C001746 Möbelzubehör Textil NEU,COM40 Limited sp,Ersatz-Sitzkissen,,Möbel & Wohnen > Möbel > Stühle > Stuhlkissen & Auflagen,Möbel & Wohnen,34386,Möbel & Wohnen > Möbel > Möbelzubehör,1,121634,Baby > Kinderwagen & Zubehör > Ersatzteile,1,260552,Heimwerker > Sicherheitstechnik > Ersatzteile,1,,,missing_or_broad
SKU-2603681659,4064464829931,Pier One UNISEx Weekender Schwarz Gr. Size Polyurethan P1954H033-Q110ONE000,Pier One,Weekender,,Mode & Accessoires > Taschen > Reisetaschen & Weekender,Mode & Accessoires,36774,Büro & Schreibwaren > Bürotechnik > Kopiergeräte > Analogkopierer (Schwarz-Weiß),2,104431,Büro & Schreibwaren > Bürotechnik > Kopiergeräte > Digitalkopierer (Schwarz-Weiß),2,112661,Beauty & Gesundheit > Parfums > Unisex,1,,,missing_or_broad
SKU-0279594894,0814914026519,Patriot Solid State Drive P300P256GM28 256GB m.2 pcie NEU,Patriot,Solid State Drive,,PC Hardware > Solid State Drives,PC Hardware,175669,"Computer, Tablets & Netzwerk > Laufwerke & Speichermedien > Festplatten (HDD, SSD & NAS) > Solid State Drives (SSD)",3,115947,"Heimwerker > Heizen, Klima & Sanitär > Raum- & Heizkörperthermostate",1,33603,Auto & Motorrad: Teile > Autoteile & Zubehör > Motorkühlung > Thermostate & Gehäuse,1,,,missing_or_broad
SKU-8242720178,4001807906881,STRATIC Hartschalenkoffer Straw 65cm Unisex Gr. M Hartschale Rosa NEU,STRATIC,Hartschalenkoffer,,Reisegepäck > Koffer & Trolleys > Koffer,Reisegepäck,112661,Beauty & Gesundheit > Parfums > Unisex,1,260017,Kleidung & Accessoires > Kinder > Unisex für Kinder,1,178077,Sport > Radsport > Fahrradschuhe & Überschuhe > Unisex-Schuhe,1,,,missing_or_broad
SKU-1479525764,4067266427411,TT. BAGATT Leder Stiefeletten Damen EU 41 Cognac Echtleder NEU,TT. BAGATT,,,Schuhe > Damen > Stiefel & Stiefeletten,Schuhe,53557,Kleidung & Accessoires > Damen > Damenschuhe > Stiefel & Stiefeletten,2,260010,Kleidung & Accessoires > Damen,1,11848,Beauty & Gesundheit > Parfums > Damen,1,,,missing_or_broad
SKU-4832582390,4001690500234,BENT Markisen-Zubehör 50023 250cm Gewebe 250x10cm Dunkelblau NEU,BENT,,,Sport > Camping & Outdoor > Markisen & Vorzelte > Markisen-Zubehör,Sport,28813,Spielzeug > Playmobil > Abenteuer,1,28817,Spielzeug > Playmobil > Abenteuer > Space,1,52184,Spielzeug > Playmobil > Abenteuer > Magic,1,,,missing_or_broad
SKU-1377750386,4260755120385,Valuents Camping Teppich CampCarp-250-350 Outdoor Vorzeltteppich 250x350 cm NEU,Valuents,Campingteppich,,Sport & Freizeit > Camping & Outdoor > Zelte & Zubehör > Zeltteppiche,Sport & Freizeit,16034,Sport > Camping & Outdoor,2,75232,Sport > Camping & Outdoor > Werkzeuge,2,181378,Sport > Camping & Outdoor > Rucksäcke,2,,,missing_or_broad
SKU-2139913486,4013361212134,KHW Wintersport Lenkschlitten Snow Flyer Pink 99x52 cm max. 88kg,KHW,Lenkschlitten,,Sport & Freizeit > Wintersport > Schlitten,Sport & Freizeit,36260,Sport > Wintersport > Bekleidung > Ski- & Snowboardhelme,2,260707,"Sport > Wintersport > Skifahren, Snowboarden & Schneeschuhwandern > Skier",2,260710,"Sport > Wintersport > Skifahren, Snowboarden & Schneeschuhwandern > Zubehör",2,,,missing_or_broad
SKU-2433624992,4260716810041,LionSports Mobiles Sportnetz Profi 4m Freizeitspieler Familien Kunststoff,LionSports,Mobiles Sportnetz,,Sportartikel > Badminton > Netze,Sportartikel,176992,Beauty & Gesundheit > Familienplanung & Erotik,1,176993,Beauty & Gesundheit > Familienplanung & Erotik > Hilfsmittel,1,176995,Beauty & Gesundheit > Familienplanung & Erotik > Gleitmittel,1,,,missing_or_broad
SKU-4747629782,0840353901100,Fitbit Fitness-Tracker GA05184-EU gps Coral Champagne Gold NEU,Fitbit,Fitness-Tracker,,Sportelektronik > Fitness-Tracker,Sportelektronik,179798,Sport > Fitness & Jogging > Sportelektronik > Aktivitätstracker,2,15273,Sport > Fitness & Jogging,1,13362,Sport > Fitness & Jogging > Sonstige,1,,,missing_or_broad
SKU-2454152281,5050192020075,H M HOME Wandspiegel 0975688 19mm 500mm Schwarz NEU,H&M HOME,Wandspiegel,,Wohnen & Einrichten > Spiegel,Wohnen & Einrichten,185044,Möbel & Wohnen > Beleuchtung > Smart Home-Beleuchtungen,1,185068,"TV, Video & Audio > Smart Speakers, Hubs & Zubehör > Smart-Home-Hubs",1,260302,"TV, Video & Audio > Smart Speakers, Hubs & Zubehör > Smart Home Hub-Teile",1,,,missing_or_broad
SKU-9078406333,4040074137246,Meyle Filter-Satz 112 330 0003/S für AUDI SEAT SKODA VW,Meyle,Inspektionspaket,174087,Auto & Motorrad: Teile > Autoteile & Zubehör > Motoren & Motorenteile > Inspektionspakete & -kits,Auto & Motorrad: Teile,80390,Foto & Camcorder > Objektive & Filter > Vorsatzobjektive,2,163769,"TV, Video & Audio > Tragbare Geräte & Kopfhörer > Ersatzteile & Werkzeuge",2,71583,"TV, Video & Audio > DVD, Blu-ray & Heimkino > Beamer-Ersatzlampen & -teile",2,,,root_mismatch
