category_id;breadcrumb;count
15709;Kleidung & Accessoires > Herren > Herrenschuhe > Sneaker;7
37644;Möbel & Wohnen > Bettwaren, -wäsche & Matratzen > Bettwäsche;6
33564;Auto & Motorrad: Teile > Autoteile & Zubehör > Bremsen & Bremsenteile > Bremsscheiben;5
3034;Kleidung & Accessoires > Damen > Damenschuhe;5
20460;Möbel & Wohnen > Bettwaren, -wäsche & Matratzen > Bettlaken;5
179496;Auto & Motorrad: Teile > Öl, Pflege- & Schmiermittel > Motoröl;4
15480;Baby > Bücher & Zeitschriften > Bücher;4
53557;Kleidung & Accessoires > Damen > Damenschuhe > Stiefel & Stiefeletten;4
2994;Kleidung & Accessoires > Herren > Herren-Accessoires > Handschuhe & Fäustlinge;4
57357;Auto & Motorrad: Teile > Autoteile & Zubehör > Bremsen & Bremsenteile > Bremsbeläge;3
170141;Auto & Motorrad: Teile > Autoteile & Zubehör > Federung & Lenkung > Radlager, -naben & Buchsen;3
11195;Computer, Tablets & Netzwerk > Drucker, Scanner & Zubehör > Tinte, Toner & Papier;3
16191;Computer, Tablets & Netzwerk > Drucker, Scanner & Zubehör > Tinte, Toner & Papier > Tintenpatronen;3
177031;Garten & Terrasse > Möbel > Möbelschutzhüllen;3
185101;Kleidung & Accessoires > Herren > Herrenmode > Shirts & Hemden > Poloshirts;3
15687;Kleidung & Accessoires > Herren > Herrenmode > Shirts & Hemden > T-Shirts;3
387;Spielzeug > Bären, -kleidung & Zubehör > Bärenkleidung & Accessoires;3
238;Spielzeug > Puppen & Zubehör;3
177832;Sport > Radsport > Fahrradzubehör;3
262161;Auto & Motorrad: Teile > Autoteile & Zubehör > Karosserie-, Anbauteile & Zubehör > Außenspiegel & Teile > Außenspiegel;2
33612;Auto & Motorrad: Teile > Autoteile & Zubehör > Motoren & Motorenteile;2
49782;Auto & Motorrad: Teile > Motorrad- & Rollerteile & -zubehör > Elektrik & Zündungen > Batterien;2
28107;Bastel- & Künstlerbedarf > Künstler- & Zeichenbedarf > Zeichnen > Pastell;2
261011;Garten & Terrasse > Gartenbauten & Sonnenschutz > Sonnenschirmzubehör;2
29518;Garten & Terrasse > Motor-Gartengeräte & -zubehör;2
184665;Haushaltsgeräte > Kaffee-, Tee- & Espressomaschinen > Filter-Kaffeemaschinen;2
20612;Haushaltsgeräte > Klimaanlagen & Heizgeräte > Ventilatoren & Luftbehandlung > Stand- & Tischventilatoren;2
134642;Heimwerker > Schrankbeschläge & -teile > Schubladenschienen;2
50382;Heimwerker > Werkzeuge > Elektrowerkzeug- & Druckluftgerät-Zubehör > Bohrer-Bits;2
95672;Kleidung & Accessoires > Damen > Damenschuhe > Sneaker;2
2996;Kleidung & Accessoires > Herren > Herren-Accessoires > Geldbörsen & Etuis;2
11484;Kleidung & Accessoires > Herren > Herrenmode > Pullover & Strick;2
259347;Möbel & Wohnen > Haushalt > Putzgeräte > Reinigungshandschuhe;2
66728;Möbel & Wohnen > Kindermöbel & Wohnen > Bettwaren & -wäsche > Bettdecken;2
177005;Möbel & Wohnen > Kochen & Genießen > Küchenmesser;2
120;Spielzeug > Basteln & Kreativität;2
158916;Sport > Fitness & Jogging > Fitness- & Laufschuhe;2
158928;Sport > Fitness & Jogging > Yoga & Pilates > Yogamatten;2
85040;Sport > Radsport > Fahrradzubehör > Fahrradanhänger;2
179452;Auto & Motorrad: Teile > Auto-Anbau- & -Zubehörteile > Autopflege & Aufbereitung > Eiskratzer & Schneebürste;1
108782;Auto & Motorrad: Teile > Auto-Anbau- & -Zubehörteile > Autopflege & Aufbereitung > Lufterfrischer;1
180407;Auto & Motorrad: Teile > Auto-Tuning & -Styling > Sport-Getriebe > Antriebswellen;1
180391;Auto & Motorrad: Teile > Auto-Tuning & -Styling > Sportfederung > Domlager;1
122188;Auto & Motorrad: Teile > Autoelektronik, GPS & Sicherheitstechnik > Autoentertainment > Auto DVD Player;1
174119;Auto & Motorrad: Teile > Autoelektronik, GPS & Sicherheitstechnik > Autoentertainment > Autoradios;1
177699;Auto & Motorrad: Teile > Autoteile & Zubehör > Autoelektrik > Anlasser;1
179846;Auto & Motorrad: Teile > Autoteile & Zubehör > Autoelektrik > Batterien;1
33579;Auto & Motorrad: Teile > Autoteile & Zubehör > Federung & Lenkung;1
174093;Auto & Motorrad: Teile > Autoteile & Zubehör > Federung & Lenkung > Lenksäulen;1
262228;Auto & Motorrad: Teile > Autoteile & Zubehör > Federung & Lenkung > Stoßdämpfer- & Federbeinhalterungen;1
33729;Auto & Motorrad: Teile > Autoteile & Zubehör > Getriebe & Antriebstechnik > Antriebswellengelenke, Achsmanschetten & Teile;1
33694;Auto & Motorrad: Teile > Autoteile & Zubehör > Innenausstattung;1
262204;Auto & Motorrad: Teile > Autoteile & Zubehör > Innenausstattung > Sonnen- & Sichtschutze;1
50457;Auto & Motorrad: Teile > Autoteile & Zubehör > Karosserie-, Anbauteile & Zubehör > Schutzvorrichtungen & Schmutzfänger > Weitere Schutzvorrichtungen & Protektoren;1
33665;Auto & Motorrad: Teile > Autoteile & Zubehör > Motoren & Motorenteile > Dichtungen & Montageteile > Dichtungen & Dichtungsringe;1
262128;Auto & Motorrad: Teile > Autoteile & Zubehör > Motoren & Motorenteile > Dichtungen & Montageteile > Dichtungssätze;1
174087;Auto & Motorrad: Teile > Autoteile & Zubehör > Motoren & Motorenteile > Inspektionspakete & -kits;1
33614;Auto & Motorrad: Teile > Autoteile & Zubehör > Motoren & Motorenteile > Ventilsteuerungsteile > Nockenwellen;1
33661;Auto & Motorrad: Teile > Autoteile & Zubehör > Motoren & Motorenteile > Ölfilter;1
174030;Auto & Motorrad: Teile > Autoteile & Zubehör > Motorkühlung > Ausgleichsbehälter;1
177075;Auto & Motorrad: Teile > Kleidung, Schutzausrüstung & Merchandise > Helme & Zubehör;1
177076;Auto & Motorrad: Teile > Kleidung, Schutzausrüstung & Merchandise > Helme & Zubehör > Motorrad- & Motorsporthelme;1
180031;Auto & Motorrad: Teile > Motorrad- & Rollerteile & -zubehör > Getriebe & Antriebstechnik > Endantriebsriemen & -ketten & Zahnriemensätze > Endantriebsriemen & -ketten;1
180032;Auto & Motorrad: Teile > Motorrad- & Rollerteile & -zubehör > Getriebe & Antriebstechnik > Endantriebsriemen & -ketten & Zahnriemensätze > Primärzahnriemen & -ketten;1
263094;Auto & Motorrad: Teile > Motorrad- & Rollerteile & -zubehör > Spiegel;1
178934;Auto & Motorrad: Teile > Quad-, SSV- & UTV-Teile & -Zubehör > Ansaug- & Kraftstoffsysteme;1
19456;Auto & Motorrad: Teile > Spezielle Fahrzeug-Teile > Pkw-Anhänger Ersatzteile > Stützen & Keile;1
179466;Auto & Motorrad: Teile > Werkzeuge > Reparatur-Sets & Teile > Reifenreparatur;1
179501;Auto & Motorrad: Teile > Öl, Pflege- & Schmiermittel > Automatikgetriebeöl;1
25668;Baby > Auto-Kindersitze & Zubehör;1
162041;Baby > Bettausstattung > Matratzenschoner & -auflagen;1
157325;Baby > Ernährung > Kindergeschirr & -besteck;1
117385;Baby > Ernährung > Kindergeschirr & -besteck > Kinderbesteck;1
66698;Baby > Kinderwagen & Zubehör;1
180916;Baby > Kinderwagen & Zubehör > Kinderwagenzubehör > Sitzauflagen;1
23609;Baby > Spielzeug > Badespielzeug;1
22449;Baby > Spielzeug > Holzspielzeug;1
28113;Bastel- & Künstlerbedarf > Künstler- & Zeichenbedarf > Malen > Aquarell;1
28108;Bastel- & Künstlerbedarf > Künstler- & Zeichenbedarf > Zeichnen > Farbstifte & Zeichenkohle;1
47931;Beauty & Gesundheit > Enthaarung & Rasur > Rasierer & Rasierklingen > Herren Rasierklingen;1
11854;Beauty & Gesundheit > Haarpflege & Haarstyling;1
11863;Beauty & Gesundheit > Hautpflege;1
33164;Beauty & Gesundheit > Hautpflege > Anti-Faltenprodukte;1
36440;Beauty & Gesundheit > Hilfsmittel > Alltagshilfen > Inkontinenzhilfen;1
180501;Beauty & Gesundheit > Medikamente von Apothekern > Tiergesundheit;1
180953;Beauty & Gesundheit > Pflege- & Medizinischer Bedarf > Kälte- & Wärmetherapie > Infrarot- & Wärmegeräte;1
68098;Briefmarken > Motive > Geschichte;1
260835;Business & Industrie > Elektronik & Messtechnik > Kabel & Leitungen > Kabelverbinder & Anschlussklemmen > Leitungs- & Kabelverbinder;1
78700;Business & Industrie > Großhandel & Sonderposten > Kleidung & Accessoires(Posten) > Herrenbekleidung > Unterwäsche;1
109677;Business & Industrie > Sicherheit & Gebäudeinstandhaltung > Persönliche Schutzausrüstung > Sicherheitswesten;1
261186;Bücher & Zeitschriften > Bücher;1
184644;Bücher & Zeitschriften > Fachbücher, Lernen & Nachschlagen;1
127551;Büro & Schreibwaren > Büromöbel > Schränke & Regale > Aktenschränke;1
9606;Büro & Schreibwaren > Bürotechnik > Schreibmaschinen-Zubehör;1
138910;Büro & Schreibwaren > Papier, Büro- & Schreibwaren > Papier, Hefte & Blöcke > Briefpapier & Karten;1
171961;Computer, Tablets & Netzwerk > Drucker, Scanner & Zubehör;1
1245;Computer, Tablets & Netzwerk > Drucker, Scanner & Zubehör > Drucker;1
182094;Computer, Tablets & Netzwerk > Kabel & Steckverbinder;1
67276;Computer, Tablets & Netzwerk > Kabel & Steckverbinder > Netzwerkkabel & Adapter > Splitter, Koppler & Adapter;1
44932;Computer, Tablets & Netzwerk > Kabel & Steckverbinder > USB-Kabel, -Hubs & -Adapter;1
23895;Computer, Tablets & Netzwerk > Notebook- & Desktop-Zubehör > Mauspads & Handgelenkauflagen;1
116346;Computer, Tablets & Netzwerk > Notebook- & Desktop-Zubehör > Ständer, Halter & Autohalterungen;1
163890;Filme & Serien > Film-Fanartikel > Bücher & Skripte;1
183391;Garten & Terrasse > Beleuchtung > Garten- & Terrassenfackeln;1
183393;Garten & Terrasse > Beleuchtung > Strahler & Flutlichter;1
138995;Garten & Terrasse > Grills, Heizstrahler & Picknickzubehör > Servierwagen;1
261012;Garten & Terrasse > Motor-Gartengeräte & -zubehör > Kettensägen-Zubehör;1
4672;Handys & Kommunikation > Funktechnik > Antennen > Amateurfunkantennen;1
175736;Handys & Kommunikation > Funktechnik > Teile & Zubehör > Filter;1
20349;Handys & Kommunikation > Handy-Zubehör > Taschen & Schutzhüllen;1
260307;Haushaltsgeräte > Geschirrspülmaschinen;1
79656;Haushaltsgeräte > Kleingeräte Haushalt > Dampfreiniger;1
185033;Haushaltsgeräte > Kleingeräte Küche > Fritteusen;1
20614;Haushaltsgeräte > Staubsauger & Zubehör > Staubsauger;1
99697;Haushaltsgeräte > Waschmaschinen & Trockner > Waschmaschinen- & Trocknerteile;1
20754;Haustierbedarf > Fische & Aquarien;1
20740;Haustierbedarf > Katzen > Kratzbäume & Möbel;1
177784;Haustierbedarf > Katzen > Näpfe & Trinkbrunnen;1
260625;Heimwerker > Bad & Küche > Bad;1
29508;Heimwerker > Bad & Küche > Küche > Küchenarmaturen;1
41981;Heimwerker > Erneuerbare Energie > Solarenergie > Solarmodule;1
180981;Heimwerker > Farben, Tapeten & Zubehör > Tapeten, Werkzeuge & Zubehör;1
260457;Heimwerker > Heizen, Klima & Sanitär > Heizungs-, Klima- & Sanitärprüfgeräte > Rohrinstallations-Sets;1
260588;Heimwerker > Heizen, Klima & Sanitär > Wasser > Pumpen & Wasserfiltersysteme;1
259858;Heimwerker > Heizen, Klima & Sanitär > Wasser > Ventile;1
181067;Heimwerker > Schwimmbecken, Saunen & Außenwhirlpools > Schwimmbeckenbedarf;1
260176;Heimwerker > Werkzeuge > Elektrowerkzeug- & Druckluftgerät-Zubehör;1
42284;Heimwerker > Werkzeuge > Elektrowerkzeuge > Schleifmaschinen;1
3244;Heimwerker > Werkzeuge > Handwerkzeuge;1
39057;Heimwerker > Werkzeuge > Handwerkzeuge > Messer;1
20770;Heimwerker > Werkzeuge > Handwerkzeuge > Schraubenschlüssel;1
29525;Heimwerker > Werkzeuge > Messwerkzeuge & Messgeräte > Messschieber;1
45246;Kleidung & Accessoires > Damen > Damen-Accessoires > Sonnenbrillen & Zubehör > Sonnenbrillen;1
45333;Kleidung & Accessoires > Damen > Damenschuhe > Halbschuhe & Ballerinas;1
1059;Kleidung & Accessoires > Herren > Herrenmode;1
57990;Kleidung & Accessoires > Herren > Herrenmode > Shirts & Hemden > Freizeithemden & Shirts;1
11507;Kleidung & Accessoires > Herren > Herrenmode > Unterwäsche;1
11504;Kleidung & Accessoires > Herren > Herrenschuhe > Sandalen;1
11498;Kleidung & Accessoires > Herren > Herrenschuhe > Stiefel;1
260966;Kleidung & Accessoires > Kinder > Jungen > Mode für Jungen > T-Shirts, Polos & Hemden;1
155200;Kleidung & Accessoires > Kinder > Unisex für Kinder > Unisex-Mode > Kapuzenpullover & Sweatshirts;1
179321;Kleidung & Accessoires > Spezielle Anlässe > Erotik > Kostüme für Damen;1
90635;Kleidung & Accessoires > Spezielle Anlässe > Kostüme & Verkleidungen > Kostüme > Baby- & Kleinkinderkostüme;1
14070;Kleidung & Accessoires > Spezielle Anlässe > Vintage-Mode > Vintage-Accessoires > Krawatten, -schals & Fliegen;1
175774;Kleidung & Accessoires > Spezielle Anlässe > Vintage-Mode > Vintage-Mode für Herren > Pullover & Strickjacken;1
27653;Modellbau > Modellbausätze > Werkzeuge, Zubehör & Motoren > Werkzeuge > Elektrowerkzeuge;1
19839;Modellbau > RC-Modellbau > RC Modellbau Teile & Zubehör > Fernsteuerung & Elektronik;1
41456;Musikinstrumente > Drums & Percussion > Ersatzteile > Sticks, Besen & Schlägel;1
33034;Musikinstrumente > Gitarren & Bässe > E-Gitarren;1
22670;Musikinstrumente > Gitarren & Bässe > Zubehör > Teile > Pickups;1
133696;Möbel & Wohnen > Badezimmer > Badezimmerzubehör > Badvorleger, Teppiche & Toilettensitzabdeckungen;1
20442;Möbel & Wohnen > Badezimmer > Badezimmerzubehör > Handtuchhalter;1
66722;Möbel & Wohnen > Badezimmer > Dusch- & Badewannenzubehör > Anti-Rutsch-Lösungen;1
20697;Möbel & Wohnen > Beleuchtung;1
20444;Möbel & Wohnen > Bettwaren, -wäsche & Matratzen;1
20445;Möbel & Wohnen > Bettwaren, -wäsche & Matratzen > Kopfkissen & Körperkissen;1
36025;Möbel & Wohnen > Dekoration > Figuren, Skulpturen & Statuen;1
33156;Möbel & Wohnen > Hochzeitsdekoration > Gastgeschenke;1
259327;Möbel & Wohnen > Kindermöbel & Wohnen > Badzubehör & -textilien;1
177054;Möbel & Wohnen > Kindermöbel & Wohnen > Kochen & Essen > Schüsseln & Teller;1
20625;Möbel & Wohnen > Kochen & Genießen;1
45503;Möbel & Wohnen > Kochen & Genießen > Gedeckter Tisch > Servierplatten & -schalen;1
20660;Möbel & Wohnen > Kochen & Genießen > Gedeckter Tisch > Tischsets;1
20696;Möbel & Wohnen > Kochen & Genießen > Gläser & Glaswaren;1
177008;Möbel & Wohnen > Kochen & Genießen > Küchenhelfer > Gewürzmühlen & -streuer;1
25845;Möbel & Wohnen > Kochen & Genießen > Wasseraufbereitung & Trinkwassersprudler > Trinkwassersprudler;1
54145;Möbel & Wohnen > Kochen & Genießen > Wasseraufbereitung & Trinkwassersprudler > Wasserfilter-Kartuschen;1
77508;Möbel & Wohnen > Möbel > Betten > Lattenroste;1
3199;Möbel & Wohnen > Möbel > Regale & Aufbewahrung;1
8012;Münzen > Historische Wertpapiere > USA & Kanada > Elektronik & Computer;1
46036;Reisen > Reiseaccessoires > Regenschirme;1
11236;Reisen > Reisekoffer & -taschen > Reisekoffer & Trolleys;1
13518;Sammeln & Seltenes > Rollenspiele & Tabletops > Kartenspiele;1
183462;Sammeln & Seltenes > Sammelkartenspiele/TCGs > TCG Zubehör > TCG Deck-Boxen, Blechdosen & Kartentrenner;1
11731;Spielzeug > Lernspielzeug;1
25959;Spielzeug > Musik & Instrumente > Trommeln & Co.;1
28829;Spielzeug > Playmobil > Freizeit;1
19082;Spielzeug > Spiele > Kartenspiele > Moderne Kartenspiele;1
234;Spielzeug > Spiele > Sonstige;1
161826;Sport > Angelsport > Kleines Angelzubehör > Bleie;1
81464;Sport > Angelsport > Zubehör > Räucheröfen & -utensilien;1
181391;Sport > Camping & Outdoor > Bekleidung > Wanderschuhe;1
87141;Sport > Camping & Outdoor > Camping-Küchenbedarf > Kochgeschirr;1
87122;Sport > Camping & Outdoor > Rucksäcke > Tagesrucksäcke;1
181379;Sport > Camping & Outdoor > Rucksäcke > Trekkingrucksäcke;1
8504;Sport > Camping & Outdoor > Sonstiges Camping & Outdoor;1
179011;Sport > Camping & Outdoor > Zelte & Strandmuscheln > Strandmuscheln;1
59325;Sport > Fitness & Jogging > Bekleidung > Damen > Sweatshirts & Kapuzenpullover;1
36155;Sport > Fitness & Jogging > Krafttraining & Gewichte > Gewichthebergürtel;1
158927;Sport > Fitness & Jogging > Yoga & Pilates;1
11331;Sport > Funsport > Cityroller & Kickboards;1
47349;Sport > Funsport > Elektro-Scooter;1
36624;Sport > Funsport > Skateboarding > Boards > Lager;1
57262;Sport > Radsport > Fahrradteile & -komponenten;1
177806;Sport > Radsport > Fahrradteile & -komponenten > Bremsbeläge;1
177807;Sport > Radsport > Fahrradteile & -komponenten > Bremsscheiben;1
177822;Sport > Radsport > Fahrradteile & -komponenten > Sättel;1
22689;Sport > Radsport > Fahrradzubehör > Beleuchtung & Reflektoren;1
158997;Sport > Radsport > Fahrradzubehör > Fahrradständer & Aufbewahrung;1
177833;Sport > Radsport > Fahrradzubehör > Fahrradtaschen;1
58100;Sport > Radsport > Fahrradzubehör > Schlösser & Sicherheit;1
177835;Sport > Radsport > Fahrradzubehör > Transportkoffer/-taschen;1
70911;Sport > Radsport > Helme & Protektoren > Helme;1
68814;Sport > Sporttaschen & Rucksäcke > Rucksäcke;1
32525;Sport > Tauchen > Instrumente & Uhren > Konsolen;1
2024;Sport > Weitere Ballsportarten > Football > Fanartikel;1
13340;Sport > Weitere Ballsportarten > Tennis;1
2917;Sport > Weitere Ballsportarten > Tennis > Sonstige;1
14355;Sport > Weiterer Wassersport > Kitesurfen > Sonstige;1
36261;Sport > Wintersport > Bekleidung > Hosen;1
16061;Sport > Wintersport > Skifahren, Snowboarden & Schneeschuhwandern > Schuhe & Boots > Herrenschuhe & -boots;1
21240;Sport > Wintersport > Skifahren, Snowboarden & Schneeschuhwandern > Schuhe & Boots > Kinderschuhe & -boots;1
15052;TV, Video & Audio > Tragbare Geräte & Kopfhörer;1
67720;Uhren & Schmuck > Juwelierbedarf > Reinigungsgeräte & -materialien;1
