category_id;breadcrumb
6406743;Auto & Motorrad
6488175;Auto & Motorrad > Abdeckplanen
6488178;Auto & Motorrad > Auto-Anbau- & -Zubehörteile
6488179;Auto & Motorrad > Auto-Anbau- & -Zubehörteile > Autopflege & Aufbereitung
6488230;Auto & Motorrad > Auto-Anbau- & -Zubehörteile > Autopflege & Aufbereitung > Eiskratzer & Schneebürste
6488231;Auto & Motorrad > Auto-Anbau- & -Zubehörteile > Autopflege & Aufbereitung > Lufterfrischer
6488232;Auto & Motorrad > Auto-Anbau- & -Zubehörteile > Dachträger & Dachboxen
6488233;Auto & Motorrad > Auto-Anbau- & -Zubehörteile > Dachträger & Dachboxen > Dachträger-Zubehör
6488234;Auto & Motorrad > Auto-Ersatz- & -Reparaturteile
6488235;Auto & Motorrad > Auto-Ersatz- & -Reparaturteile > Karosserie & Exterieur
6488236;Auto & Motorrad > Auto-Ersatz- & -Reparaturteile > Karosserie & Exterieur > Außenspiegel
6488237;Auto & Motorrad > Auto-Ersatz- & -Reparaturteile > Kühlung
6488238;Auto & Motorrad > Auto-Ersatz- & -Reparaturteile > Kühlung > Frostschutzmittel
6488239;Auto & Motorrad > Auto-Tuning & -Styling
6488240;Auto & Motorrad > Auto-Tuning & -Styling > Sport-Getriebe
6488241;Auto & Motorrad > Auto-Tuning & -Styling > Sport-Getriebe > Antriebswellen
6488242;Auto & Motorrad > Auto-Tuning & -Styling > Sportfederung
6488243;Auto & Motorrad > Auto-Tuning & -Styling > Sportfederung > Domlager
6488244;Auto & Motorrad > Autoelektronik, GPS & Sicherheitstechnik
6488245;Auto & Motorrad > Autoelektronik, GPS & Sicherheitstechnik > Autoentertainment
6488246;Auto & Motorrad > Autoelektronik, GPS & Sicherheitstechnik > Autoentertainment > Auto DVD Player
6488247;Auto & Motorrad > Autoelektronik, GPS & Sicherheitstechnik > Autoentertainment > Autoradios
6488180;Auto & Motorrad > Autoteile & Zubehör
6488248;Auto & Motorrad > Autoteile & Zubehör > Auspuff- & Abgassysteme
6488249;Auto & Motorrad > Autoteile & Zubehör > Auspuff- & Abgassysteme > Lambdasonden & O2-Sensoren
6488250;Auto & Motorrad > Autoteile & Zubehör > Autoelektrik
6488251;Auto & Motorrad > Autoteile & Zubehör > Autoelektrik > Anlasser
6488252;Auto & Motorrad > Autoteile & Zubehör > Autoelektrik > Batterien
6488253;Auto & Motorrad > Autoteile & Zubehör > Bremsen & Bremsenteile
6488254;Auto & Motorrad > Autoteile & Zubehör > Bremsen & Bremsenteile > Bremsbeläge
6488255;Auto & Motorrad > Autoteile & Zubehör > Bremsen & Bremsenteile > Bremsscheiben
6488181;Auto & Motorrad > Autoteile & Zubehör > Federung & Lenkung
6488256;Auto & Motorrad > Autoteile & Zubehör > Federung & Lenkung > Lenkgetriebe & -gehäuse
6488257;Auto & Motorrad > Autoteile & Zubehör > Federung & Lenkung > Lenksäulen
6488258;Auto & Motorrad > Autoteile & Zubehör > Federung & Lenkung > Radlager, -naben & Buchsen
6488259;Auto & Motorrad > Autoteile & Zubehör > Federung & Lenkung > Stoßdämpfer- & Federbeinhalterungen
6488260;Auto & Motorrad > Autoteile & Zubehör > Getriebe & Antriebstechnik
6488261;Auto & Motorrad > Autoteile & Zubehör > Getriebe & Antriebstechnik > Antriebswellengelenke, Achsmanschetten & Teile
6488319;Auto & Motorrad > Autoteile & Zubehör > Getriebe & Antriebstechnik > Kupplungsteile & -sätze
6488322;Auto & Motorrad > Autoteile & Zubehör > Getriebe & Antriebstechnik > Kupplungsteile & -sätze > Kupplungssätze
6488182;Auto & Motorrad > Autoteile & Zubehör > Innenausstattung
6488262;Auto & Motorrad > Autoteile & Zubehör > Innenausstattung > Fußmatten, Teppiche & Laderaumwannen
6488263;Auto & Motorrad > Autoteile & Zubehör > Innenausstattung > Sonnen- & Sichtschutze
6488324;Auto & Motorrad > Autoteile & Zubehör > Karosserie-, Anbauteile & Zubehör
6488326;Auto & Motorrad > Autoteile & Zubehör > Karosserie-, Anbauteile & Zubehör > Außenspiegel & Teile
6488328;Auto & Motorrad > Autoteile & Zubehör > Karosserie-, Anbauteile & Zubehör > Außenspiegel & Teile > Außenspiegel
6488330;Auto & Motorrad > Autoteile & Zubehör > Karosserie-, Anbauteile & Zubehör > Schutzvorrichtungen & Schmutzfänger
6488331;Auto & Motorrad > Autoteile & Zubehör > Karosserie-, Anbauteile & Zubehör > Schutzvorrichtungen & Schmutzfänger > Weitere Schutzvorrichtungen & Protektoren
6488264;Auto & Motorrad > Autoteile & Zubehör > Luft- & Kraftstoffversorgung
6488265;Auto & Motorrad > Autoteile & Zubehör > Luft- & Kraftstoffversorgung > Lufteinlass- & Kraftstoffsensoren
6488183;Auto & Motorrad > Autoteile & Zubehör > Motoren & Motorenteile
6488333;Auto & Motorrad > Autoteile & Zubehör > Motoren & Motorenteile > Dichtungen & Montageteile
6488335;Auto & Motorrad > Autoteile & Zubehör > Motoren & Motorenteile > Dichtungen & Montageteile > Dichtungen & Dichtungsringe
6488337;Auto & Motorrad > Autoteile & Zubehör > Motoren & Motorenteile > Dichtungen & Montageteile > Dichtungssätze
6488266;Auto & Motorrad > Autoteile & Zubehör > Motoren & Motorenteile > Inspektionspakete & -kits
6488339;Auto & Motorrad > Autoteile & Zubehör > Motoren & Motorenteile > Ventilsteuerungsteile
6488342;Auto & Motorrad > Autoteile & Zubehör > Motoren & Motorenteile > Ventilsteuerungsteile > Nockenwellen
6488267;Auto & Motorrad > Autoteile & Zubehör > Motoren & Motorenteile > Ölfilter
6488467;Auto & Motorrad > Autoteile & Zubehör > Motoren & Motorenteile > Ölpumpen & Teile
6488268;Auto & Motorrad > Autoteile & Zubehör > Motorkühlung
6488269;Auto & Motorrad > Autoteile & Zubehör > Motorkühlung > Ausgleichsbehälter
6488184;Auto & Motorrad > Erste Hilfe- & Notfallausrüstungen
6488185;Auto & Motorrad > Erste Hilfe- & Notfallausrüstungen > Sicherheit
6467208;Auto & Motorrad > KFZ-Ersatzteile
6470665;Auto & Motorrad > KFZ-Ersatzteile > Antrieb, Motoren & Getriebe
6470666;Auto & Motorrad > KFZ-Ersatzteile > Antrieb, Motoren & Getriebe > Luft- & Kraftstoffversorgung
6467351;Auto & Motorrad > KFZ-Ersatzteile > Karosserieteile
6467477;Auto & Motorrad > KFZ-Ersatzteile > Karosserieteile > Außenspiegel & Zubehör
6467352;Auto & Motorrad > KFZ-Ersatzteile > Karosserieteile > Kraftrad-Verkleidungen
6467250;Auto & Motorrad > KFZ-Ersatzteile > KFZ-Federungen & Dämpfungen
6467251;Auto & Motorrad > KFZ-Ersatzteile > KFZ-Federungen & Dämpfungen > Federbeine & Stoßdämpfer
6467209;Auto & Motorrad > KFZ-Ersatzteile > KFZ-Klimaanlagen & Zubehör
6407096;Auto & Motorrad > KFZ-Pflege & -Wartung
6467371;Auto & Motorrad > KFZ-Pflege & -Wartung > KFZ-Außenreinigung  & -pflege
6467372;Auto & Motorrad > KFZ-Pflege & -Wartung > KFZ-Außenreinigung  & -pflege > Farben & Autolacke
6407097;Auto & Motorrad > KFZ-Pflege & -Wartung > Motorreinigung & -pflege
6467422;Auto & Motorrad > KFZ-Werkzeuge
6467423;Auto & Motorrad > KFZ-Werkzeuge > Diagnosegeräte
6467425;Auto & Motorrad > KFZ-Zubehör
6467426;Auto & Motorrad > KFZ-Zubehör > Auto-Grundausstattungen
6467427;Auto & Motorrad > KFZ-Zubehör > Auto-Grundausstattungen > Wagenheber
6467479;Auto & Motorrad > KFZ-Zubehör > KFZ-Gepäckträger & -boxen
6467480;Auto & Motorrad > KFZ-Zubehör > KFZ-Gepäckträger & -boxen > Dachboxen
6488186;Auto & Motorrad > Kleidung, Schutzausrüstung & Merchandise
6488187;Auto & Motorrad > Kleidung, Schutzausrüstung & Merchandise > Helme & Zubehör
6488270;Auto & Motorrad > Kleidung, Schutzausrüstung & Merchandise > Helme & Zubehör > Motorrad- & Motorsporthelme
6488271;Auto & Motorrad > Klein- & Leichtkraftradteile
6488272;Auto & Motorrad > Klein- & Leichtkraftradteile > Leichtkraftradteile
6488273;Auto & Motorrad > Klein- & Leichtkraftradteile > Leichtkraftradteile > Elektrik & Zündung
6488188;Auto & Motorrad > Motorrad- & Rollerteile & -zubehör
6488274;Auto & Motorrad > Motorrad- & Rollerteile & -zubehör > Elektrik & Zündungen
6488275;Auto & Motorrad > Motorrad- & Rollerteile & -zubehör > Elektrik & Zündungen > Batterien
6488344;Auto & Motorrad > Motorrad- & Rollerteile & -zubehör > Getriebe & Antriebstechnik
6488346;Auto & Motorrad > Motorrad- & Rollerteile & -zubehör > Getriebe & Antriebstechnik > Endantriebsriemen & -ketten & Zahnriemensätze
6488348;Auto & Motorrad > Motorrad- & Rollerteile & -zubehör > Getriebe & Antriebstechnik > Endantriebsriemen & -ketten & Zahnriemensätze > Endantriebsriemen & -ketten
6488372;Auto & Motorrad > Motorrad- & Rollerteile & -zubehör > Getriebe & Antriebstechnik > Endantriebsriemen & -ketten & Zahnriemensätze > Primärzahnriemen & -ketten
6488189;Auto & Motorrad > Motorrad- & Rollerteile & -zubehör > Spiegel
6488176;Auto & Motorrad > Motorräder
6488177;Auto & Motorrad > Motorräder > Roller
6488194;Auto & Motorrad > Quad-, SSV- & UTV-Teile & -Zubehör
6488195;Auto & Motorrad > Quad-, SSV- & UTV-Teile & -Zubehör > Ansaug- & Kraftstoffsysteme
6488350;Auto & Motorrad > Quad-, SSV- & UTV-Teile & -Zubehör > Verkleidungen & Rahmen
6488352;Auto & Motorrad > Quad-, SSV- & UTV-Teile & -Zubehör > Verkleidungen & Rahmen > Verkleidungen, Türen & Kotflügel
6488354;Auto & Motorrad > Quad-, SSV- & UTV-Teile & -Zubehör > Verkleidungen & Rahmen > Verkleidungen, Türen & Kotflügel > Windschutz- & Fensterscheiben
6488276;Auto & Motorrad > Spezielle Fahrzeug-Teile
6488277;Auto & Motorrad > Spezielle Fahrzeug-Teile > Pkw-Anhänger Ersatzteile
6488278;Auto & Motorrad > Spezielle Fahrzeug-Teile > Pkw-Anhänger Ersatzteile > Karosserie & Fahrwerk
6488279;Auto & Motorrad > Spezielle Fahrzeug-Teile > Pkw-Anhänger Ersatzteile > Stützen & Keile
6488356;Auto & Motorrad > Spezielle Fahrzeug-Teile > Wohnmobil- & Wohnwagenteile & Zubehör
6488358;Auto & Motorrad > Spezielle Fahrzeug-Teile > Wohnmobil- & Wohnwagenteile & Zubehör > Wasser- & Sanitärsysteme
6488360;Auto & Motorrad > Spezielle Fahrzeug-Teile > Wohnmobil- & Wohnwagenteile & Zubehör > Wasser- & Sanitärsysteme > Wasserpumpen
6488228;Auto & Motorrad > Verkleidungen & Rahmen
6488229;Auto & Motorrad > Verkleidungen & Rahmen > Windschutzscheiben
6488196;Auto & Motorrad > Werkzeuge
6488280;Auto & Motorrad > Werkzeuge & Werkstattbedarf
6488281;Auto & Motorrad > Werkzeuge & Werkstattbedarf > Motorwerkzeuge & -geräte
6488282;Auto & Motorrad > Werkzeuge & Werkstattbedarf > Motorwerkzeuge & -geräte > Motor-Einstellwerkzeuge
6488197;Auto & Motorrad > Werkzeuge > Hebezeuge & Wagenheber
6488283;Auto & Motorrad > Werkzeuge > Reparatur-Sets & Teile
6488284;Auto & Motorrad > Werkzeuge > Reparatur-Sets & Teile > Reifenreparatur
6488285;Auto & Motorrad > Werkzeuge > Werkstattausstattung & -bedarf
6488286;Auto & Motorrad > Werkzeuge > Werkstattausstattung & -bedarf > Federspanner
6406746;Auto & Motorrad > Wohnmobil- & Caravan-Teile & Zubehör
6488287;Auto & Motorrad > Wohnmobil- & Caravan-Teile & Zubehör > Heizungen & Klimaanlagen
6488288;Auto & Motorrad > Wohnmobil- & Caravan-Teile & Zubehör > Heizungen & Klimaanlagen > Standheizungen
6406747;Auto & Motorrad > Wohnmobil- & Caravan-Teile & Zubehör > Kühlboxen & Kühlschränke
6488190;Auto & Motorrad > Öl, Pflege- & Schmiermittel
6488191;Auto & Motorrad > Öl, Pflege- & Schmiermittel > Automatikgetriebeöl
6488192;Auto & Motorrad > Öl, Pflege- & Schmiermittel > Getriebeöl
6488193;Auto & Motorrad > Öl, Pflege- & Schmiermittel > Motoröl
6406744;Auto & Motorrad > Öle & Flüssigkeiten
6406745;Auto & Motorrad > Öle & Flüssigkeiten > Motoröle
6406772;Baby & Kind
6488164;Baby & Kind > Auto-Kindersitze & Zubehör
6467160;Baby & Kind > Babyartikel
6467373;Baby & Kind > Babyartikel > Baby- & Kindermöbel
6467478;Baby & Kind > Babyartikel > Baby- & Kindermöbel > Kindergarderoben
6467413;Baby & Kind > Babyartikel > Baby- & Kleinkinderspielzeuge
6467414;Baby & Kind > Babyartikel > Baby- & Kleinkinderspielzeuge > Holzspielzeuge
6467415;Baby & Kind > Babyartikel > Baby- & Kleinkinderspielzeuge > Holzspielzeuge > Bauklötze
6467161;Baby & Kind > Babyartikel > Babykleidung
6467472;Baby & Kind > Babyartikel > Babykleidung > Babyregenbekleidung
6467294;Baby & Kind > Babyartikel > Babykleidung > Babyschuhe
6467295;Baby & Kind > Babyartikel > Babykleidung > Babyschuhe > Babysneakers
6467162;Baby & Kind > Babyartikel > Babykleidung > Babystrumpfhosen
6467259;Baby & Kind > Babyartikel > Kinderautositze & Zubehör
6467260;Baby & Kind > Babyartikel > Kinderautositze & Zubehör > Babyschalen & Kindersitze
6467461;Baby & Kind > Babyartikel > Kinderwagen & Babytragen
6467462;Baby & Kind > Babyartikel > Kinderwagen & Babytragen > Kinderwagen & Zubehör
6467463;Baby & Kind > Babyartikel > Kinderwagen & Babytragen > Kinderwagen & Zubehör > Kinderwagen
6467464;Baby & Kind > Babyartikel > Kinderwagen & Babytragen > Kinderwagen & Zubehör > Kinderwagen > Sportkinderwagen
6467378;Baby & Kind > Babyartikel > Pflege & Entwicklung
6467379;Baby & Kind > Babyartikel > Pflege & Entwicklung > Wickelauflagen & -bezüge
6488198;Baby & Kind > Badezubehör
6488199;Baby & Kind > Badezubehör > Kinderwaschbecken
6488200;Baby & Kind > Bettausstattung
6488201;Baby & Kind > Bettausstattung > Matratzenschoner & -auflagen
6488203;Baby & Kind > Bücher & Zeitschriften
6488204;Baby & Kind > Bücher & Zeitschriften > Bücher
6488205;Baby & Kind > Ernährung
6488206;Baby & Kind > Ernährung > Kindergeschirr & -besteck
6488289;Baby & Kind > Ernährung > Kindergeschirr & -besteck > Kinderbesteck
6406773;Baby & Kind > Kindersitze & Zubehör
6406774;Baby & Kind > Kindersitze & Zubehör > Kindersitze
6488165;Baby & Kind > Kinderwagen & Zubehör
6488290;Baby & Kind > Kinderwagen & Zubehör > Kinderwagenzubehör
6488292;Baby & Kind > Kinderwagen & Zubehör > Kinderwagenzubehör > Sitzauflagen
6488207;Baby & Kind > Möbel
6488208;Baby & Kind > Möbel > Laufgitter
6488166;Baby & Kind > Pflege
6467252;Baby & Kind > Spielwaren
6467341;Baby & Kind > Spielwaren > Kinder Spielwelten
6467342;Baby & Kind > Spielwaren > Kinder Spielwelten > Kinder-Gartengeräte
6467404;Baby & Kind > Spielwaren > Kreativspielzeuge
6467405;Baby & Kind > Spielwaren > Kreativspielzeuge > 3D Stifte
6467253;Baby & Kind > Spielwaren > Musikinstrumente
6467254;Baby & Kind > Spielwaren > Musikinstrumente > Gitarren & Zubehör
6467349;Baby & Kind > Spielwaren > Musikinstrumente > Gitarren & Zubehör > Gitarren
6467350;Baby & Kind > Spielwaren > Musikinstrumente > Gitarren & Zubehör > Gitarren > Konzertgitarren
6467255;Baby & Kind > Spielwaren > Musikinstrumente > Gitarren & Zubehör > Gitarrenzubehör
6467256;Baby & Kind > Spielwaren > Musikinstrumente > Gitarren & Zubehör > Gitarrenzubehör > Gitarren-Effekte
6488209;Baby & Kind > Spielzeug
6488210;Baby & Kind > Spielzeug > Badespielzeug
6488211;Baby & Kind > Spielzeug > Holzspielzeug
6406775;Baby & Kind > Wickeln & Baden
6406776;Baby & Kind > Wickeln & Baden > Wickelauflagen & Wickeltische
6407167;Bad & Sanitär
6407168;Bad & Sanitär > Armaturen
6407169;Bad & Sanitär > Armaturen > Duscharmaturen
6407170;Bad & Sanitär > Armaturen > Duscharmaturen > Duschthermostate
6407171;Bastel- & Künstlerbedarf
6406790;Baumarkt
6406793;Baumarkt > Bauelemente
6406791;Baumarkt > Bauelemente & Treppen
6406792;Baumarkt > Bauelemente & Treppen > Revisionsklappen
6406794;Baumarkt > Bauelemente > Revision
6406655;Beauty & Gesundheit
6407178;Beauty & Gesundheit > Enthaarung & Rasur
6407179;Beauty & Gesundheit > Enthaarung & Rasur > Rasierer & Rasierklingen
6407180;Beauty & Gesundheit > Enthaarung & Rasur > Rasierer & Rasierklingen > Herren Rasierklingen
6406657;Beauty & Gesundheit > Haarpflege & Haarstyling
6406658;Beauty & Gesundheit > Hautpflege
6406795;Beauty & Gesundheit > Hautpflege > Anti-Faltenprodukte
6406796;Beauty & Gesundheit > Hautpflege > Gesichtspflegegeräte
6407181;Beauty & Gesundheit > Hautpflege > Körperpflege
6407182;Beauty & Gesundheit > Hautpflege > Körperpflege > Körpercremes & -lotionen
6406659;Beauty & Gesundheit > Hilfsmittel
6407183;Beauty & Gesundheit > Hilfsmittel > Alltagshilfen
6407184;Beauty & Gesundheit > Hilfsmittel > Alltagshilfen > Inkontinenzhilfen
6407185;Beauty & Gesundheit > Hilfsmittel > Mobilitäts- & Gehhilfen
6407187;Beauty & Gesundheit > Hilfsmittel > Mobilitäts- & Gehhilfen > Rollstühle
6406660;Beauty & Gesundheit > Körperpflege
6406797;Beauty & Gesundheit > Medikamente von Apothekern
6406798;Beauty & Gesundheit > Medikamente von Apothekern > Tiergesundheit
6406799;Beauty & Gesundheit > Parfums
6406800;Beauty & Gesundheit > Parfums > Herren
6406661;Beauty & Gesundheit > Pflege- & Medizinischer Bedarf
6407188;Beauty & Gesundheit > Pflege- & Medizinischer Bedarf > Kälte- & Wärmetherapie
6407189;Beauty & Gesundheit > Pflege- & Medizinischer Bedarf > Kälte- & Wärmetherapie > Infrarot- & Wärmegeräte
6407190;Beauty & Gesundheit > Tattoo & Body Art
6407191;Beauty & Gesundheit > Tattoo & Body Art > Tattoo-Zubehör
6407192;Beauty & Gesundheit > Tattoo & Body Art > Tattoo-Zubehör > Tattoo-Armlehnen & -Ständer
6406813;Briefmarken
6406814;Briefmarken > Afrika
6406815;Briefmarken > Afrika > Niger
6406816;Briefmarken > Motive
6406817;Briefmarken > Motive > Geschichte
6406822;Business & Industrie
6406823;Business & Industrie > 3D-Druck & Prototypen
6406824;Business & Industrie > 3D-Druck & Prototypen > 3D-Drucker-Filamente
6407218;Business & Industrie > 3D-Druck & Prototyping
6407219;Business & Industrie > 3D-Druck & Prototyping > 3D-Drucker-Teile & Zubehör
6407220;Business & Industrie > 3D-Druck & Prototyping > 3D-Drucker-Teile & Zubehör > 3D-Drucker-Filament
6467444;Business & Industrie > Agrar, Forst & Kommune
6467445;Business & Industrie > Agrar, Forst & Kommune > Ersatzteile, Teile & Zubehör
6467446;Business & Industrie > Agrar, Forst & Kommune > Ersatzteile, Teile & Zubehör > Teile & Zubehör Traktoren
6467447;Business & Industrie > Agrar, Forst & Kommune > Ersatzteile, Teile & Zubehör > Teile & Zubehör Traktoren > Antrieb, Motor & Getriebe
6467448;Business & Industrie > Agrar, Forst & Kommune > Ersatzteile, Teile & Zubehör > Teile & Zubehör Traktoren > Antrieb, Motor & Getriebe > Dichtungen
6467455;Business & Industrie > Automation, Antriebe & Motoren
6407510;Business & Industrie > Elektronik & Messtechnik
6407511;Business & Industrie > Elektronik & Messtechnik > Kabel & Leitungen
6407512;Business & Industrie > Elektronik & Messtechnik > Kabel & Leitungen > Kabelverbinder & Anschlussklemmen
6407513;Business & Industrie > Elektronik & Messtechnik > Kabel & Leitungen > Kabelverbinder & Anschlussklemmen > Leitungs- & Kabelverbinder
6407514;Business & Industrie > Großhandel & Sonderposten
6407515;Business & Industrie > Großhandel & Sonderposten > Kleidung & Accessoires(Posten)
6407516;Business & Industrie > Großhandel & Sonderposten > Kleidung & Accessoires(Posten) > Herrenbekleidung
6407517;Business & Industrie > Großhandel & Sonderposten > Kleidung & Accessoires(Posten) > Herrenbekleidung > Unterwäsche
6407221;Business & Industrie > Sicherheit & Gebäudeinstandhaltung
6407222;Business & Industrie > Sicherheit & Gebäudeinstandhaltung > Persönliche Schutzausrüstung
6467410;Business & Industrie > Sicherheit & Gebäudeinstandhaltung > Persönliche Schutzausrüstung > Arbeitshandschuhe
6407223;Business & Industrie > Sicherheit & Gebäudeinstandhaltung > Persönliche Schutzausrüstung > Sicherheitswesten
6406668;Bücher & Zeitschriften
6406669;Bücher & Zeitschriften > Bücher
6406670;Bücher & Zeitschriften > Fachbücher, Lernen & Nachschlagen
6406671;Büro & Schreibwaren
6406818;Büro & Schreibwaren > Büromöbel
6407205;Büro & Schreibwaren > Büromöbel > Leuchten & Leuchtmittel
6407206;Büro & Schreibwaren > Büromöbel > Leuchten & Leuchtmittel > Stehleuchten
6407207;Büro & Schreibwaren > Büromöbel > Schränke & Regale
6407208;Büro & Schreibwaren > Büromöbel > Schränke & Regale > Aktenschränke
6406819;Büro & Schreibwaren > Büromöbel > Sitzmöbel
6406820;Büro & Schreibwaren > Bürotechnik
6406821;Büro & Schreibwaren > Bürotechnik > Schreibmaschinen-Zubehör
6407209;Büro & Schreibwaren > Papier, Büro- & Schreibwaren
6407210;Büro & Schreibwaren > Papier, Büro- & Schreibwaren > Papier, Hefte & Blöcke
6407211;Büro & Schreibwaren > Papier, Büro- & Schreibwaren > Papier, Hefte & Blöcke > Briefpapier & Karten
6407212;Büro & Schreibwaren > Papier, Büro- & Schreibwaren > Schreiben & Korrigieren
6407213;Büro & Schreibwaren > Papier, Büro- & Schreibwaren > Schreiben & Korrigieren > Bleistifte & Druckbleistifte
6407214;Büro & Schreibwaren > Papier, Büro- & Schreibwaren > Schreiben & Korrigieren > Filzstifte
6407215;Büro & Schreibwaren > Papier, Büro- & Schreibwaren > Schreiben & Korrigieren > Füllfederhalter
6406672;Büro & Schreibwaren > Schulbedarf
6407216;Büro & Schreibwaren > Schulbedarf > Schul- & Jugendschreibgeräte
6407217;Büro & Schreibwaren > Schulbedarf > Schul- & Jugendschreibgeräte > Bleistifte
6406673;Computer, Tablets & Netzwerk
6406825;Computer, Tablets & Netzwerk > 3D-Druck & -Scan
6406826;Computer, Tablets & Netzwerk > 3D-Druck & -Scan > 3D-Drucker-Filamente
6406674;Computer, Tablets & Netzwerk > Computer-Komponenten & -Teile
6406827;Computer, Tablets & Netzwerk > Computer-Komponenten & -Teile > Arbeitsspeicher (RAM)
6406828;Computer, Tablets & Netzwerk > Computer-Komponenten & -Teile > Mainboards
6406675;Computer, Tablets & Netzwerk > Drucker, Scanner & Zubehör
6406829;Computer, Tablets & Netzwerk > Drucker, Scanner & Zubehör > Drucker
6406830;Computer, Tablets & Netzwerk > Drucker, Scanner & Zubehör > Tinte, Toner & Papier
6407224;Computer, Tablets & Netzwerk > Drucker, Scanner & Zubehör > Tinte, Toner & Papier > Tintenpatronen
6406831;Computer, Tablets & Netzwerk > Heimnetzwerke & Zubehör
6406832;Computer, Tablets & Netzwerk > Heimnetzwerke & Zubehör > Kabelgebundene Router
6406677;Computer, Tablets & Netzwerk > Kabel & Steckverbinder
6407225;Computer, Tablets & Netzwerk > Kabel & Steckverbinder > Netzwerkkabel & Adapter
6407226;Computer, Tablets & Netzwerk > Kabel & Steckverbinder > Netzwerkkabel & Adapter > Splitter, Koppler & Adapter
6406833;Computer, Tablets & Netzwerk > Kabel & Steckverbinder > USB-Kabel, -Hubs & -Adapter
6407227;Computer, Tablets & Netzwerk > Laufwerke & Speichermedien
6407228;Computer, Tablets & Netzwerk > Laufwerke & Speichermedien > Festplatten (HDD, SSD & NAS)
6407229;Computer, Tablets & Netzwerk > Laufwerke & Speichermedien > Festplatten (HDD, SSD & NAS) > Solid State Drives (SSD)
6406834;Computer, Tablets & Netzwerk > Laufwerke, Speichermedien & Rohlinge
6406835;Computer, Tablets & Netzwerk > Laufwerke, Speichermedien & Rohlinge > Interne Solid State Drives (SSDs)
6406836;Computer, Tablets & Netzwerk > Laufwerke, Speichermedien & Rohlinge > Interne SSDs
6406837;Computer, Tablets & Netzwerk > Notebook- & Desktop-Zubehör
6406838;Computer, Tablets & Netzwerk > Notebook- & Desktop-Zubehör > Mauspads & Handgelenkauflagen
6406839;Computer, Tablets & Netzwerk > Notebook- & Desktop-Zubehör > Ständer, Halter & Autohalterungen
6406678;Computer, Tablets & Netzwerk > Tastaturen, Mäuse & Pointing
6406680;Damen Unterwäsche
6406681;Damen Unterwäsche > Slips
6406685;Damenunterwäsche
6406686;Damenunterwäsche > BHs
6406687;Damenunterwäsche > String
6488362;Damenunterwäsche > Strings & Tangas
6406843;Elektronik & Computer
6406844;Elektronik & Computer > Audio & Hi-Fi
6406845;Elektronik & Computer > Audio & Hi-Fi > Kopfhörer
6467148;Elektronik & Computer > Computer
6467279;Elektronik & Computer > Computer > Drucken & Scannen
6467280;Elektronik & Computer > Computer > Drucken & Scannen > Druckerzubehör
6467281;Elektronik & Computer > Computer > Drucken & Scannen > Druckerzubehör > 3D Druckerzubehör
6467149;Elektronik & Computer > Computer > Hardware
6467150;Elektronik & Computer > Computer > Hardware > Speichermedien
6467151;Elektronik & Computer > Computer > Hardware > Speichermedien > Festplatten & Zubehör
6467152;Elektronik & Computer > Computer > Hardware > Speichermedien > Festplatten & Zubehör > Festplatten
6467153;Elektronik & Computer > Computer > Hardware > Speichermedien > Festplatten & Zubehör > Festplatten > Externe Solid State Drives
6467236;Elektronik & Computer > Elektronik
6467237;Elektronik & Computer > Elektronik > Heimkino & Audio
6467238;Elektronik & Computer > Elektronik > Heimkino & Audio > Hifi & Soundsysteme
6467239;Elektronik & Computer > Elektronik > Heimkino & Audio > Hifi & Soundsysteme > Kopfhörer-Zubehör
6467434;Elektronik & Computer > Kabel & Kabelzubehör
6467435;Elektronik & Computer > Kabel & Kabelzubehör > Kabel
6467436;Elektronik & Computer > Kabel & Kabelzubehör > Kabel > Handykabel
6406690;Erotikartikel
6406691;Erotikartikel > Vibratoren
6406847;Filme & Serien
6406848;Filme & Serien > Film-Fanartikel
6406849;Filme & Serien > Film-Fanartikel > Bücher & Skripte
6406874;Garten
6467135;Garten & Heimwerken
6467213;Garten & Heimwerken > Baumarkt
6467214;Garten & Heimwerken > Baumarkt > Badausstattung
6467215;Garten & Heimwerken > Baumarkt > Badausstattung > Badkeramik
6467216;Garten & Heimwerken > Baumarkt > Badausstattung > Badkeramik > Waschtische
6467453;Garten & Heimwerken > Baumarkt > Badausstattung > Duschen
6467308;Garten & Heimwerken > Baumarkt > Badausstattung > Handtuchhalter & -haken
6467330;Garten & Heimwerken > Baumarkt > Bauelemente
6467353;Garten & Heimwerken > Baumarkt > Umzugsmaterial
6467354;Garten & Heimwerken > Baumarkt > Umzugsmaterial > Transporthilfsmittel
6467430;Garten & Heimwerken > Baumarkt > Werkzeuge
6467456;Garten & Heimwerken > Baumarkt > Werkzeuge > Elektrowerkzeuge
6467457;Garten & Heimwerken > Baumarkt > Werkzeuge > Elektrowerkzeuge > Bohrmaschinen & Zubehör
6467458;Garten & Heimwerken > Baumarkt > Werkzeuge > Elektrowerkzeuge > Bohrmaschinen & Zubehör > Bohrmaschinenzubehör
6467459;Garten & Heimwerken > Baumarkt > Werkzeuge > Elektrowerkzeuge > Bohrmaschinen & Zubehör > Bohrmaschinenzubehör > Allzweckbohrer
6473389;Garten & Heimwerken > Baumarkt > Werkzeuge > Elektrowerkzeuge > Schleifmaschinen & Zubehör
6467431;Garten & Heimwerken > Baumarkt > Werkzeuge > Handwerkzeuge
6467302;Garten & Heimwerken > Garten
6467380;Garten & Heimwerken > Garten > Außen- & Gartenbeleuchtung
6467381;Garten & Heimwerken > Garten > Außen- & Gartenbeleuchtung > Lampenöle
6467316;Garten & Heimwerken > Garten > Gartengeräte
6467317;Garten & Heimwerken > Garten > Gartengeräte > Motor-Gartengeräte
6467318;Garten & Heimwerken > Garten > Gartenmöbel & Zubehör
6467319;Garten & Heimwerken > Garten > Gartenmöbel & Zubehör > Gartenmöbel
6467320;Garten & Heimwerken > Garten > Gartenmöbel & Zubehör > Gartenmöbel > Gartenliegen
6467303;Garten & Heimwerken > Garten > Grills & Zubehör
6467384;Garten & Heimwerken > Garten > Grills & Zubehör > Grills
6467385;Garten & Heimwerken > Garten > Grills & Zubehör > Grills > Holzkohlegrills
6467304;Garten & Heimwerken > Garten > Grills & Zubehör > Grillzubehör
6467305;Garten & Heimwerken > Garten > Grills & Zubehör > Grillzubehör > Kohleschalen
6467136;Garten & Heimwerken > Tierbedarf
6467157;Garten & Heimwerken > Tierbedarf > Hundezubehör
6467158;Garten & Heimwerken > Tierbedarf > Hundezubehör > Hundebekleidung
6467368;Garten & Heimwerken > Tierbedarf > Hundezubehör > Hundebekleidung > Hundemäntel
6467179;Garten & Heimwerken > Tierbedarf > Hundezubehör > Hundebekleidung > Hundeschutzhosen
6467159;Garten & Heimwerken > Tierbedarf > Hundezubehör > Hundebekleidung > Sicherheitswesten
6467137;Garten & Heimwerken > Tierbedarf > Vogelbedarf
6467138;Garten & Heimwerken > Tierbedarf > Vogelbedarf > Vogelzubehör
6467139;Garten & Heimwerken > Tierbedarf > Vogelbedarf > Vogelzubehör > Vogelkäfige
6406692;Garten & Terrasse
6406850;Garten & Terrasse > Beleuchtung
6406851;Garten & Terrasse > Beleuchtung > Garten- & Terrassenfackeln
6406853;Garten & Terrasse > Beleuchtung > Solarleuchten
6406854;Garten & Terrasse > Beleuchtung > Strahler & Flutlichter
6406856;Garten & Terrasse > Gartenbauten & Sonnenschutz
6406857;Garten & Terrasse > Gartenbauten & Sonnenschutz > Sonnenschirmzubehör
6407230;Garten & Terrasse > Gartengeräte
6407231;Garten & Terrasse > Gartengeräte > Motor- & Elektrogeräte
6407232;Garten & Terrasse > Gartengeräte > Motor- & Elektrogeräte > Multifunktionsgeräte
6406858;Garten & Terrasse > Gartenmöbel
6406859;Garten & Terrasse > Gartenmöbel > Gartenliegen
6406693;Garten & Terrasse > Gartenmöbel-Sets
6407233;Garten & Terrasse > Grills, Heizstrahler & Picknick
6407234;Garten & Terrasse > Grills, Heizstrahler & Picknick > Grillzubehör
6407235;Garten & Terrasse > Grills, Heizstrahler & Picknick > Grillzubehör > Grillkörbe & -schalen
6406860;Garten & Terrasse > Grills, Heizstrahler & Picknickzubehör
6406862;Garten & Terrasse > Grills, Heizstrahler & Picknickzubehör > Grills
6406863;Garten & Terrasse > Grills, Heizstrahler & Picknickzubehör > Grillzubehör
6406865;Garten & Terrasse > Grills, Heizstrahler & Picknickzubehör > Servierwagen
6406694;Garten & Terrasse > Motor-Gartengeräte & -zubehör
6406869;Garten & Terrasse > Motor-Gartengeräte & -zubehör > Kettensägen-Ersatzteile
6406870;Garten & Terrasse > Motor-Gartengeräte & -zubehör > Kettensägen-Zubehör
6406866;Garten & Terrasse > Möbel
6406867;Garten & Terrasse > Möbel > Möbelschutzhüllen
6406868;Garten & Terrasse > Möbel > Tische
6406872;Garten & Terrasse > Pflanzenpflege, Boden & Zubehör
6406873;Garten & Terrasse > Pflanzenpflege, Boden & Zubehör > Frostschutz
6406875;Garten > Grills
6406876;Garten > Grills > Holzkohlegrill
6406877;Gastronomie & Hotellerie
6406878;Gastronomie & Hotellerie > Küchengeräte & Ausstattung
6406879;Gastronomie & Hotellerie > Küchengeräte & Ausstattung > Speisewärmer & Chafing Dishes
6406881;Gastronomie & Hotellerie > Küchentechnik & -geräte
6406882;Gastronomie & Hotellerie > Küchentechnik & -geräte > Gastronormbehälter
6406884;Gesundheit & Körperpflege
6406885;Gesundheit & Körperpflege > Mundpflege
6406886;Gesundheit & Körperpflege > Mundpflege > Interdentalbürsten
6406887;Gesundheit & Schönheit
6407236;Gesundheit & Schönheit > Körperpflege
6407237;Gesundheit & Schönheit > Körperpflege > Nagelpflege
6407238;Gesundheit & Schönheit > Körperpflege > Nagelpflege > Nagelpilzbehandlung
6407239;Gesundheit & Schönheit > Mobilität & Alltagshilfen
6407240;Gesundheit & Schönheit > Mobilität & Alltagshilfen > Rollstuhl-Zubehör
6407241;Gesundheit & Schönheit > Mobilität & Alltagshilfen > Rollstuhl-Zubehör > Rollstuhl-Sitzkissen
6406888;Gesundheit & Schönheit > Mobilitätshilfen
6406889;Gesundheit & Schönheit > Mobilitätshilfen > Rollatoren
6406695;Handy-Zubehör
6406890;Handy-Zubehör > Halterungen & Ständer
6406891;Handy-Zubehör > Halterungen & Ständer > KFZ-Halterungen
6406696;Handy-Zubehör > Powerbanks
6406892;Handys & Kommunikation
6407242;Handys & Kommunikation > Funktechnik
6407243;Handys & Kommunikation > Funktechnik > Antennen
6407244;Handys & Kommunikation > Funktechnik > Antennen > Amateurfunkantennen
6407245;Handys & Kommunikation > Funktechnik > Teile & Zubehör
6407246;Handys & Kommunikation > Funktechnik > Teile & Zubehör > Filter
6406893;Handys & Kommunikation > Handy-Zubehör
6406894;Handys & Kommunikation > Handy-Zubehör > Ladegeräte & Dockingstationen
6406895;Handys & Kommunikation > Handy-Zubehör > Taschen & Schutzhüllen
6406896;Haus & Garten
6407518;Haus & Garten > Bad & Küche
6407519;Haus & Garten > Bad & Küche > Bad
6407520;Haus & Garten > Bad & Küche > Bad > Duschen & Duschzubehör
6407521;Haus & Garten > Bad & Küche > Bad > Duschen & Duschzubehör > Duschschläuche
6407248;Haus & Garten > Badezimmer
6407249;Haus & Garten > Badezimmer > Duschen & Duschzubehör
6407250;Haus & Garten > Badezimmer > Duschen & Duschzubehör > Duschschläuche
6406897;Haus & Garten > Beleuchtung
6407251;Haus & Garten > Beleuchtung > Lampen
6407252;Haus & Garten > Beleuchtung > Lampen > Tischleuchten
6406898;Haus & Garten > Beleuchtung > LED-Streifen & -Leisten
6406899;Haus & Garten > Möbel
6407253;Haus & Garten > Möbel > Betten & Matratzen
6407254;Haus & Garten > Möbel > Betten & Matratzen > Matratzenauflagen & Topper
6406900;Haus & Garten > Möbel > Garderoben & Kleiderständer
6407255;Haus, Garten & Baumarkt
6407256;Haus, Garten & Baumarkt > Bad & Küche
6407257;Haus, Garten & Baumarkt > Bad & Küche > Badarmaturen
6407258;Haus, Garten & Baumarkt > Bad & Küche > Badarmaturen > Waschtischarmaturen
6407259;Haus, Garten & Baumarkt > Garten & Terrasse
6407260;Haus, Garten & Baumarkt > Garten & Terrasse > Beleuchtung
6407261;Haus, Garten & Baumarkt > Garten & Terrasse > Beleuchtung > Solarleuchten
6406697;Haushalt
6481830;Haushalt & Wohnen
6481841;Haushalt & Wohnen > Küche, Haushalt & Wohnen
6481847;Haushalt & Wohnen > Küche, Haushalt & Wohnen > Mülleimer & Abfallsammler
6481853;Haushalt & Wohnen > Küche, Haushalt & Wohnen > Mülleimer & Abfallsammler > Einbau-Abfallsammler
6406901;Haushalt > Kleine Küchengeräte
6406902;Haushalt > Kleine Küchengeräte > Kühlboxen & Mini-Kühlschränke
6407262;Haushalt > Küche
6407263;Haushalt > Küche > Küchengeräte Zubehör
6407264;Haushalt > Küche > Küchengeräte Zubehör > Wassersprudler Zubehör
6407265;Haushalt > Küche, Kochen & Genießen
6407267;Haushalt > Küche, Kochen & Genießen > Küchengeräte
6407268;Haushalt > Küche, Kochen & Genießen > Küchengeräte > Sodastream & Wassersprudler Zubehör
6406698;Haushalt > Reinigungsgeräte
6406699;Haushaltsgeräte
6406700;Haushaltsgeräte > Geschirrspülmaschinen
6406903;Haushaltsgeräte > Kaffee-, Tee- & Espressomaschinen
6406904;Haushaltsgeräte > Kaffee-, Tee- & Espressomaschinen > Filter-Kaffeemaschinen
6406905;Haushaltsgeräte > Kaffee-, Tee- & Espressomaschinen > Kaffeevollautomaten
6406906;Haushaltsgeräte > Kleingeräte Haushalt
6406907;Haushaltsgeräte > Kleingeräte Haushalt > Dampfreiniger
6406908;Haushaltsgeräte > Kleingeräte Küche
6406909;Haushaltsgeräte > Kleingeräte Küche > Entsafter & Saftpressen
6406910;Haushaltsgeräte > Kleingeräte Küche > Fritteusen
6406911;Haushaltsgeräte > Kleingeräte Küche > Nudelmaschinen
6406912;Haushaltsgeräte > Kleingeräte Küche > Standmixer
6406701;Haushaltsgeräte > Klimaanlagen & Heizgeräte
6407269;Haushaltsgeräte > Klimaanlagen & Heizgeräte > Ventilatoren & Luftbehandlung
6407270;Haushaltsgeräte > Klimaanlagen & Heizgeräte > Ventilatoren & Luftbehandlung > Stand- & Tischventilatoren
6406913;Haushaltsgeräte > Staubsauger & Zubehör
6406914;Haushaltsgeräte > Staubsauger & Zubehör > Staubsauger
6406915;Haushaltsgeräte > Staubsauger & Zubehör > Staubsaugerzubehör
6406916;Haushaltsgeräte > Waschmaschinen & Trockner
6406917;Haushaltsgeräte > Waschmaschinen & Trockner > Waschmaschinen- & Trocknerteile
6406702;Haustierbedarf
6406703;Haustierbedarf > Fische & Aquarien
6406918;Haustierbedarf > Hunde
6406919;Haustierbedarf > Hunde > Hundeboxen & -käfige
6406920;Haustierbedarf > Katzen
6406921;Haustierbedarf > Katzen > Kratzbäume & Möbel
6406922;Haustierbedarf > Katzen > Näpfe & Trinkbrunnen
6406704;Haustierbedarf > Vogelkäfige & Volieren
6406705;Heimwerker
6406706;Heimwerker > Bad & Küche
6407271;Heimwerker > Bad & Küche > Armaturen
6407272;Heimwerker > Bad & Küche > Armaturen > Waschtischarmaturen
6406923;Heimwerker > Bad & Küche > Bad
6407273;Heimwerker > Bad & Küche > Badaccessoires
6407274;Heimwerker > Bad & Küche > Badaccessoires > Handtuchhalter
6407275;Heimwerker > Bad & Küche > Badarmaturen
6407276;Heimwerker > Bad & Küche > Badarmaturen > Waschtischarmaturen
6406924;Heimwerker > Bad & Küche > Küche
6407277;Heimwerker > Bad & Küche > Küche > Küchenarmaturen
6406925;Heimwerker > Elektromaterial
6406926;Heimwerker > Elektromaterial > Steckdosen, Schalter & Zubehör
6407522;Heimwerker > Elektromaterial > Steckdosen, Schalter & Zubehör > Smart-Steckdosen, -Wandschalter & -Zwischenstecker
6407523;Heimwerker > Elektromaterial > Steckdosen, Schalter & Zubehör > Smart-Steckdosen, -Wandschalter & -Zwischenstecker > Smart-Wandschalter
6407278;Heimwerker > Erneuerbare Energie
6407279;Heimwerker > Erneuerbare Energie > Solarenergie
6407280;Heimwerker > Erneuerbare Energie > Solarenergie > Solarmodule
6406927;Heimwerker > Farben, Lasuren & Lacke
6406928;Heimwerker > Farben, Lasuren & Lacke > Holzschutzmittel
6406929;Heimwerker > Farben, Tapeten & Zubehör
6406930;Heimwerker > Farben, Tapeten & Zubehör > Tapeten, Werkzeuge & Zubehör
6407281;Heimwerker > Heizen, Klima & Sanitär
6407282;Heimwerker > Heizen, Klima & Sanitär > Heizungs-, Klima- & Sanitärprüfgeräte
6407283;Heimwerker > Heizen, Klima & Sanitär > Heizungs-, Klima- & Sanitärprüfgeräte > Rohrinstallations-Sets
6407284;Heimwerker > Heizen, Klima & Sanitär > Wasser
6407285;Heimwerker > Heizen, Klima & Sanitär > Wasser > Pumpen & Wasserfiltersysteme
6407286;Heimwerker > Heizen, Klima & Sanitär > Wasser > Ventile
6406931;Heimwerker > Schrankbeschläge & -teile
6406932;Heimwerker > Schrankbeschläge & -teile > Schubladenschienen
6406933;Heimwerker > Schwimmbecken, Saunen & Außenwhirlpools
6406934;Heimwerker > Schwimmbecken, Saunen & Außenwhirlpools > Schwimmbeckenbedarf
6406935;Heimwerker > Werkzeuge
6406936;Heimwerker > Werkzeuge > Elektrowerkzeug- & Druckluftgerät-Zubehör
6407287;Heimwerker > Werkzeuge > Elektrowerkzeug- & Druckluftgerät-Zubehör > Bohrer-Bits
6406937;Heimwerker > Werkzeuge > Elektrowerkzeuge
6407288;Heimwerker > Werkzeuge > Elektrowerkzeuge > Schleifmaschinen
6406938;Heimwerker > Werkzeuge > Handwerkzeuge
6407289;Heimwerker > Werkzeuge > Handwerkzeuge > Messer
6407290;Heimwerker > Werkzeuge > Handwerkzeuge > Schraubenschlüssel
6407524;Heimwerker > Werkzeuge > Handwerkzeuge > Schraubenschlüssel > Steckschlüssel
6407291;Heimwerker > Werkzeuge > Handwerkzeuge > Seilzüge & Winden
6406939;Heimwerker > Werkzeuge > Messwerkzeuge & Messgeräte
6407292;Heimwerker > Werkzeuge > Messwerkzeuge & Messgeräte > Messschieber
6406943;Kleidung & Accessoires
6488437;Kleidung & Accessoires > Bademoden
6488439;Kleidung & Accessoires > Bademoden > Bikinis
6488450;Kleidung & Accessoires > Bademoden > Bikinis > Bikini-Oberteile
6488402;Kleidung & Accessoires > Bademäntel
6488463;Kleidung & Accessoires > Berufsbekleidung
6488383;Kleidung & Accessoires > Businesskleidungen
6488456;Kleidung & Accessoires > Businesskleidungen > Blazer
6488385;Kleidung & Accessoires > Businesskleidungen > Hosenanzüge
6406944;Kleidung & Accessoires > Damen
6488462;Kleidung & Accessoires > Damen > Bodysuits
6407525;Kleidung & Accessoires > Damen > Damen-Accessoires
6407526;Kleidung & Accessoires > Damen > Damen-Accessoires > Sonnenbrillen & Zubehör
6407527;Kleidung & Accessoires > Damen > Damen-Accessoires > Sonnenbrillen & Zubehör > Sonnenbrillen
6406945;Kleidung & Accessoires > Damen > Damenschuhe
6407293;Kleidung & Accessoires > Damen > Damenschuhe > Halbschuhe & Ballerinas
6407294;Kleidung & Accessoires > Damen > Damenschuhe > Sneaker
6407295;Kleidung & Accessoires > Damen > Damenschuhe > Stiefel & Stiefeletten
6406949;Kleidung & Accessoires > Damen > Hosen
6418459;Kleidung & Accessoires > Damen > Hosen & Leggings
6418460;Kleidung & Accessoires > Damen > Hosen & Leggings > Leggings
6407302;Kleidung & Accessoires > Damen > Jacken & Mäntel
6407303;Kleidung & Accessoires > Damen > Jacken & Mäntel > Daunenjacken
6467277;Kleidung & Accessoires > Damen > Leggings
6488213;Kleidung & Accessoires > Damen > Röcke
6407296;Kleidung & Accessoires > Damen > Unterwäsche
6488296;Kleidung & Accessoires > Damen > Unterwäsche & Nachtwäsche
6407305;Kleidung & Accessoires > Damen > Unterwäsche & Nachtwäsche > BHs
6488174;Kleidung & Accessoires > Damen > Unterwäsche & Nachtwäsche > BHs & Bustiers
6488298;Kleidung & Accessoires > Damen > Unterwäsche & Nachtwäsche > Schlafanzüge & Pyjamas
6407306;Kleidung & Accessoires > Damen > Unterwäsche & Nachtwäsche > Shapewear
6488294;Kleidung & Accessoires > Damen > Unterwäsche & Nachtwäsche > Slips
6407528;Kleidung & Accessoires > Damen > Unterwäsche & Nachtwäsche > Unterwäsche
6407529;Kleidung & Accessoires > Damen > Unterwäsche & Nachtwäsche > Unterwäsche > Strings & Tangas
6407297;Kleidung & Accessoires > Damen > Unterwäsche > Slips & Strings
6418474;Kleidung & Accessoires > Damen-Accessoires
6418475;Kleidung & Accessoires > Damen-Accessoires > Gürtel
6406946;Kleidung & Accessoires > Damenbekleidung
6488172;Kleidung & Accessoires > Damenbekleidung > Blazer
6488224;Kleidung & Accessoires > Damenbekleidung > Hosen
6407298;Kleidung & Accessoires > Damenbekleidung > Jacken, Mäntel & Westen
6407299;Kleidung & Accessoires > Damenbekleidung > Jacken, Mäntel & Westen > Mäntel
6406947;Kleidung & Accessoires > Damenbekleidung > Jeans
6488370;Kleidung & Accessoires > Damenbekleidung > Leggings
6488173;Kleidung & Accessoires > Damenbekleidung > Mäntel
6407300;Kleidung & Accessoires > Damenbekleidung > Pullover & Strickjacken
6407301;Kleidung & Accessoires > Damenbekleidung > Pullover & Strickjacken > Pullover
6488167;Kleidung & Accessoires > Hemden
6406950;Kleidung & Accessoires > Herren
6407319;Kleidung & Accessoires > Herren > Hemden
6407320;Kleidung & Accessoires > Herren > Hemden > Freizeithemden
6407307;Kleidung & Accessoires > Herren > Herren-Accessoires
6407308;Kleidung & Accessoires > Herren > Herren-Accessoires > Geldbörsen & Etuis
6407309;Kleidung & Accessoires > Herren > Herren-Accessoires > Handschuhe & Fäustlinge
6407312;Kleidung & Accessoires > Herren > Herrenschuhe
6407313;Kleidung & Accessoires > Herren > Herrenschuhe > Hausschuhe
6407314;Kleidung & Accessoires > Herren > Herrenschuhe > Sandalen
6407315;Kleidung & Accessoires > Herren > Herrenschuhe > Sneaker
6407316;Kleidung & Accessoires > Herren > Herrenschuhe > Stiefel
6488214;Kleidung & Accessoires > Herren > Hosen
6488299;Kleidung & Accessoires > Herren > Hosen > Cargohosen
6488301;Kleidung & Accessoires > Herren > Hosen > Jogginghosen
6488303;Kleidung & Accessoires > Herren > Hosen > Trainingshosen
6488305;Kleidung & Accessoires > Herren > Jacken & Mäntel
6488368;Kleidung & Accessoires > Herren > Jacken & Mäntel > Jeansjacken
6488307;Kleidung & Accessoires > Herren > Jacken & Mäntel > Mäntel
6406956;Kleidung & Accessoires > Herren > Jeans
6488215;Kleidung & Accessoires > Herren > Poloshirts
6407310;Kleidung & Accessoires > Herren > Pullover & Strick
6488227;Kleidung & Accessoires > Herren > Pullover & Strickwaren
6407530;Kleidung & Accessoires > Herren > Shirts & Hemden
6407531;Kleidung & Accessoires > Herren > Shirts & Hemden > Freizeithemden & Shirts
6488471;Kleidung & Accessoires > Herren > Shirts & Hemden > Langarmshirts
6407532;Kleidung & Accessoires > Herren > Shirts & Hemden > Poloshirts
6407533;Kleidung & Accessoires > Herren > Shirts & Hemden > T-Shirts
6488212;Kleidung & Accessoires > Herren > Socken
6488216;Kleidung & Accessoires > Herren > Sweatshirts & Hoodies
6406957;Kleidung & Accessoires > Herren > T-Shirts
6407317;Kleidung & Accessoires > Herren > Unterwäsche
6407318;Kleidung & Accessoires > Herren > Unterwäsche > Boxershorts
6488309;Kleidung & Accessoires > Herren > Unterwäsche > Boxershorts & Slips
6406952;Kleidung & Accessoires > Herren-Accessoires
6406953;Kleidung & Accessoires > Herren-Accessoires > Gürtel
6488168;Kleidung & Accessoires > Hosen
6488219;Kleidung & Accessoires > Hosen > Cargohosen
6488364;Kleidung & Accessoires > Hosen > Jeans
6488394;Kleidung & Accessoires > Hosen > Leggings
6488169;Kleidung & Accessoires > Jacken
6488170;Kleidung & Accessoires > Jacken & Mäntel
6488469;Kleidung & Accessoires > Jacken > Daunenjacken
6488388;Kleidung & Accessoires > Jacken > Jeansjacken
6407534;Kleidung & Accessoires > Kinder
6488220;Kleidung & Accessoires > Kinder > Hosen
6488221;Kleidung & Accessoires > Kinder > Hosen > Schneehosen
6407535;Kleidung & Accessoires > Kinder > Jungen
6407536;Kleidung & Accessoires > Kinder > Jungen > Mode für Jungen
6407537;Kleidung & Accessoires > Kinder > Jungen > Mode für Jungen > T-Shirts, Polos & Hemden
6407538;Kleidung & Accessoires > Kinder > Unisex für Kinder
6407539;Kleidung & Accessoires > Kinder > Unisex für Kinder > Unisex-Mode
6407540;Kleidung & Accessoires > Kinder > Unisex für Kinder > Unisex-Mode > Kapuzenpullover & Sweatshirts
6488225;Kleidung & Accessoires > Kinderkleidung
6488226;Kleidung & Accessoires > Kinderkleidung > T-Shirts & Tops
6407324;Kleidung & Accessoires > Kostüme & Verkleidungen
6407325;Kleidung & Accessoires > Kostüme & Verkleidungen > Kostüme
6407326;Kleidung & Accessoires > Kostüme & Verkleidungen > Kostüme > 70er & 80er Jahre Kostüme
6488390;Kleidung & Accessoires > Nachtwäsche & Homewear
6488392;Kleidung & Accessoires > Nachtwäsche & Homewear > Nachthemden
6488465;Kleidung & Accessoires > Nachtwäsche & Homewear > Schlafanzüge
6488432;Kleidung & Accessoires > Pullover
6488434;Kleidung & Accessoires > Pullover > Sweatshirts
6488409;Kleidung & Accessoires > Schuhe & Zubehör
6488411;Kleidung & Accessoires > Schuhe & Zubehör > Schuhe
6488413;Kleidung & Accessoires > Schuhe & Zubehör > Schuhe > Stiefeletten
6488404;Kleidung & Accessoires > Shirts
6488445;Kleidung & Accessoires > Shirts > Langarmshirts
6488442;Kleidung & Accessoires > Shirts > Poloshirts
6488405;Kleidung & Accessoires > Shirts > T-Shirts
6407327;Kleidung & Accessoires > Spezielle Anlässe
6407328;Kleidung & Accessoires > Spezielle Anlässe > Erotik
6407329;Kleidung & Accessoires > Spezielle Anlässe > Erotik > Kostüme für Damen
6407541;Kleidung & Accessoires > Spezielle Anlässe > Kostüme & Verkleidungen
6407542;Kleidung & Accessoires > Spezielle Anlässe > Kostüme & Verkleidungen > Kostüme
6407543;Kleidung & Accessoires > Spezielle Anlässe > Kostüme & Verkleidungen > Kostüme > Baby- & Kleinkinderkostüme
6407544;Kleidung & Accessoires > Spezielle Anlässe > Vintage-Mode
6407545;Kleidung & Accessoires > Spezielle Anlässe > Vintage-Mode > Vintage-Accessoires
6407546;Kleidung & Accessoires > Spezielle Anlässe > Vintage-Mode > Vintage-Accessoires > Geldbörsen & Etuis
6407547;Kleidung & Accessoires > Spezielle Anlässe > Vintage-Mode > Vintage-Accessoires > Krawatten, -schals & Fliegen
6407548;Kleidung & Accessoires > Spezielle Anlässe > Vintage-Mode > Vintage-Mode für Herren
6407549;Kleidung & Accessoires > Spezielle Anlässe > Vintage-Mode > Vintage-Mode für Herren > Pullover & Strickjacken
6488451;Kleidung & Accessoires > Strümpfe & Socken
6488453;Kleidung & Accessoires > Strümpfe & Socken > Strumpfhosen
6488222;Kleidung & Accessoires > Taschen
6488420;Kleidung & Accessoires > Taschen > Koffer & Reisegepäck
6488422;Kleidung & Accessoires > Taschen > Koffer & Reisegepäck > Koffer & Zubehör
6488424;Kleidung & Accessoires > Taschen > Koffer & Reisegepäck > Koffer & Zubehör > Koffer
6488426;Kleidung & Accessoires > Taschen > Koffer & Reisegepäck > Koffer & Zubehör > Koffer > Trolleys
6488428;Kleidung & Accessoires > Taschen > Koffer & Reisegepäck > Reisetaschen
6488223;Kleidung & Accessoires > Taschen > Reisetaschen & Weekender
6488374;Kleidung & Accessoires > Trachten
6488376;Kleidung & Accessoires > Trachten > Dirndl-BHs
6488415;Kleidung & Accessoires > Umstandsmoden
6488417;Kleidung & Accessoires > Umstandsmoden > Umstandsnachtwäsche
6488448;Kleidung & Accessoires > Umstandsmoden > Umstandsoberteile
6488378;Kleidung & Accessoires > Unterwäsche & Dessous
6488458;Kleidung & Accessoires > Unterwäsche & Dessous > BHs
6488459;Kleidung & Accessoires > Unterwäsche & Dessous > BHs > Bustiers
6488380;Kleidung & Accessoires > Unterwäsche & Dessous > Unterhosen
6488443;Kleidung & Accessoires > Unterwäsche & Dessous > Unterhosen > Boxershorts
6488435;Kleidung & Accessoires > Unterwäsche & Dessous > Unterhosen > Slips
6488382;Kleidung & Accessoires > Unterwäsche & Dessous > Unterhosen > Strings
6488396;Kleidung & Accessoires > Verkleidungen
6488407;Kleidung & Accessoires > Verkleidungen > Kostüme
6488398;Kleidung & Accessoires > Verkleidungen > Kostümzubehör
6488400;Kleidung & Accessoires > Verkleidungen > Kostümzubehör > Kostümgürtel
6488430;Kleidung & Accessoires > Verkleidungen > Kostümzubehör > Kostümstrumpfhosen
6488171;Kleidung & Accessoires > Westen
6406709;Koffer & Gepäck
6406710;Koffer & Gepäck > Koffer
6406711;Koffer & Reisegepäck
6406712;Koffer & Reisegepäck > Koffer
6406713;Koffer & Reisegepäck > Koffer & Trolleys
6406714;Kostüme & Verkleidungen
6406715;Kostüme & Verkleidungen > Damen-Kostüme
6406958;Kostüme & Verkleidungen > Herrenkostüme
6406959;Kostüme & Verkleidungen > Herrenkostüme > Hemden & Oberteile
6406960;Kostüme & Verkleidungen > Historische & Fantasy-Kostüme
6406961;Kostüme & Verkleidungen > Historische & Fantasy-Kostüme > Piraten & Seefahrer
6406716;Kostüme & Verkleidungen > Kinder-Kostüme
6406717;Kostüme & Verkleidungen > Kinderkostüme
6406718;Kostüme & Verkleidungen > Kostümzubehör
6467126;Körperpflege & Gesundheit
6467407;Körperpflege & Gesundheit > Gehhilfen
6467408;Körperpflege & Gesundheit > Gehhilfen > Rollatoren
6467424;Körperpflege & Gesundheit > Gehhilfen > Rollstuhl-Zubehör
6467268;Körperpflege & Gesundheit > Hautpflege
6467441;Körperpflege & Gesundheit > Hygiene
6467442;Körperpflege & Gesundheit > Hygiene > Damenhygiene
6467443;Körperpflege & Gesundheit > Hygiene > Damenhygiene > Periodenunterwäsche
6467127;Körperpflege & Gesundheit > Nagelpflege
6467128;Körperpflege & Gesundheit > Nagelpflege > Nageltattoos
6467154;Körperpflege & Gesundheit > Rasierer & Rasierzubehör
6467155;Körperpflege & Gesundheit > Rasierer & Rasierzubehör > Rasierer
6467156;Körperpflege & Gesundheit > Rasierer & Rasierzubehör > Rasierer > Rasiermesser
6406719;Küche & Haushalt
6406962;Küche & Haushalt > Aufbewahrung & Organisation
6406963;Küche & Haushalt > Aufbewahrung & Organisation > Schubladenteiler
6406966;Küche & Haushalt > Geschirr
6406964;Küche & Haushalt > Geschirr & Besteck
6406965;Küche & Haushalt > Geschirr & Besteck > Gläser
6406967;Küche & Haushalt > Geschirr > Glas-Sets
6406968;Küche & Haushalt > Gläser
6406969;Küche & Haushalt > Gläser > Kaffeegläser
6407330;Küche & Haushalt > Kleingeräte Küche
6407331;Küche & Haushalt > Kleingeräte Küche > Wassersprudler & Zubehör
6407332;Küche & Haushalt > Kleingeräte Küche > Wassersprudler & Zubehör > CO2-Zylinder
6407333;Küche & Haushalt > Kochen & Genießen
6407334;Küche & Haushalt > Kochen & Genießen > Wasser-Aufbereitung
6407335;Küche & Haushalt > Kochen & Genießen > Wasser-Aufbereitung > Wassersprudler Zubehör
6406720;Küche & Haushalt > Kochgeschirr
6406970;Küche & Haushalt > Küchengeräte
6406971;Küche & Haushalt > Küchengeräte > Heißluftfritteusen
6406721;Küche & Haushalt > Mülleimer & Abfallsammler
6467129;Küchenartikel & Haushaltsartikel
6467332;Küchenartikel & Haushaltsartikel > Haushaltsgeräte
6467333;Küchenartikel & Haushaltsartikel > Haushaltsgeräte > Haushaltskleingeräte
6467334;Küchenartikel & Haushaltsartikel > Haushaltsgeräte > Haushaltskleingeräte > Reinigungsgeräte
6467335;Küchenartikel & Haushaltsartikel > Haushaltsgeräte > Haushaltskleingeräte > Reinigungsgeräte > Staubsauger & Zubehör
6467460;Küchenartikel & Haushaltsartikel > Haushaltsgeräte > Haushaltskleingeräte > Reinigungsgeräte > Staubsauger & Zubehör > Staubsaugerzubehör
6467393;Küchenartikel & Haushaltsartikel > Haushaltsgeräte > Haushaltskleingeräte > Thermometer
6467394;Küchenartikel & Haushaltsartikel > Haushaltsgeräte > Haushaltskleingeräte > Thermometer > Badethermometer
6467203;Küchenartikel & Haushaltsartikel > Haushaltswaren
6467306;Küchenartikel & Haushaltsartikel > Haushaltswaren > Eimer
6467307;Küchenartikel & Haushaltsartikel > Haushaltswaren > Eimer > Badezimmermülleimer
6467204;Küchenartikel & Haushaltsartikel > Haushaltswaren > Okulare & Optik
6467205;Küchenartikel & Haushaltsartikel > Haushaltswaren > Okulare & Optik > Ferngläser & Zubehör
6467163;Küchenartikel & Haushaltsartikel > Küchengeräte
6467164;Küchenartikel & Haushaltsartikel > Küchengeräte > Küchengroßgeräte
6467165;Küchenartikel & Haushaltsartikel > Küchengeräte > Küchengroßgeräte > Geschirrspüler & Zubehör
6467166;Küchenartikel & Haushaltsartikel > Küchengeräte > Küchengroßgeräte > Geschirrspüler & Zubehör > Spülmaschinenzubehör
6467167;Küchenartikel & Haushaltsartikel > Küchengeräte > Küchengroßgeräte > Geschirrspüler & Zubehör > Spülmaschinenzubehör > Besteckkörbe
6467266;Küchenartikel & Haushaltsartikel > Küchengeräte > Küchenkleingeräte
6467337;Küchenartikel & Haushaltsartikel > Küchengeräte > Küchenkleingeräte > Chafing Dishes
6467267;Küchenartikel & Haushaltsartikel > Küchengeräte > Küchenkleingeräte > Gastronomiebedarf
6467130;Küchenartikel & Haushaltsartikel > Küchenzubehör
6467131;Küchenartikel & Haushaltsartikel > Küchenzubehör > Barbedarf
6467132;Küchenartikel & Haushaltsartikel > Küchenzubehör > Barbedarf > Schank- & Zapfanlagen
6467133;Küchenartikel & Haushaltsartikel > Küchenzubehör > Barbedarf > Schank- & Zapfanlagen > Wassersprudler
6467499;Küchenartikel & Haushaltsartikel > Küchenzubehör > Geschirre
6467500;Küchenartikel & Haushaltsartikel > Küchenzubehör > Geschirre > Schüsseln & Schalen
6467233;Küchenartikel & Haushaltsartikel > Küchenzubehör > Kochgeschirr
6467234;Küchenartikel & Haushaltsartikel > Küchenzubehör > Kochgeschirr > Pfannen
6467452;Küchenartikel & Haushaltsartikel > Küchenzubehör > Kochgeschirr > Pfannen > Grillpfannen
6467235;Küchenartikel & Haushaltsartikel > Küchenzubehör > Kochgeschirr > Pfannen > Pfannensets
6467467;Küchenartikel & Haushaltsartikel > Küchenzubehör > Küchenaufbewahrung
6407172;Künstler- & Zeichenbedarf
6407173;Künstler- & Zeichenbedarf > Malen
6407174;Künstler- & Zeichenbedarf > Malen > Aquarell
6407175;Künstler- & Zeichenbedarf > Zeichnen
6407176;Künstler- & Zeichenbedarf > Zeichnen > Farbstifte & Zeichenkohle
6407177;Künstler- & Zeichenbedarf > Zeichnen > Pastell
6406727;Modellbau
6406728;Modellbau > Modellbausätze
6407550;Modellbau > Modellbausätze > Werkzeuge, Zubehör & Motoren
6407551;Modellbau > Modellbausätze > Werkzeuge, Zubehör & Motoren > Werkzeuge
6407552;Modellbau > Modellbausätze > Werkzeuge, Zubehör & Motoren > Werkzeuge > Elektrowerkzeuge
6407014;Modellbau > Modelleisenbahn
6407015;Modellbau > Modelleisenbahn > Sachbücher & Ratgeber
6407376;Modellbau > RC-Modellbau
6407377;Modellbau > RC-Modellbau > RC Modellbau Teile & Zubehör
6407378;Modellbau > RC-Modellbau > RC Modellbau Teile & Zubehör > Fernsteuerung & Elektronik
6407019;Musikinstrumente
6407383;Musikinstrumente > Drums & Percussion
6407384;Musikinstrumente > Drums & Percussion > Ersatzteile
6407385;Musikinstrumente > Drums & Percussion > Ersatzteile > Sticks, Besen & Schlägel
6407386;Musikinstrumente > Drums & Percussion > Folklore & Welt
6407387;Musikinstrumente > Drums & Percussion > Folklore & Welt > Handpans
6407020;Musikinstrumente > Gitarren & Bässe
6407021;Musikinstrumente > Gitarren & Bässe > E-Gitarren
6407388;Musikinstrumente > Gitarren & Bässe > Effekte & Pedale
6407389;Musikinstrumente > Gitarren & Bässe > Effekte & Pedale > Kompressoren & Sustainer
6407390;Musikinstrumente > Gitarren & Bässe > Zubehör
6407391;Musikinstrumente > Gitarren & Bässe > Zubehör > Kabel
6407392;Musikinstrumente > Gitarren & Bässe > Zubehör > Saiten
6407553;Musikinstrumente > Gitarren & Bässe > Zubehör > Teile
6407554;Musikinstrumente > Gitarren & Bässe > Zubehör > Teile > Pickups
6407022;Musikinstrumente > Pro-Audio Equipment
6407023;Musikinstrumente > Pro-Audio Equipment > Vintage Pro-Audio Equipment
6406997;Möbel
6406722;Möbel & Wohnen
6407336;Möbel & Wohnen > Badezimmer
6407337;Möbel & Wohnen > Badezimmer > Badezimmerzubehör
6407338;Möbel & Wohnen > Badezimmer > Badezimmerzubehör > Badvorleger, Teppiche & Toilettensitzabdeckungen
6407339;Möbel & Wohnen > Badezimmer > Badezimmerzubehör > Handtuchhalter
6407340;Möbel & Wohnen > Badezimmer > Dusch- & Badewannenzubehör
6407341;Möbel & Wohnen > Badezimmer > Dusch- & Badewannenzubehör > Anti-Rutsch-Lösungen
6406723;Möbel & Wohnen > Beleuchtung
6406972;Möbel & Wohnen > Betten & Matratzen
6406973;Möbel & Wohnen > Betten & Matratzen > Matratzen
6406724;Möbel & Wohnen > Bettwaren, -wäsche & Matratzen
6406974;Möbel & Wohnen > Bettwaren, -wäsche & Matratzen > Bettlaken
6406975;Möbel & Wohnen > Bettwaren, -wäsche & Matratzen > Bettwäsche
6406976;Möbel & Wohnen > Bettwaren, -wäsche & Matratzen > Kopfkissen & Körperkissen
6406977;Möbel & Wohnen > Dekoration
6406978;Möbel & Wohnen > Dekoration > Deko-Accessoires
6406979;Möbel & Wohnen > Dekoration > Figuren, Skulpturen & Statuen
6406980;Möbel & Wohnen > Feste & Besondere Anlässe
6406981;Möbel & Wohnen > Feste & Besondere Anlässe > Party- & Eventdekoration
6407342;Möbel & Wohnen > Haushalt
6407343;Möbel & Wohnen > Haushalt > Putzgeräte
6407344;Möbel & Wohnen > Haushalt > Putzgeräte > Reinigungshandschuhe
6407345;Möbel & Wohnen > Haushalt > Wäsche
6407346;Möbel & Wohnen > Haushalt > Wäsche > Wäscheständer
6406982;Möbel & Wohnen > Hochzeitsdekoration
6406983;Möbel & Wohnen > Hochzeitsdekoration > Gastgeschenke
6406725;Möbel & Wohnen > Kindermöbel & Wohnen
6406984;Möbel & Wohnen > Kindermöbel & Wohnen > Badzubehör & -textilien
6407347;Möbel & Wohnen > Kindermöbel & Wohnen > Bettwaren & -wäsche
6407348;Möbel & Wohnen > Kindermöbel & Wohnen > Bettwaren & -wäsche > Bettdecken
6407349;Möbel & Wohnen > Kindermöbel & Wohnen > Kochen & Essen
6407350;Möbel & Wohnen > Kindermöbel & Wohnen > Kochen & Essen > Schüsseln & Teller
6406726;Möbel & Wohnen > Kochen & Genießen
6406985;Möbel & Wohnen > Kochen & Genießen > Backbleche & -formen
6407351;Möbel & Wohnen > Kochen & Genießen > Bar & Wein-Accessoires
6407352;Möbel & Wohnen > Kochen & Genießen > Bar & Wein-Accessoires > Dekanter
6407353;Möbel & Wohnen > Kochen & Genießen > Gedeckter Tisch
6407354;Möbel & Wohnen > Kochen & Genießen > Gedeckter Tisch > Servierplatten & -schalen
6407355;Möbel & Wohnen > Kochen & Genießen > Gedeckter Tisch > Tischsets
6406986;Möbel & Wohnen > Kochen & Genießen > Gläser & Glaswaren
6406987;Möbel & Wohnen > Kochen & Genießen > Küchenhelfer
6407356;Möbel & Wohnen > Kochen & Genießen > Küchenhelfer > Gewürzmühlen & -streuer
6406988;Möbel & Wohnen > Kochen & Genießen > Küchenmesser
6407357;Möbel & Wohnen > Kochen & Genießen > Ordnung & Aufbewahrung
6407358;Möbel & Wohnen > Kochen & Genießen > Ordnung & Aufbewahrung > Brotdosen
6406989;Möbel & Wohnen > Kochen & Genießen > Töpfe & Pfannen
6407359;Möbel & Wohnen > Kochen & Genießen > Töpfe & Pfannen > Gartöpfe & Bräter
6407360;Möbel & Wohnen > Kochen & Genießen > Töpfe & Pfannen > Sets
6407361;Möbel & Wohnen > Kochen & Genießen > Töpfe & Pfannen > Woks
6407362;Möbel & Wohnen > Kochen & Genießen > Wasseraufbereitung & Trinkwassersprudler
6407363;Möbel & Wohnen > Kochen & Genießen > Wasseraufbereitung & Trinkwassersprudler > Trinkwassersprudler
6407364;Möbel & Wohnen > Kochen & Genießen > Wasseraufbereitung & Trinkwassersprudler > Wasserfilter-Kartuschen
6406990;Möbel & Wohnen > Möbel
6407365;Möbel & Wohnen > Möbel > Betten
6407366;Möbel & Wohnen > Möbel > Betten > Lattenroste
6406991;Möbel & Wohnen > Möbel > Regale & Aufbewahrung
6407367;Möbel & Wohnen > Möbel > Stühle
6407368;Möbel & Wohnen > Möbel > Stühle > Stuhlkissen & Auflagen
6406992;Möbel & Wohnen > Möbel > Tische & Stehtische
6406993;Möbel & Wohnen > Rollos, Gardinen & Vorhänge
6406994;Möbel & Wohnen > Rollos, Gardinen & Vorhänge > Fensterfolien
6406995;Möbel & Wohnen > Tische
6406996;Möbel & Wohnen > Tische > Couchtische
6406998;Möbel > Badmöbel
6406999;Möbel > Badmöbel > Waschbeckenunterschränke
6407379;Münzen
6407380;Münzen > Historische Wertpapiere
6407381;Münzen > Historische Wertpapiere > USA & Kanada
6407382;Münzen > Historische Wertpapiere > USA & Kanada > Elektronik & Computer
6407024;Reisegepäck
6407025;Reisegepäck > Koffer & Trolleys
6407026;Reisegepäck > Koffer & Trolleys > Koffer
6407027;Reisen
6407028;Reisen > Reiseaccessoires
6407029;Reisen > Reiseaccessoires > Regenschirme
6407030;Reisen > Reisegepäck
6407031;Reisen > Reisegepäck > Koffer
6407032;Reisen > Reisekoffer & -taschen
6407033;Reisen > Reisekoffer & -taschen > Reisekoffer & Trolleys
6407034;Sammeln & Seltenes
6407035;Sammeln & Seltenes > Rollenspiele & Tabletops
6407036;Sammeln & Seltenes > Rollenspiele & Tabletops > Kartenspiele
6407037;Sammeln & Seltenes > Sammelkartenspiele/TCGs
6407038;Sammeln & Seltenes > Sammelkartenspiele/TCGs > TCG OVP Decks & Starter
6407393;Sammeln & Seltenes > Sammelkartenspiele/TCGs > TCG Zubehör
6407394;Sammeln & Seltenes > Sammelkartenspiele/TCGs > TCG Zubehör > TCG Deck-Boxen, Blechdosen & Kartentrenner
6407395;Sammeln & Seltenes > Sammelkartenspiele/TCGs > TCG Zubehör > TCG Ordner, Sammelmappen & -hüllen
6407039;Schuhe
6407040;Schuhe > Damen
6407041;Schuhe > Damen > Stiefel & Stiefeletten
6467217;Sexspielzeuge
6467218;Sexspielzeuge > Vibratoren & Zubehör
6406731;Spielzeug
6407042;Spielzeug > Action-Figuren & Zubehör
6407043;Spielzeug > Action-Figuren & Zubehör > Action- & Spielfiguren
6406732;Spielzeug > Basteln & Kreativität
6407046;Spielzeug > Basteln & Kreativität > Malen & Zeichnen
6407396;Spielzeug > Baukästen & Konstruktionsspielzeug
6407397;Spielzeug > Baukästen & Konstruktionsspielzeug > LEGO
6407399;Spielzeug > Baukästen & Konstruktionsspielzeug > LEGO > LEGO Creator
6407400;Spielzeug > Bausets & Konstruktion
6407402;Spielzeug > Bausets & Konstruktion > LEGO (R) Konstruktionsspielzeuge
6407403;Spielzeug > Bausets & Konstruktion > LEGO (R) Konstruktionsspielzeuge > LEGO (R) Komplette Sets & Packs
6407044;Spielzeug > Bären, -kleidung & Zubehör
6407045;Spielzeug > Bären, -kleidung & Zubehör > Bärenkleidung & Accessoires
6407047;Spielzeug > Elektrisches Spielzeug
6407048;Spielzeug > Elektrisches Spielzeug > Roboter
6407049;Spielzeug > Holzspielzeug
6407050;Spielzeug > Holzspielzeug > Musikinstrumente
6407051;Spielzeug > Holzspielzeug > Ritterburgen
6406733;Spielzeug > Lernspielzeug
6407052;Spielzeug > Musik & Instrumente
6407053;Spielzeug > Musik & Instrumente > Trommeln & Co.
6407054;Spielzeug > Playmobil
6407055;Spielzeug > Playmobil > Freizeit
6406734;Spielzeug > Puppen & Zubehör
6407056;Spielzeug > Spiele
6407405;Spielzeug > Spiele > Kartenspiele
6407406;Spielzeug > Spiele > Kartenspiele > Moderne Kartenspiele
6407057;Spielzeug > Spiele > Sonstige
6406735;Sport
6407058;Sport & Freizeit
6407407;Sport & Freizeit > Camping & Outdoor
6407408;Sport & Freizeit > Camping & Outdoor > Zelte & Zubehör
6407409;Sport & Freizeit > Camping & Outdoor > Zelte & Zubehör > Zeltteppiche
6407059;Sport & Freizeit > Radsport
6407060;Sport & Freizeit > Radsport > Fahrradwerkzeuge
6407061;Sport & Freizeit > Sportbekleidung
6407410;Sport & Freizeit > Sportbekleidung > Herren
6418456;Sport & Freizeit > Sportbekleidung > Herren > T-Shirts & Tops
6407412;Sport & Freizeit > Sportbekleidung > Herren > Trainingsjacken
6407062;Sport & Freizeit > Sportbekleidung > Hosen
6407064;Sport & Freizeit > Wintersport
6407065;Sport & Freizeit > Wintersport > Schlitten
6407413;Sport & Freizeit > Wintersport > Skibekleidung
6407414;Sport & Freizeit > Wintersport > Skibekleidung > Skihosen
6467168;Sport & Outdoor
6467222;Sport & Outdoor > Outdoorausrüstung
6467223;Sport & Outdoor > Outdoorausrüstung > Camping Artikel
6467224;Sport & Outdoor > Outdoorausrüstung > Camping Artikel > Zelte
6467356;Sport & Outdoor > Outdoorausrüstung > Camping Artikel > Zelte > Vorzelte
6467225;Sport & Outdoor > Outdoorausrüstung > Camping Artikel > Zelte > Zeltzubehör
6467169;Sport & Outdoor > Sportausrüstung
6467272;Sport & Outdoor > Sportausrüstung > Ballsport
6467273;Sport & Outdoor > Sportausrüstung > Ballsport > Badminton Ausrüstung
6467274;Sport & Outdoor > Sportausrüstung > Ballsport > Badminton Ausrüstung > Badmintonnetze
6467170;Sport & Outdoor > Sportausrüstung > Fahrräder & Zubehör
6467171;Sport & Outdoor > Sportausrüstung > Fahrräder & Zubehör > Fahrradzubehör
6467475;Sport & Outdoor > Sportausrüstung > Fahrräder & Zubehör > Fahrradzubehör > Fahrradsicherheitsausstattung
6467476;Sport & Outdoor > Sportausrüstung > Fahrräder & Zubehör > Fahrradzubehör > Fahrradsicherheitsausstattung > Fahrradschlösser
6467172;Sport & Outdoor > Sportausrüstung > Fahrräder & Zubehör > Fahrradzubehör > Fahrradwerkzeuge
6467398;Sport & Outdoor > Sportausrüstung > Fitnessprodukte
6467399;Sport & Outdoor > Sportausrüstung > Fitnessprodukte > Fitnessgeräte
6467400;Sport & Outdoor > Sportausrüstung > Fitnessprodukte > Fitnessgeräte > Fitnesskleingeräte
6467175;Sport & Outdoor > Sportausrüstung > Multisportausrüstung
6467219;Sport & Outdoor > Sportausrüstung > Multisportausrüstung > Schienbeinschoner
6467176;Sport & Outdoor > Sportausrüstung > Multisportausrüstung > Sportbrillen
6467177;Sport & Outdoor > Sportausrüstung > Multisportausrüstung > Sportbrillen > Radsportbrillen
6467187;Sport & Outdoor > Sportausrüstung > Sonstige Sportausrüstung
6467343;Sport & Outdoor > Sportausrüstung > Sonstige Sportausrüstung > Laufsport Ausrüstung
6467344;Sport & Outdoor > Sportausrüstung > Sonstige Sportausrüstung > Laufsport Ausrüstung > Sportuhren & -messgeräte
6467345;Sport & Outdoor > Sportausrüstung > Sonstige Sportausrüstung > Laufsport Ausrüstung > Sportuhren & -messgeräte > Fitnesstracker
6467188;Sport & Outdoor > Sportausrüstung > Sonstige Sportausrüstung > Motorradausrüstung
6467189;Sport & Outdoor > Sportausrüstung > Sonstige Sportausrüstung > Motorradausrüstung > Motorradbekleidung
6467190;Sport & Outdoor > Sportausrüstung > Sonstige Sportausrüstung > Motorradausrüstung > Motorradbekleidung > Motorradhemden
6467285;Sport & Outdoor > Sportausrüstung > Sonstige Sportausrüstung > Motorradausrüstung > Motorradbekleidung > Motorradjacken
6467297;Sport & Outdoor > Sportausrüstung > Sonstige Sportausrüstung > Wassersport Ausrüstung
6467298;Sport & Outdoor > Sportausrüstung > Sonstige Sportausrüstung > Wassersport Ausrüstung > Schwimmflossen
6467173;Sport & Outdoor > Sportausrüstung > Sportbekleidung
6467174;Sport & Outdoor > Sportausrüstung > Sportbekleidung > Funktionsshirts
6467310;Sport & Outdoor > Sportausrüstung > Sportbekleidung > Sport-Shorts
6467283;Sport & Outdoor > Sportausrüstung > Sportbekleidung > Sporthosen
6467284;Sport & Outdoor > Sportausrüstung > Sportbekleidung > Sporthosen > Jogginghosen
6467339;Sport & Outdoor > Sportausrüstung > Sportbekleidung > Sportoberteile
6467340;Sport & Outdoor > Sportausrüstung > Sportbekleidung > Sportoberteile > Laufshirts
6467389;Sport & Outdoor > Sportausrüstung > Sportbekleidung > Sportröcke
6467482;Sport & Outdoor > Sportausrüstung > Wintersportausrüstung
6407416;Sport > Angelsport
6407417;Sport > Angelsport > Kleines Angelzubehör
6407418;Sport > Angelsport > Kleines Angelzubehör > Bleie
6407419;Sport > Angelsport > Zubehör
6407420;Sport > Angelsport > Zubehör > Räucheröfen & -utensilien
6407066;Sport > Camping & Outdoor
6407421;Sport > Camping & Outdoor > Bekleidung
6407422;Sport > Camping & Outdoor > Bekleidung > Kinder
6407423;Sport > Camping & Outdoor > Bekleidung > Wanderschuhe
6407424;Sport > Camping & Outdoor > Camping-Küchenbedarf
6407426;Sport > Camping & Outdoor > Camping-Küchenbedarf > Campinggeschirr
6407428;Sport > Camping & Outdoor > Camping-Küchenbedarf > Kochgeschirr
6407429;Sport > Camping & Outdoor > Markisen & Vorzelte
6407430;Sport > Camping & Outdoor > Markisen & Vorzelte > Markisen-Zubehör
6407431;Sport > Camping & Outdoor > Messer & Werkzeuge
6407432;Sport > Camping & Outdoor > Messer & Werkzeuge > Rettungsmesser
6407433;Sport > Camping & Outdoor > Outdoor Schlafausrüstung
6407434;Sport > Camping & Outdoor > Outdoor Schlafausrüstung > Luftmatratzen & Isomatten
6407436;Sport > Camping & Outdoor > Rucksäcke
6407438;Sport > Camping & Outdoor > Rucksäcke > Tagesrucksäcke
6407439;Sport > Camping & Outdoor > Rucksäcke > Trekkingrucksäcke
6407067;Sport > Camping & Outdoor > Sonstiges Camping & Outdoor
6418477;Sport > Camping & Outdoor > Werkzeuge
6407440;Sport > Camping & Outdoor > Zelte & Strandmuscheln
6407441;Sport > Camping & Outdoor > Zelte & Strandmuscheln > Strandmuscheln
6407068;Sport > Fitness & Jogging
6407555;Sport > Fitness & Jogging > Bekleidung
6407556;Sport > Fitness & Jogging > Bekleidung > Damen
6407557;Sport > Fitness & Jogging > Bekleidung > Damen > Sweatshirts & Kapuzenpullover
6407069;Sport > Fitness & Jogging > Fitness- & Laufschuhe
6407442;Sport > Fitness & Jogging > Kleingeräte & Zubehör
6407443;Sport > Fitness & Jogging > Kleingeräte & Zubehör > Fitnessbänder
6407444;Sport > Fitness & Jogging > Kleingeräte & Zubehör > Trinkflaschen
6407445;Sport > Fitness & Jogging > Krafttraining & Gewichte
6407446;Sport > Fitness & Jogging > Krafttraining & Gewichte > Gewichthebergürtel
6407447;Sport > Fitness & Jogging > Sportelektronik
6407448;Sport > Fitness & Jogging > Sportelektronik > Herzfrequenzmesser
6407070;Sport > Fitness & Jogging > Yoga & Pilates
6407449;Sport > Fitness & Jogging > Yoga & Pilates > Yogamatten
6407071;Sport > Funsport
6407558;Sport > Funsport > Airsoft
6407559;Sport > Funsport > Airsoft > Waffen
6407560;Sport > Funsport > Airsoft > Waffen > Pistolen
6407072;Sport > Funsport > Cityroller & Kickboards
6407073;Sport > Funsport > Elektro-Scooter
6407561;Sport > Funsport > Skateboarding
6407562;Sport > Funsport > Skateboarding > Boards
6407563;Sport > Funsport > Skateboarding > Boards > Lager
6407564;Sport > Golf
6407565;Sport > Golf > Golfbekleidung
6407566;Sport > Golf > Golfbekleidung > Herren-Golfbekleidung
6407567;Sport > Golf > Golfbekleidung > Herren-Golfbekleidung > Golfschuhe
6407450;Sport > Outdoorsport
6407451;Sport > Outdoorsport > Outdoorspiele
6407452;Sport > Outdoorsport > Outdoorspiele > Wurfspiele
6407074;Sport > Radsport
6407453;Sport > Radsport > Fahrradreparatur & Werkzeug
6407455;Sport > Radsport > Fahrradreparatur & Werkzeug > Werkzeug
6418457;Sport > Radsport > Fahrradteile
6407075;Sport > Radsport > Fahrradteile & -komponenten
6407456;Sport > Radsport > Fahrradteile & -komponenten > Bremsbeläge
6407457;Sport > Radsport > Fahrradteile & -komponenten > Bremsscheiben
6407458;Sport > Radsport > Fahrradteile & -komponenten > Sättel
6418458;Sport > Radsport > Fahrradteile > Naben
6407076;Sport > Radsport > Fahrradzubehör
6407461;Sport > Radsport > Fahrradzubehör > Beleuchtung & Reflektoren
6407463;Sport > Radsport > Fahrradzubehör > Fahrradanhänger
6407464;Sport > Radsport > Fahrradzubehör > Fahrradständer & Aufbewahrung
6407465;Sport > Radsport > Fahrradzubehör > Fahrradtaschen
6407467;Sport > Radsport > Fahrradzubehör > Schlösser & Sicherheit
6407468;Sport > Radsport > Fahrradzubehör > Transportkoffer/-taschen
6407469;Sport > Radsport > Helme & Protektoren
6407470;Sport > Radsport > Helme & Protektoren > Helme
6407077;Sport > Reit- & Fahrsport
6407078;Sport > Reit- & Fahrsport > Reithelme & Schutzkleidung
6407079;Sport > Sporttaschen & Rucksäcke
6407080;Sport > Sporttaschen & Rucksäcke > Rucksäcke
6407471;Sport > Tauchen
6407472;Sport > Tauchen > ABC & Blei
6407473;Sport > Tauchen > ABC & Blei > Schnorchelflossen
6407474;Sport > Tauchen > Instrumente & Uhren
6407475;Sport > Tauchen > Instrumente & Uhren > Konsolen
6407081;Sport > Weitere Ballsportarten
6407476;Sport > Weitere Ballsportarten > Football
6407477;Sport > Weitere Ballsportarten > Football > Fanartikel
6407082;Sport > Weitere Ballsportarten > Tennis
6407478;Sport > Weitere Ballsportarten > Tennis > Sonstige
6407083;Sport > Weitere Sportarten
6407084;Sport > Weitere Sportarten > Bogenschießen
6407479;Sport > Weitere Sportarten > Boxen
6407480;Sport > Weitere Sportarten > Boxen > Boxsets
6407481;Sport > Weitere Sportarten > Dart
6407482;Sport > Weitere Sportarten > Dart > Scheiben
6406736;Sport > Weitere Wintersportarten
6407483;Sport > Weiterer Wassersport
6407484;Sport > Weiterer Wassersport > Kitesurfen
6407485;Sport > Weiterer Wassersport > Kitesurfen > Sonstige
6407486;Sport > Wintersport
6407487;Sport > Wintersport > Bekleidung
6407488;Sport > Wintersport > Bekleidung > Hosen
6407568;Sport > Wintersport > Skifahren, Snowboarden & Schneeschuhwandern
6407569;Sport > Wintersport > Skifahren, Snowboarden & Schneeschuhwandern > Schuhe & Boots
6407570;Sport > Wintersport > Skifahren, Snowboarden & Schneeschuhwandern > Schuhe & Boots > Herrenschuhe & -boots
6407571;Sport > Wintersport > Skifahren, Snowboarden & Schneeschuhwandern > Schuhe & Boots > Kinderschuhe & -boots
6407085;Sportartikel
6407086;Sportartikel > Badminton
6407087;Sportartikel > Badminton > Netze
6406737;Sportelektronik
6406738;Sportelektronik > Fitness-Tracker
6406739;TV, Video & Audio
6407088;TV, Video & Audio > DJ-Equipment
6407089;TV, Video & Audio > DJ-Equipment > DJ-Kopfhörer
6407090;TV, Video & Audio > DJ-Equipment > Mikrofone
6407091;TV, Video & Audio > Heim-Audio & HiFi
6407092;TV, Video & Audio > Heim-Audio & HiFi > Verstärker & Vorverstärker
6406740;TV, Video & Audio > Tragbare Geräte & Kopfhörer
6407093;Uhren & Schmuck
6407094;Uhren & Schmuck > Juwelierbedarf
6407095;Uhren & Schmuck > Juwelierbedarf > Reinigungsgeräte & -materialien
6406741;Wohnen & Einrichten
6467361;Wohnen & Einrichten > Möbel
6467363;Wohnen & Einrichten > Möbel > Betten & Zubehör
6467365;Wohnen & Einrichten > Möbel > Betten & Zubehör > Bettausstattungen
6467438;Wohnen & Einrichten > Möbel > Betten & Zubehör > Bettausstattungen > Matratzen
6467439;Wohnen & Einrichten > Möbel > Betten & Zubehör > Bettausstattungen > Matratzen > Topper
6467367;Wohnen & Einrichten > Möbel > Betten & Zubehör > Bettausstattungen > Matratzenschoner
6467362;Wohnen & Einrichten > Möbel > Tische & Zubehör
6467364;Wohnen & Einrichten > Möbel > Tische & Zubehör > Tische
6467366;Wohnen & Einrichten > Möbel > Tische & Zubehör > Tische > Couchtische
6406742;Wohnen & Einrichten > Spiegel
