finding_type;baselinker_product_id;sku;title;category_id;category_breadcrumb
damen_in_title_herren_category;458456587;SKU-0989494543;Adidas Sneaker Damen Gr. 38 2/3 Semi Pink/Red Glow Pink JS0254 NEU;15709;Kleidung & Accessoires > Herren > Herrenschuhe > Sneaker
damen_in_title_herren_category;458456589;SKU-2391228513;Adidas Sneaker Damen Gr. 38 Hellgrau Hellblau Wildleder Handball Spezial W;15709;Kleidung & Accessoires > Herren > Herrenschuhe > Sneaker
damen_in_title_herren_category;458453030;SKU-0280699295;H M Damen Pullover Rot Baumwolle NEU;11484;Kleidung & Accessoires > Herren > Herrenmode > Pullover & Strick
damen_in_title_herren_category;458453029;SKU-7049665224;H M Damen Strickjacke Hellblau Gr.xL Materialmix NEU;175774;Kleidung & Accessoires > Spezielle Anlässe > Vintage-Mode > Vintage-Mode für Herren > Pullover & Strickjacken
damen_in_title_herren_category;458456593;SKU-6673544963;PUMA Sneaker Damen Gr. 38 Weiß Leder Court Classico NEU;15709;Kleidung & Accessoires > Herren > Herrenschuhe > Sneaker
damen_in_title_herren_category;458974939;SKU-9933881904;SCENEx Tanzschuhe Damen Schwarz Satin NEU;2994;Kleidung & Accessoires > Herren > Herren-Accessoires > Handschuhe & Fäustlinge
damen_in_title_herren_category;458470093;SKU-6307001376;Tommy Hilfiger Sneaker Damen Gr. 40 Ancient White Lederimitat NEU;15709;Kleidung & Accessoires > Herren > Herrenschuhe > Sneaker
duplicate_title_group_2;476200310;SKU-0694979094;LIQUI MOLY Motoröl 1 NEU;179496;Auto & Motorrad: Teile > Öl, Pflege- & Schmiermittel > Motoröl
duplicate_title_group_2;473049813;SKU-4955195373;LIQUI MOLY Motoröl 1 NEU;179496;Auto & Motorrad: Teile > Öl, Pflege- & Schmiermittel > Motoröl
duplicate_title_group_2;489182043;SKU-3067192877;TT. BAGATT Stiefeletten Damen Leder D11-AGx33-1100 NEU;53557;Kleidung & Accessoires > Damen > Damenschuhe > Stiefel & Stiefeletten
duplicate_title_group_2;489182030;SKU-5359727068;TT. BAGATT Stiefeletten Damen Leder D11-AGx33-1100 NEU;53557;Kleidung & Accessoires > Damen > Damenschuhe > Stiefel & Stiefeletten
missing_category;499992301;SKU-1665721376;7 O’Clock Glas-Set NEU;;
missing_category;484709398;SKU-7255766247;Abercrombie Fitch Herren T-Shirt Mehrfarbig Gr. L 100% Baumwolle 661581842;;
missing_category;492850956;SKU-6725568671;ACRE Rollator RTD08179P Erwachsene Carbonfaser 130kg Rot NEU;;
missing_category;489186632;SKU-4995445480;Adidas Herren Trainingshose Dunkelblau Gr. L Polyester JC8285 NEU;;
missing_category;493970493;SKU-2693030055;Adidas Unisex Jogginghose Lila Gr. 2xS Baumwollmischung IY9636 NEU;;
missing_category;499987105;SKU-4817360056;Adidas UnisexKinder T-Shirt Grün Gr. 158 IY7431 NEU;;
missing_category;492851140;SKU-5561398463;Alberomio Wickelauflage PT70 NEU;;
missing_category;491624637;SKU-1198160025;AMORELIE Mini-Vibrator Joy Shine 2.1-3.3cm Damen Silikon ABS 3.3cm Grün NEU;;
missing_category;492851519;SKU-6536943755;ANYCUBIC 3D Drucker Filament IPHHSBW-106 High Speed PLA 1.75mm Weiß NEU;;
missing_category;491627248;SKU-3324867175;Auledio Handtuchhalter wie abgebildet NEU;;
missing_category;486559124;SKU-9400450055;Außenspiegel Rechts für Fiat Citroën Peugeot Ducato Jumper Boxer ALKAR;;
missing_category;491628585;SKU-7676899776;AUTO NEWLAND Rangierwagenheber NEU;;
missing_category;491621018;SKU-2231367173;Bedrop Bienengiftsalbe Hautpflege Beruhigend Revitalisierend 100g NEU;;
missing_category;491625823;SKU-9706798890;Befestigungskit Dach für Dachträger 7033 Thule Dac;;
missing_category;499987026;SKU-1000000005;Bench Herren Hemd Marineblau Gr. S Baumwolle EN31238 NEU;;
missing_category;499986923;SKU-1000000003;Bench Herren Jeans Dunkelblau Gr. W34 L34 Baumwollmischung NEU;;
missing_category;499986916;SKU-1000000004;Bench Herren Kurzarmhemd Weiß Gr. M 100% Baumwolle SE24EN31239 NEU;;
missing_category;489022119;SKU-4832582390;BENT Fahrzeugadapter 50023 NEU;;
missing_category;489025786;SKU-3855746092;Benzin-Rucksack-Kombigerät Garten Rucksack-Tragesystem 6-in-1 System;;
missing_category;489024228;SKU-7396058360;BGS technic Motor-Einstellwerkzeug Satz;;
missing_category;489183055;SKU-4874908260;Blend Herren Langmantel Schwarz Gr. M Polyester NEU;;
missing_category;489185872;SKU-0457243849;Blue Tomato Herren Weste Schwarz Gr. L Polarfleece BTFW2329 NEU;;
missing_category;497025814;SKU-8529737282;Boland Poncho Damen Gr. Einheitsgröße 100% Polyester Braun NEU;;
missing_category;489688891;SKU-3582144495;Boland UnisexErwachsene Schlaghose Regenbogen Gr. M/L 100% Polyester 44744;;
missing_category;488505117;SKU-8073301246;BRUT Clothing Herren Wachsjacke Olivgrün Gr.xL Wachsbaumwolle 1852315181124;;
missing_category;499986495;SKU-1000000010;Calvin Klein String Tanga 000QD5209E NPA Damen Gr. L Baumwolle;;
missing_category;499990525;SKU-1000000008;Calzedonia Damen Leggings Schwarz Gr. S/M Microfaser MODP0035 NEU;;
missing_category;489181873;SKU-2126872416;CYBEx Kindersitz 520004387 NEU;;
missing_category;492850561;SKU-3877364215;DELSEY PARIS Trolley Koffer 3861820198 47cm Unisex 71cm Himbeere NEU;;
missing_category;490679626;SKU-5493501888;Duschschlauch Kunststoff 160cm Dusche Verdrehschutz NEU;;
missing_category;489182553;SKU-8945251431;Dyson Reinigungsset V7 V8 V10 V11 V12 V15 Staubsauger;;
missing_category;489021502;SKU-5526640633;Element Herren Hemd Beige Gr. L NEU;;
missing_category;489688591;SKU-8447826159;Ellesse Herren Boxershorts Schwarz Gr. M 95% Baumwolle 5% Elastan SZA02765;;
missing_category;489026794;SKU-5207774112;Finori Waschbeckenunterschrank B014082/001528 66cm Holzwerkstoff Weiß NEU;;
missing_category;484709463;SKU-4747629782;Fitbit Fitness-Tracker GA05184-EU NEU;;
missing_category;492850890;SKU-7702312083;Flamingo Vögel Vogelvoliere Wetterfest Grau;;
missing_category;499989311;SKU-1000000007;GANT Herren Hemd Capri Blau Gr. L Popeline 2423000714 NEU;;
missing_category;489027192;SKU-4777479586;GIVI Windschild Rauchgrau Kunststoff D230S NEU;;
missing_category;489026231;SKU-3244413909;Grillkorb Edelstahl 22cm Gemüse Fisch kleine Fleischstücke NEU;;
missing_category;489182613;SKU-2454152281;H M HOME Wandspiegel 0975688 500mm 19mm Schwarz NEU;;
missing_category;491622621;SKU-6046815482;Hansgrohe Waschtischarmatur NEU;;
missing_category;489026812;SKU-5660339205;Holzkohlegrill Stahl Outdoor NEU;;
missing_category;489026093;SKU-3010724612;HUGO BOSS Herren Jeans Schwarz Gr. 36/32 50520195 NEU;;
missing_category;489026464;SKU-5749801311;HUGO Damen Blazer Grün Elastan 5% Polyester 64% Viskose 31 50530473 NEU;;
missing_category;489184620;SKU-2005525534;Hunkemöller Damen Shapewear Body Schwarz Gr. M NEU;;
missing_category;489182374;SKU-5094533501;IsolBau Leinöl-Firnis NEU;;
missing_category;489688592;SKU-7334344420;JACK JONES Herren Socken Schwarz Gr. Einheitsgröße 12172337 NEU;;
missing_category;489181810;SKU-2733489996;Jack Wolfskin Herren Outdoorjacke Black Olive Gr. 3xL NEU;;
missing_category;489027220;SKU-1769600457;Jesebang YT18 In-Ear Kopfhörer bluetooth Schwarz NEU;;
missing_category;487361824;SKU-0789448642;Kalahari Wassergläser Set 8.5cm 300ml NEU;;
missing_category;489023773;SKU-2879742273;Kela Tischgrill 24cm NEU;;
missing_category;489183312;SKU-8049033555;KFZ Handyhalterung UGREEN 15846 NEU;;
missing_category;489025803;SKU-6154185094;Khujo Damen Wintermantel light moss green Gr.xxL 100% Nylon KH121U1KW-C11;;
missing_category;499985156;SKU-9881775692;Killtec Erwachsene Skihose Schwarz Gr.xL Polyester 30920 000 00925 NEU;;
missing_category;492850567;SKU-1164276787;Kompressor Kühlbox für KFZ Wohnmobil Camping -20°C 12/24V 230V VEVOR Komp;;
missing_category;489688589;SKU-4870064003;Köln Matratze 31464030709 200cm 100x200cm NEU;;
missing_category;489021110;SKU-7824016126;LADYHOW Handseilzug NEU;;
missing_category;489181898;SKU-9824375922;Lawrence Grey Damen Daunenjacke Schwarz Gr. 34 100% Polyamid FW2460-22 NEU;;
missing_category;480593369;SKU-8463577445;LED-Streifen Milchweißes PVC 20 Meter Innen- und Außenbereich NEU;;
missing_category;489182830;SKU-6986483321;LEGO Dinosaurier Konstruktionsspielzeug 31058 7-12 Jahre NEU;;
missing_category;492851312;SKU-0026867017;LESBJFDM Tattoo Armlehne NEU;;
missing_category;492851385;SKU-2002593737;LEVEL8 Koffer Luminous 44cm 65 Liter Unisex 65L Schwarz NEU;;
missing_category;499987258;SKU-0196260000;Levi's Damen Jeans Schwarz Denim NEU;;
missing_category;499981363;SKU-9143128563;LINDENMANN Herren Gürtel Dunkelbraun Gr. 135cm Büffelleder NEU;;
missing_category;489182272;SKU-2433624992;LionSports Badminton Tennis Volleyball Mobiles Sportnetz Profi NEU;;
missing_category;491628674;SKU-4465485856;Mahlzeit Chafing Dish Set 9 Liter NEU;;
missing_category;499982613;SKU-0000608676;Maison Close Damen String Taupe Tüll (Polyamid Elasthan 608676 NEU;;
missing_category;499982615;SKU-0000560248;Maison Close Triangle BH 560248 Damen Gr. S 85% Polyamid 15% Elasthan NEU;;
missing_category;489182261;SKU-8243336834;Matratzenauflagen Topper Gelschaum 200cm Einzelbetten NEU;;
missing_category;489688594;SKU-2007106780;MILANO Herren Hawaii Hemd Schwarz Orange Gr. L/xL Polyester NEU;;
missing_category;491627441;SKU-5932239224;Motorrad Abdeckplane für Roller 41088 Aprilia Vespa Kymco V Abdeck;;
missing_category;491627108;SKU-0500263191;Namuk Kinder Schneehose Schokolade Gr. EU 104 Polyester Crusade NEU;;
missing_category;488052027;SKU-1055381582;Nespresso Kaffeegläser Set NEU;;
missing_category;489020645;SKU-3476455542;NINTH HALL Herren Sweatshirt Gelb Gr. M Baumwollmischung NEU;;
missing_category;499987799;SKU-1000000006;ONLY SONS Herren Jeansjacke Medium Blue Gr. L Baumwollmischung 22024333 NEU;;
missing_category;487361826;SKU-5133324860;Patagonia Herren Freizeithemd Salamandergrün Gr. L Baumwolle 52691 NEU;;
missing_category;488457239;SKU-4026350484;Patagonia Herren T-Shirt Recycelte Baumwolle Recyceltes Polyester 87655 NEU;;
missing_category;484709451;SKU-0279594894;Patriot P300P256GM28 Interne Solid State Drive 256GB m.2 pcie gen3 nvme NEU;;
missing_category;491623664;SKU-8205373469;Penthouse Damen String Ouvert Schwarz Gr. L/xL Hot Getaway NEU;;
missing_category;491623731;SKU-0563915773;PENTHOUSE String Open Secret Damen Gr. L/xL Polyamid Schwarz NEU;;
missing_category;491625788;SKU-9166429134;Peridan's Schubladenteiler 5.7cm NEU;;
missing_category;492851071;SKU-7514362439;Philips Heißluftfritteuse RapidAir Plus 6.2L NEU;;
missing_category;492850891;SKU-2603681659;Pier One Unisex Weekender Schwarz Gr. Size Polyurethan PI954H033-Q11 NEU;;
missing_category;493965240;SKU-0231755176;PME Legend Cargohose PTR2408602-6416 Herren 98% Baumwolle 2% Elasthan;;
missing_category;493978215;SKU-6508368269;PME Legend Cargohose PTR2408602-6416 Herren Gr. W33 L32 Stretch Twill;;
missing_category;493983383;SKU-9543142444;PME Legend Erwachsene Cargohose Olivgrün Gr. W34 L32 Stretch Twill NEU;;
missing_category;493965028;SKU-0167269441;PME Legend Herren Cargohose olive night Baumwolle Elasthan PTR2408602-6416;;
missing_category;493979194;SKU-7167329167;PME Legend Herren Cargohose Olive Night Gr. W34 L34 Stretch Twill NEU;;
missing_category;493970758;SKU-2808592829;PME Legend Herren Cargohose Olive Night Gr. W36 L34 Stretch Twill NEU;;
missing_category;493982312;SKU-8923961743;PME Legend Herren Cargohose Olivgrün Gr. W31 L32 Baumwolle PTR2408602-6416;;
missing_category;493983365;SKU-9495443556;PME Legend Herren Cargohose Olivgrün Gr. W36 L32 98% Baumwolle 2% Elasthan;;
missing_category;493966547;SKU-0606185267;PME Legend Herren Cargohose Olivgrün Stretch Twill PTR2408602-6416 NEU;;
missing_category;493979932;SKU-7739152864;PME Legend Herren Cargohose Travertine Gr. W31 L34 Stretch Twill;;
missing_category;493969717;SKU-2215117275;PME Legend Herren Cargohose Travertine Gr. W32 L32 Stretch Twill;;
missing_category;493973542;SKU-4271597760;PME Legend Herren Cargohose Travertine Gr. W33 L34 Stretch Twill;;
missing_category;493975264;SKU-4906689601;PME LEGEND Herren Poloshirt Blau Gr. L 100% Baumwolle NEU;;
missing_category;493982185;SKU-8896806933;PME LEGEND Herren Poloshirt Blau Gr. M NEU;;
missing_category;493973434;SKU-4129459884;PME LEGEND Herren Poloshirt Blau Gr.xL Baumwolle NEU;;
missing_category;493973829;SKU-4465818458;PME LEGEND Herren Poloshirt Dunkelblau Gr. L 100% Baumwolle Piqué NEU;;
missing_category;493982950;SKU-9245031381;PME LEGEND Herren Poloshirt Dunkelblau Gr. M NEU;;
missing_category;489184292;SKU-7977735758;Puma Herren Boxershorts Grau Schwarz Gr.xL Baumwolle 701226397003040 NEU;;
missing_category;489182739;SKU-8351368256;Regatta Herren Shorts Golden Sand Gr. 56 100% Polyamid RMJ298 NEU;;
missing_category;489022680;SKU-4191907503;Revisionsklappe Stahlblech Wand Decke NEU;;
missing_category;484714753;SKU-7569423484;Revisionsklappe Verzinkter Stahl Installationsschächte Hohlräume NEU;;
missing_category;489183572;SKU-1018841553;ROCKANDBLUE Damen Mantel Light Stone Gr. 46 Winter Memory Poly Recycled NEU;;
missing_category;489022295;SKU-7357361636;ROHO Sitzkissenbezug 61373208013 5cm Schwarz NEU;;
missing_category;489022944;SKU-1708759606;SCHIESSER Bustier 42 Schwarz;;
missing_category;489022994;SKU-3455080661;SCHIESSER Damen Taillenslip Weiß Gr. 40 Baumwolle 399053 NEU;;
missing_category;489023216;SKU-7707703650;SCHIESSER Teens Schlafanzug-Set Dunkelblau Gr. 38 Baumwolle 179297-803 NEU;;
missing_category;499981734;SKU-1000000001;Shimano Radsport Naben HB-RM35 NEU;;
missing_category;491621852;SKU-0997953441;SKS Germany Radsport Multitool TOM 18 NEU;;
missing_category;491626608;SKU-6099828388;Sloggi BH M Atmungsaktiv Weich Dehnbar Elfenbein;;
missing_category;489183649;SKU-4208989688;Sloggi Herren Slip Mehrfarbig Gr. EU 6 96% Baumwolle 4% Elastan M013/Z9 NEU;;
missing_category;491626761;SKU-1814556864;Sloggi Mini Slip GO Crush Damen Gr. S Baumwollmischung Multi-Colour NEU;;
missing_category;489182506;SKU-8223313532;Smiffys Damen Kostüm Mehrfarbig Gr. M NEU;;
missing_category;497952264;SKU-7199945280;Sodafixx Schraubverschluss CO2 Zylinder für Wassersprudler 1 x  425g NEU;;
missing_category;497952264;SKU-9247228090;Sodastream CO2 Zylinder Schnellverschluss 60 Liter Sprudelwasser NEU;;
missing_category;499989221;SKU-0015305033;SodaStream Kohlensäurezylinder 4er Pack DUO Terra Crystal 3.0;;
missing_category;487361823;SKU-4762036663;Solarleuchte Kunststoff Außenbereich NEU;;
missing_category;489183604;SKU-3748510561;Sonnenliege Akazienholz 94cm Garten Terrasse Balkon;;
missing_category;488088781;SKU-1468228360;SPOOK TACULAR CREATIONS Kinder Kostüm Set Grau NEU;;
missing_category;499982788;SKU-8897137065;Standheizung für Wohnmobil LKW Boot mit 5L TankxMZ-D1 VEVORxMZ-D1V VEVOR;;
missing_category;499981015;SKU-4138606905;Stradivarius Damen Hose Schwarz Lederimitat 4565/664/001 NEU;;
missing_category;492850761;SKU-8242720178;STRATIC Hartschalenkoffer Straw 41cm Unisex Gr. M Hartschale 65cm Rosa NEU;;
missing_category;492850711;SKU-5144694690;Stratic Trolley Light 39cm 37L Unisex Gr. S Polyester 55cm Mint NEU;;
missing_category;493976051;SKU-5198272869;Street One Damen Pullover Anthrazit Gr. EUR 44-48 Textil Unbekannt NEU;;
missing_category;491628080;SKU-2178359678;Suhr Effektpedal Woodshed Comp 9V 6.35mm Klinke In/Out NEU;;
missing_category;489185849;SKU-2574433036;SUNLU 3D Drucker Filament PLA 1.75mm 1kg 0.02mm Mehrfarbig NEU;;
missing_category;492851509;SKU-5047615558;Sunlu F-SL-PLA-PLA+-BK-5-S-AE 3D Drucker Filament 1.75mm 5kg Schwarz;;
missing_category;489688894;SKU-5644516401;Supplend Nagelpilzbehandlung 1 Stift NEU;;
missing_category;492851206;SKU-0780623565;TAN.TOMI Hartschalenkoffer BOD17R89GL 27cm 65 Liter Unisex Gr. L ABS 65L;;
missing_category;485998935;SKU-0336723314;TEE-UU Rettungsmesser 9892-2510 NEU;;
missing_category;489187395;SKU-8261682619;TePe Interdentalbürsten NEU;;
missing_category;491627999;SKU-5602954541;Tischleuchte 165mm Innenbereich Vintage-Design Kompakte Bauweise NEU;;
missing_category;499986360;SKU-1000000009;TOM TAILOR Damen Flechtgürtel Schwarz Gr. 85/32 Leder NEU;;
missing_category;489020673;SKU-6634800828;Tommy Hilfiger Herren Pullover Dunkelblau Gr.xL Baumwolle Kaschmir NEU;;
missing_category;499991432;SKU-4500500397;TOMMY JEANS Damen Zip-Off Cargo Hose Faded Willow Gr. S Nylon NEU;;
missing_category;491628405;SKU-9116827107;Toyfel Zahlenwurfspiel Tölky NEU;;
missing_category;485963049;SKU-0121175685;TRESKO Hund Katze Transportbox L Anthrazit;;
missing_category;489187059;SKU-6221197450;TRIGGER POINT SYSTEMS Fitness Fitnessbänder Set 3er S M L NEU;;
missing_category;488094185;SKU-1479525764;TT. BAGATT Stiefelette Damen Gr. 41 Echtleder D11-AGx33-1100 NEU;;
missing_category;489186099;SKU-2365442999;Unbekannt Gastronormbehälter 176mm 2.4 Liter;;
missing_category;499981441;SKU-1000000000;Under Armour Herren T-Shirt Schwarz/Graphit Gr.xL Polyester 1326413 NEU;;
missing_category;499985127;SKU-1000000002;Urban Classics Damen Leggings Schwarz Gr. S Baumwolle TB3216-20007 NEU;;
missing_category;488078915;SKU-1377750386;Valuents Campingteppich CampCarp-250-350 Gr. 250x350cm NEU;;
missing_category;489182852;SKU-6033365611;VERO MODA Damen Minirock Gr. M FauxSuede 10210430 NEU;;
missing_category;492850690;SKU-8229761001;VEVOR Kompressor Kühlbox 615mm 20 Liter NEU;;
missing_category;489027512;SKU-9612106646;Wandgarderobe Holz Metall ca. 67cm Innen NEU;;
missing_category;489688634;SKU-8934718651;Widmann Herren Kostümhemd Schwarz Orange Gr.xxL Polyester 10123 NEU;;
missing_category;489688704;SKU-3425228384;Widmann Herren Schlaghose Pink Gr. L/xL Polyester NEU;;
missing_category;487365293;SKU-4883385910;ZARA HOME Couchtisch 9273/072/700/99 46x70x60cm Erwachsene Mangoholz 70cm;;
title_too_long;465283082;SKU-9968230318;HOLA KIT Reifenreparaturset für PKW Motorrad ATV SUV HKDB02 22-teilig schlauchlos;179466;Auto & Motorrad: Teile > Werkzeuge > Reparatur-Sets & Teile > Reifenreparatur
