EAN,SKU,Teilenummer/Herstellernummer,OE/OEM,Name
8424445107988,SKU-9400450055,9202922,,ALKAR Außenspiegel 9202922 für diverse Fahrzeuge 5-polig elektrisch NEU
,SKU-2097206690,JSD 520,,Generisch Autoradios passgenau für JSD 520 NEU Schwarz 1 DIN Bluetooth
4059923008019,SKU-3671103995,802 472 019,"F-5518867, F881997, 561367, 298199, BOGE 88-353-R, KYB SM1210, LEMFÖRDER 34683 01",SACHS Reparatursatz Federbeinstützlager 802 472 019
1004200304684,SKU-4955195373,3046,,LIQUI MOLY Motoröl 3046 Motorbike 4T 10W-40 Mineralisch 4-Takt Motorrad NEU
8719558505043,SKU-3023625088,,,Unbekannt Gewindereparaturset 15-tlg NEU
14006633314036,SKU-7591395419,24.0125-0184.1,,ATE Bremsscheibe 24.0125-0184.1 Audi 314mm 314x25mm NEU
1507000192029,SKU-6705970836,1507000192029,,BOOST TOWN Ladeluftrohr Ansaugrohr Kit 1507000192029 Hyundai Kona/i30N Rot Gebr.
14006633314036,SKU-8902752253,24.0128-0248.1,,ATE Bremsscheibe 24.0128-0248.1 321mm 28mm Hyundai KIA NEU
6933783712522,SKU-4603086544,UR73C,,URVOLAX CarPlay Display UR73C 10.26 Zoll NEU Schwarz Touchscreen Drahtlos
2290601009009,SKU-2511182802,2290601009,,SACHS Kupplungssatz 2290601009 240 mm ZMS Modul XTend+CSC für VW AUDI SEAT
2452014202112,SKU-6761538665,2452014202112,,BMW Fußmatten 2452014202112 2er F45 Active Tourer Vorne Hinten Anthrazit
4260555381719,SKU-3982672342,6S9701P,,Unbekannt Autoradio 6S9701P gps Schwarz NEU
31080024102010,SKU-2941051529,DF4866S,,TRW Bremsscheibe DF4866S für Audi A4 A5 A6 innenbelüftet Vorderachse Schwarz NEU
3165143111321,SKU-6206509150,0392020073,,Bosch Zusatzwasserpumpe 0392020073 12V NEU
3322937241712,SKU-5868736484,GDB1330,,TRW Bremsbelagsatz GDB1330 Hinterachse 87 NEU
3374650257716,SKU-2267173123,,,MOTUL Motoröl 5W 1L NEU
3662775243128,SKU-5896801162,GTX5L-BS,,KYOTO Motorradbatterie GTX5L-BS SLA 12V 4Ah Wartungsfrei für Motorrad Schwarz
4006633310222,SKU-4616386559,24.0112-0178.1,,"ATE Bremsscheiben Set 24.0112-0178.1 für Audi - 300mm Durchmesser, 12mm Dicke"
4008177077142,SKU-2748406604,,,Castrol Motoröl 5W NEU
4026947097541,SKU-7396058360,9754,,BGS technic Motor-Einstellwerkzeug-Satz 9754 für GM Opel Saab Chevrolet NEU
4027816273868,SKU-1137525213,27386,,"febi bilstein Radlagersatz 27386 für Opel PKW, Vorderachse beidseitig NEU"
4027816321033,SKU-1609202291,32103,,febi bilstein Ölfilter 32103 NEU PSA-Motoren 9818914980 Auto Motorrad Teile
4030434105633,SKU-9182883969,FR490971,1403300051,FLENNOR Radlagersatz FR490971 für Mercedes-Benz OE 1403300051 Passgenau NEU
4034144003036,SKU-3097738026,100303,,EMUK Anhängerspiegel 100303 Schwarz Silber NEU
4036021157276,SKU-4110694191,4115,,MANNOL Kühlerfrostschutzmittel 4115 5L NEU
4036021163093,SKU-5320936983,7511,,Mannol Motoröle passgenau für SCT Lubricants NEU 7511 Energy SAE 5W-30
4036021579191,SKU-0614291176,7919,,MANNOL Motoröl 7919 Legend Extra SAE 0W-30 5L Synthetisch Benzin Diesel NEU
4040074053454,SKU-0333689520,0146410004,212 323 00 20,MEYLE Federbeinstützlager 014 641 0004 für Mercedes E-Klasse CLS Vorderachse NEU
4040074122754,SKU-0945605804,277026,,MEYLE Getriebeöl 277026 ATF DCG II für Doppelkupplungsgetriebe 1L Neu
4040074137246,SKU-9078406333,112 330 0003/S,"03L115466, 1K0129620D, 1K1819653",MEYLE Filter-Satz 112 330 0003/S für Audi Seat Skoda VW 1.6 2.0 TDI Motoren NEU
4040074266946,SKU-6074840029,100 498 0057,,MEYLE Gelenksatz Antriebswelle 100 498 0057 radseitig mit integriertem ABS-Ring
4041248145418,SKU-8581934036,057.240,,Elring Zylinderkopfschraubensatz 057.240 für VW Audi Ford Seat Skoda M12 172mm
4041248434536,SKU-8529588380,542.210,,Elring Motordichtungssatz 542.210 Leckageschutz Erstausrüsterqualität Schwarz
4041248450864,SKU-7321712010,1212188109,,Elring Zylinderkopfdichtungssatz 1212188109 Motor Braun Schwarz Metallisch
4041248450871,SKU-4780318569,150.162,,Elring Zylinderkopfdichtung 150.162 für Volkswagen Motoren Schwarz/Bronze Neu
4041248450888,SKU-1948960316,150.172,,Elring Zylinderkopfdichtungssatz 150.172 Motor Erstausrüsterqualität Neu
4046001447266,SKU-3016364513,V25-40006,,VAICO Bremsscheibe V25-40006 Hinterachse 302mm NEU
4053202268477,SKU-2191775022,600083246,,ZF Automatikgetriebeöl 600083246 1L NEU
4082300855241,SKU-1353005263,011 612-801,,HELLA Anlasser 011 612-801 12V Silber Schwarz NEU
4100420037405,SKU-0694979094,3740,,LIQUI MOLY Motoröl 3740 NEU TOP TEC 4300 5W-30 1L MPN ACEA C2/C3 API Benzin
4100420037412,SKU-7902875633,3741,,LIQUI MOLY Motoröl 3741 5W 5L NEU
4100420206474,SKU-4309949637,20647,,LIQUI MOLY Motoröl 20647 NEU 5W-30 Longlife III Liter Auto Motorrad Teile
4251175821556,SKU-2902386366,W135,,"EURO DRIVELINE Antriebswelle W135 - Präzisionsgefertigt, extrem belastbar"
4260499852344,SKU-3933851468,BP2208M0007720,,BLAUPUNKT Autoradio VALENCIA 200 DAB+ BT BP2208M0007720 4x40W 1-DIN Schwarz
4262427090057,SKU-0135090467,PH-WW-SET+1,,purahelp Warnwesten Set PH-WW-SET+1 Kinder Erwachsene Gelb NEU
8721107596471,SKU-6587967689,000026640,,Calvin Klein Trunks 000026640 Schwarz Weiß Marineblau NEU
5907708618689,SKU-3756924465,HP-608,,FEDOUR Aquarienheizstab HP-608 mit Temperaturregler 50W für 20-34°C NEU
4906958001464,SKU-2966583160,YTZ10S,,YUASA Motorradbatterie YTZ10S AGM 12V 9.1Ah für Motorräder Powersports NEU
4909500898543,SKU-2019632072,910158,,KYB Staubschutz-Kit 910158 Schwarz NEU
4069702001179,SKU-1306047599,1024,,LIQUI MOLY Getriebeöl 1024 75W 1L NEU
5011987005952,SKU-9425624573,600071884,,Shell Motoröl 600071884 Deutschland GmbH 5W 1L NEU
5055350245538,SKU-9039614531,CDW004,,FOX Windschutz CDW004 Aluminium Schwarz NEU
,SKU-5753016417,,,Audi Fußmatten Set Q5 8R Vorne Hinten Schwarz NEU
5901532626087,SKU-1746174206,3238522E,735480887,Polcar Außenspiegel 3238522E 735480887 Kunststoff Fiat Ducato (2006-2011) NEU
5902811100663,SKU-3663111562,MN/R50Y01/B/0066B,,Texer.eu Fußmatten Set MN/R50Y01/B/0066B Vorne Hinten Schwarz NEU
5904270013775,SKU-5437386727,10L0503-JPN,"A.B.S.: 200923, BLUE PRINT: ADG08207, FEBI BILSTEIN: 172778, GSP: GK6891","JPN Radlagersatz 10L0503-JPN für KIA Sportage ix35, Ø 84mm, Breite 41mm"
5908242693453,SKU-6816251293,5600063,,"KAMOKA Radlagersatz 5600063 für KIA, Hyundai, Silber/Rot Metall NEU Vorderachse"
4250394535152,SKU-2708761114,MS-16319,,"BITUXX Federspanner-Set MS-16319 für Federbeine, Spannweite 65-212mm Schwarz"
6941876218462,SKU-8049033555,15846,,UGREEN Handyhalterung 15846 Schwarz NEU
3615984567431,SKU-1423771699,102C-510,83025R,Piaggio Keilriemen 102C-510 für Beverly X10 MP3 350 Roller Schwarz Gummi
4019722112706,SKU-3606468262,92056600,,TEXTAR Bremsscheibe 92056600 für Mercedes-Benz 320mm 30mm Vorderachse NEU
7649988997723,SKU-3130743576,HA-MS-B1-232097,,MONASERA Lufterfrischer Halter Set HA-MS-B1-232097 87.5x12.5x15.5mm (LxBxH
4011283370618,SKU-7200941317,,,Tesla Sonnenschutz Dach Schwarz NEU
,SKU-6044260478,8MA 376 783-494,CRT 191 000S,"MAHLE Ausgleichsbehälter 8MA 376 783-494 für VW Transporter, Kunststoff Weiß NEU"
3129179786922,SKU-5120624450,946921699,,ELUTO Sitzbezug Set 946921699 Vorne Hinten Schwarz Silber Weiß NEU
8004815313234,SKU-1316800430,97901-038,,Fiamma Nivellierkeil 97901-038 Grau NEU
8019606021557,SKU-4777479586,D230S,,GIVI Windschild Rauchgrau NEU D230S BMW F650 Motorrad Getönt 650F Fume
8717475102703,SKU-7333529126,310-0237,388-FDD527TL,TYC Außenspiegel 310-0237 für Ford Transit VI Rechts beheizbar elektrisch NEU
8718042150288,SKU-3341294632,0030119A,,"NRF Ladeluftkühler 0030119A für BMW – Neu, optimierte Motoreffizienz, Auto"
8719076052258,SKU-9132277490,,,Victron Energy Batterieschalter 48V Schwarz Rot NEU
,SKU-3310911465,KE900-90043,,Nissan Motoröl KE900-90043 5W-30 C4 Synthetik 5L für Dieselmotoren DPF Neu
4250983259612,SKU-3988740005,8-01-012830,,Offgridtec Sammelschiene 8-01-012830 Heavy Duty mit M8/M10 Anschlussbolzen
4250362479310,SKU-0236764953,105E-320,,Malossi Variator 105E-320 Silber NEU
3306437238014,SKU-0411747828,573429J,,"JURID Bremsbelagsatz 573429J, 97.5mm Breite, 94.7mm Höhe, 17.2mm Dicke"
,SKU-2611077541,EBY-1000335-1342,,Glossyautoparts Nockenwelle EBY-1000335-1342 NEU Metall optimierte Motorleistung
9001778309730,SKU-2633108165,30973,,WALSER Hagelschutzplane 30973 Silber NEU
4011558327507,SKU-2690684566,HU 720/3 x,,"MANN-FILTER Ölfilter HU 720/3 x für Motoren & Motorenteile, Neu, Made in Germany"
3306437248600,SKU-3086033338,573602J,,JURID Bremsbelagsatz 573602J Vorne 114.6mm NEU
0968149516786,SKU-4541440236,A11,,"LEQISMART E-Scooter A11 für ShenZhen LEQI Intelligent Technology Co., Ltd. NEU"
4064700023765,SKU-4607569519,04057410,,SONAX Scheinwerfer AufbereitungsSet 04057410 NEU Klare Sicht Sicherheit
,SKU-4846525236,,,QinnFSIYANG Elektroroller F6 Pink NEU
4260613494504,SKU-4930006198,TVPS-006,,tillvex Poolschlauch TVPS-006 8m 38mm Blau NEU
,SKU-5462953053,,,"IPOZON Stunt-Scooter passgenau für FOOT NEU Lila, Schwarz maximale Kontrolle"
,SKU-6346907299,H5100,,GoveeLife Smart Thermo-Hygrometer H5100 NEU Weiß Kunststoff präzises Raumklima
,SKU-8605082485,SKU-8605082485,,Aqua Marina SUP Board Unisex Grün PVC NEU SKU-8605082485 Breeze Gr. 76 cm
5900495862228,SKU-8747609895,,,QKIDS Tretroller Pink NEU
4053757472206,SKU-8843412443,,,ONVAYA Verkehrsspiegel 31.2cm Schwarz NEU
9001778309747,SKU-9142845763,30974,,WALSER Hagelschutzplane 30974 Grau Silber Orange NEU
,SKU-9820031170,931,,"YOLEO Kinderroller 931 NEU Schwarz LED-Räder, Höhenverstellbarer Lenker"
,SKU-9968230318,HKDB02,,HOLA KIT Reifenreparaturset HKDB02 Schwarz Grün NEU
4251249417357,SKU-9979752242,1735,,CCLIFE Lambdasonden-Steckschlüssel-Satz 1735 22mm NEU
,SKU-5748131128,001771200,,FRANKBERG Querlenkersatz 001771200 NEU
,SKU-0716100821,A154956/202401/03705,,SOMAN Integralhelm A154956/202401/03705 Unisex Gr. S Pink Schwarz Lila NEU
,SKU-6854747447,220653541150,,Vinz Jethelm 220653541150 Unisex Gr.xS Schwarz NEU
4027816262596,SKU-9297459968,26259,"204 866 02 21, A2048660221",febi bilstein Waschwasserpumpe 26259 für Mercedes-Benz (OE 2048660221)